name,wikipedia_url,wikidata_id,birth_date,death_date,cause_of_death,manner_of_death,age_status,minimum_lifespan_days,maximum_lifespan_days,possible_age_range,occupations,wikipedia_cause_of_death,wikipedia_cause_of_death_qids,wikipedia_manner_of_death,wikipedia_manner_of_death_qids,wikipedia_occupations,wikipedia_occupation_qids,wikipedia_death_review_status
Shirukduh,https://en.wikipedia.org/wiki/Shirukduh,Q4524293,-1799,-1771,,,possible,9863,10591,"27 years, 1 day to 28 years, 364 days",,,,,,,,
Duke Dao of Jin,https://en.wikipedia.org/wiki/Duke_Dao_of_Jin,Q985696,-0585,-0557,,,possible,9863,10591,"27 years, 1 day to 28 years, 364 days",,,,,,,,
Duke Jian of Qin,https://en.wikipedia.org/wiki/Duke_Jian_of_Qin,Q553753,-0427,-0399,,,possible,9863,10591,"27 years, 1 day to 28 years, 364 days",,,,,,,,
Apollocrates,https://en.wikipedia.org/wiki/Apollocrates,Q350099,-0374,-0346,,,possible,9863,10591,"27 years, 1 day to 28 years, 364 days",politician,,,,,,,
Dasaratha Maurya,https://en.wikipedia.org/wiki/Dasharatha_Maurya,Q538082,-0251,-0223,,,possible,9863,10591,"27 years, 1 day to 28 years, 364 days",ruler,,,,,,,
Antiochus,https://en.wikipedia.org/wiki/Antiochus_(son_of_Antiochus_III_the_Great),Q2045778,-0220,-0192,,,possible,9861,10591,"27 years, 1 day to 28 years, 365 days",monarch,,,,,,,
Sedullos,https://en.wikipedia.org/wiki/Sedullos,Q3477642,-0079,-0051,,,possible,9863,10591,"27 years, 1 day to 28 years, 364 days",war chief,,,,,,,
Arsinoe IV of Egypt,https://en.wikipedia.org/wiki/Arsinoe_IV,Q40013,-0067,-0040,,homicide,possible,9497,10226,"26 years, 1 day to 27 years, 365 days",queen regnant,,,,,,,
Attica,https://en.wikipedia.org/wiki/Attica_(wife_of_Agrippa),Q152626,-0054,-0027,,,possible,9500,10228,"26 years, 3 days to 28 years, 1 day",,,,,,,,
Alexander,"https://en.wikipedia.org/wiki/Alexander,_son_of_Herod",Q2525263,-0034,-0006,,,possible,9863,10591,"27 years, 1 day to 28 years, 364 days",aristocrat,,,,,,,
Messalina,https://en.wikipedia.org/wiki/Messalina,Q229871,0020,0048,decapitation,capital punishment,possible,9862,10592,"27 years, 1 day to 28 years, 365 days",politician,,,,,,,
Persius,https://en.wikipedia.org/wiki/Persius,Q332785,0034-12-02,0062-11-22,,,confirmed,10217,10217,"27 years, 355 days",philosopher; poet; writer,,,,,,,
Scorpus,https://en.wikipedia.org/wiki/Scorpus,Q7435425,0068,0095,,,possible,9497,10226,"26 years, 1 day to 27 years, 364 days",auriga,,,,,,,
Liu Qing,https://en.wikipedia.org/wiki/Liu_Qing_(prince),Q711657,0078,0106,,,possible,9863,10591,"27 years, 1 day to 28 years, 364 days",,,,,,,,
Bruttia Crispina,https://en.wikipedia.org/wiki/Bruttia_Crispina,Q233578,0164,0191,,capital punishment,possible,9497,10226,"26 years, 1 day to 27 years, 364 days",consort,,,,,,,
Sun Chen,https://en.wikipedia.org/wiki/Sun_Chen,Q1207638,0232,0259-01-18,decapitation,capital punishment,possible,9514,9879,"26 years, 18 days to 27 years, 17 days",politician,,,,,,,
Sima Yun,https://en.wikipedia.org/wiki/Sima_Yun,Q10916600,0272,0300,,,possible,9862,10591,"27 years, 1 day to 28 years, 364 days",,,,,,,,
Saint George,https://en.wikipedia.org/wiki/Saint_George,Q48438,0275,0303-04-24,decapitation,capital punishment,possible,9976,10340,"27 years, 114 days to 28 years, 113 days",dragonslayer; thaumaturge; warrior,,,,,,,
Sima Ai,https://en.wikipedia.org/wiki/Sima_Ai,Q3276223,0277,0304,death by burning,capital punishment,possible,9497,10226,"26 years, 1 day to 27 years, 365 days",military leader,,,,,,,
Sima Ying,https://en.wikipedia.org/wiki/Sima_Ying,Q985721,0279,0306-10,,capital punishment; suicide,possible,9771,10165,"26 years, 274 days to 27 years, 303 days",politician,,,,,,,
Murong Chong,https://en.wikipedia.org/wiki/Murong_Chong,Q1074358,0359,0386,,,possible,9499,10227,"26 years, 2 days to 28 years, 0 days",military leader,,,,,,,
Consort Chen Guinü,https://en.wikipedia.org/wiki/Chen_Guin%C3%BC,Q1054232,0362,0390,,,possible,9862,10590,"27 years, 0 days to 28 years, 363 days",,,,,,,,
Neoterius,https://en.wikipedia.org/wiki/Neoterius,Q953290,0365,0393,,,possible,9863,10591,"27 years, 1 day to 28 years, 364 days",politician,,,,,,,
Murong Sheng,https://en.wikipedia.org/wiki/Murong_Sheng,Q1078573,0373,0401,,,possible,9863,10591,"27 years, 1 day to 28 years, 364 days",monarch,,,,,,,
Empress Wang Shen'ai,https://en.wikipedia.org/wiki/Wang_Shen%27ai,Q2194004,0384,0412,,,possible,9862,10592,"27 years, 1 day to 28 years, 365 days",calligrapher,,,,,,,
Liu Shao,https://en.wikipedia.org/wiki/Liu_Shao_(Liu_Song),Q717895,0426,0453,,capital punishment,possible,9498,10226,"26 years, 1 day to 27 years, 364 days",,,,,,,,
Gao Cheng,https://en.wikipedia.org/wiki/Gao_Cheng,Q712573,0521,0549,,homicide,possible,9863,10591,"27 years, 1 day to 28 years, 364 days",military personnel,,,,,,,
Xiao Daqi,https://en.wikipedia.org/wiki/Xiao_Daqi,Q1080118,0524,0551,,,possible,9497,10226,"26 years, 1 day to 27 years, 364 days",politician,,,,,,,
Aurelianus of Arles,https://en.wikipedia.org/wiki/Aurelianus_of_Arles,Q2263241,0523,0551-06-16,,,possible,10029,10393,"27 years, 167 days to 28 years, 166 days",Catholic priest; writer,,,,,,,
Emperor Xiaojing of Eastern Wei,https://en.wikipedia.org/wiki/Emperor_Xiaojing_of_Eastern_Wei,Q1149239,0524,0552,,homicide,possible,9862,10592,"27 years, 1 day to 28 years, 365 days",,,,,,,,
Consort Chen,https://en.wikipedia.org/wiki/Consort_Chen_(Sui_dynasty),Q698584,0577,0605,,,possible,9863,10591,"27 years, 1 day to 28 years, 364 days",,,,,,,,
Dagobert I,https://en.wikipedia.org/wiki/Dagobert_I,Q109860,0611,0639-01-19; 0639-01-22,,natural causes,possible,9878,10248,"27 years, 16 days to 28 years, 21 days",monarch,,,,,,,
Muhammad ibn Abi Bakr,https://en.wikipedia.org/wiki/Muhammad_ibn_Abi_Bakr,Q1112754,0631,0658,killing,homicide,possible,9498,10226,"26 years, 1 day to 27 years, 364 days",military leader; wali,,,,,,,
Princess Xincheng,https://en.wikipedia.org/wiki/Princess_Xincheng,Q4310113,0634,0662,,,possible,9863,10591,"27 years, 1 day to 28 years, 364 days",,,,,,,,
Dagobert II,https://en.wikipedia.org/wiki/Dagobert_II,Q316874,0652,0679-12-26,,,possible,9856,10221,"26 years, 360 days to 27 years, 359 days",monarch,,,,,,,
Prince Kusakabe,https://en.wikipedia.org/wiki/Prince_Kusakabe,Q1046438,0662,0689-05-10,,,possible,9627,9991,"26 years, 130 days to 27 years, 129 days",poet,,,,,,,
Yahya ibn Zayd,https://en.wikipedia.org/wiki/Yahya_ibn_Zayd,Q5954929,0715,0743,,,possible,9859,10587,"26 years, 362 days to 28 years, 360 days",imam; revolutionary,,,,,,,
Khurshid of Tabaristan,https://en.wikipedia.org/wiki/Khurshid_of_Tabaristan,Q3612968,0734,0761,intoxication,suicide,possible,9498,10226,"26 years, 1 day to 27 years, 364 days",regent,,,,,,,
Li Miao,https://en.wikipedia.org/wiki/Li_Miao_(Tang_dynasty),Q11098154,0746,0773-06-11,,,possible,9659,10023,"26 years, 162 days to 27 years, 161 days",military personnel,,,,,,,
Konstantinos VI,https://en.wikipedia.org/wiki/Constantine_VI,Q41661,0771-01-18,0798,,,possible,9845,10209,"26 years, 348 days to 27 years, 347 days",politician,,,,,,,
Li Shigu,https://en.wikipedia.org/wiki/Li_Shigu,Q370805,0778,0806,,,possible,9863,10591,"27 years, 1 day to 28 years, 364 days",military personnel,,,,,,,
Nagabhata II,https://en.wikipedia.org/wiki/Nagabhata_II,Q6958310,0805,0833,,,possible,9863,10591,"27 years, 1 day to 28 years, 364 days",king,,,,,,,
Muhammad al-Taqi,https://en.wikipedia.org/wiki/Muhammad_al-Taqi,Q4119345,0813,0840,,,possible,9497,10226,"26 years, 1 day to 27 years, 365 days",,,,,,,,
Li Rong,https://en.wikipedia.org/wiki/Li_Rong_(prince),Q6539037,0812,0840-02-12,,capital punishment; suicide,possible,9904,10269,"27 years, 43 days to 28 years, 42 days",politician,,,,,,,
Hildegard,https://en.wikipedia.org/wiki/Hildegard_(abbess_of_Fraum%C3%BCnster),Q15630826,0828,0856-12-23,,,possible,10219,10584,"27 years, 358 days to 28 years, 357 days",abbess; Christian nun,,,,,,,
Abu Ibrahim Ahmad,https://en.wikipedia.org/wiki/Abu_Ibrahim_Ahmad_ibn_Muhammad,Q324776,0836; 0837,0864-01-01,,,possible,9497,10227,"26 years, 1 day to 28 years, 0 days",,,,,,,,
Wenilo,https://en.wikipedia.org/wiki/Wenilo_(archbishop_of_Sens),Q15427563,0837,0865-05-07,,,possible,9993,10357,"27 years, 131 days to 28 years, 130 days",cleric,,,,,,,
Qarin I,https://en.wikipedia.org/wiki/Qarin_I,Q11929664,0839,0867,,,possible,9859,10587,"26 years, 362 days to 28 years, 360 days",monarch; spahbed,,,,,,,
Michael III,https://en.wikipedia.org/wiki/Michael_III,Q41622,0840-01-13,0867-09-25,,,confirmed,10113,10113,"27 years, 251 days",emperor,,,,,,,
Edmund the Martyr,https://en.wikipedia.org/wiki/Edmund_the_Martyr,Q381815,0841,0869-11-24,,,possible,10190,10554,"27 years, 328 days to 28 years, 327 days",sovereign,,,,,,,
Saint Mary the Younger,https://en.wikipedia.org/wiki/Mary_the_Younger,Q28857970,0875,0902,,,possible,9497,10225,"26 years, 1 day to 27 years, 364 days",,,,,,,,
Wang Yan,https://en.wikipedia.org/wiki/Wang_Zongyan,Q1129329,0899-08-31,0926,,homicide,possible,9619,9983,"26 years, 123 days to 27 years, 122 days",poet,,,,,,,
Lothar I. von Walbeck,"https://en.wikipedia.org/wiki/Lothar_I,_Count_of_Walbeck",Q4267368,0902,0929-09-09,,death in battle,possible,9754,10118,"26 years, 257 days to 27 years, 256 days",military personnel,,,,,,,
Ma Xiguang,https://en.wikipedia.org/wiki/Ma_Xiguang,Q11667962,0922,0950,,capital punishment,possible,9863,10591,"27 years, 1 day to 28 years, 364 days",politician,,,,,,,
"Liudolf, Duke of Swabia","https://en.wikipedia.org/wiki/Liudolf,_Duke_of_Swabia",Q504535,0930,0957-09-06; 0957-09-11,disease,natural causes,possible,9741,10115,"26 years, 244 days to 27 years, 253 days",aristocrat,,,,,,,
John XII,https://en.wikipedia.org/wiki/Pope_John_XII,Q172933,0937,0964-05-19,stroke,homicide,possible,9636,10000,"26 years, 140 days to 27 years, 139 days",Catholic priest; ruler; writer,,,,,,,
Queen Zhou the Elder,https://en.wikipedia.org/wiki/Queen_Zhou_the_Elder,Q8262958,0936,0964-12-08,,,possible,10204,10569,"27 years, 343 days to 28 years, 342 days",consort,,,,,,,
Krishna III(kannara deva),https://en.wikipedia.org/wiki/Krishna_III,Q3536697,0939,0967,,,possible,9863,10591,"27 years, 1 day to 28 years, 364 days",,,,,,,,
Zhao Dezhao,https://en.wikipedia.org/wiki/Zhao_Dezhao,Q8070521,0951,0979,,,possible,9863,10591,"27 years, 1 day to 28 years, 364 days",military personnel,,,,,,,
"Otto I, Duke of Swabia and Bavaria",https://en.wikipedia.org/wiki/Otto_I_of_Swabia_and_Bavaria,Q704896,0954,0982-11-05,,death in battle,possible,10171,10535,"27 years, 309 days to 28 years, 308 days",sovereign,,,,,,,
Otto II,"https://en.wikipedia.org/wiki/Otto_II,_Holy_Roman_Emperor",Q150512,0955,0983-12-07,malaria,natural causes,possible,10198,10562,"27 years, 336 days to 28 years, 335 days",emperor; writer,,,,,,,
Vigrahapala II,https://en.wikipedia.org/wiki/Vigrahapala_II,Q7929013,0960,0988,,,possible,9862,10592,"27 years, 1 day to 28 years, 365 days",king,,,,,,,
Gregory V,https://en.wikipedia.org/wiki/Pope_Gregory_V,Q58571,0972,0999-02-28,malaria,natural causes,possible,9555,9920,"26 years, 59 days to 27 years, 58 days",Catholic priest; writer,,,,,,,
Dinh Phe De,https://en.wikipedia.org/wiki/%C4%90inh_Ph%E1%BA%BF_%C4%90%E1%BA%BF,Q1210389,0974,1001,,,possible,9498,10226,"26 years, 1 day to 27 years, 364 days",monarch,,,,,,,
Sasaki Nariyori,https://en.wikipedia.org/wiki/Sasaki_Nariyori,Q11564102,0976,1003-09-11,,,possible,9750,10115,"26 years, 254 days to 27 years, 253 days",samurai,,,,,,,
Katun Anastazya of Bulgaria,https://en.wikipedia.org/wiki/Katun_Anastazya_of_Bulgaria,Q6378432,0987,1014-10-06,,,possible,9775,10139,"26 years, 279 days to 27 years, 278 days",,,,,,,,
Qawam al-Dawla,https://en.wikipedia.org/wiki/Qawam_al-Dawla,Q373497,1000,1028,,,possible,9862,10592,"27 years, 1 day to 28 years, 365 days",,,,,,,,
Go-Ichijō,https://en.wikipedia.org/wiki/Emperor_Go-Ichij%C5%8D,Q374087,1008-10-18,1036-05-21,diabetes,natural causes,confirmed,10077,10077,"27 years, 216 days",emperor,,,,,,,
Odo of Gascony,https://en.wikipedia.org/wiki/Odo_of_Gascony,Q264821,1012,1039-03-10,,death in battle,possible,9559,9924,"26 years, 63 days to 27 years, 62 days",aristocrat,,,,,,,
Michael V Kalaphates,https://en.wikipedia.org/wiki/Michael_V_Kalaphates,Q41838,1015,1042-08-30,,,possible,9745,10109,"26 years, 248 days to 27 years, 247 days",monarch,,,,,,,
Jayasimha II,https://en.wikipedia.org/wiki/Jayasimha_II_(Western_Chalukya_dynasty),Q6167670,1015,1043,,,possible,9857,10585,"26 years, 360 days to 28 years, 358 days",,,,,,,,
Gonzalo of Sobrarbe and Ribagorza,https://en.wikipedia.org/wiki/Gonzalo_of_Sobrarbe_and_Ribagorza,Q2112429,1017,1045-06-26,,homicide,possible,10033,10397,"27 years, 171 days to 28 years, 170 days",ruler,,,,,,,
Jeongjong,"https://en.wikipedia.org/wiki/Jeongjong,_10th_monarch_of_Goryeo",Q494135,1018-09-06,1046-06-30,disease,natural causes,confirmed,10159,10159,"27 years, 297 days",,,,,,,,
Ermígio Viegas I de Ribadouro,https://en.wikipedia.org/wiki/Erm%C3%ADgio_Viegas_I_of_Ribadouro,Q10273987,1020,1047,,,possible,9497,10226,"26 years, 1 day to 27 years, 364 days",,,,,,,,
Lulach,https://en.wikipedia.org/wiki/Lulach,Q117633,1030,1058-03-17; 1058-03-23,,,possible,9932,10308,"27 years, 70 days to 28 years, 81 days",politician,,,,,,,
Áurea of San Millán,https://en.wikipedia.org/wiki/%C3%81urea_of_San_Mill%C3%A1n,Q3822057,1043,1070-03-17,,,possible,9579,9943,"26 years, 82 days to 27 years, 81 days",nun,,,,,,,
Usaukpan,https://en.wikipedia.org/wiki/Usaukpan_(Sawlu),Q23620275,1050,1077,,,possible,9498,10226,"26 years, 1 day to 27 years, 364 days",,,,,,,,
Roman Svyatoslavich,https://en.wikipedia.org/wiki/Roman_Svyatoslavich,Q4397041,1052,1079-10-02,,,possible,9771,10136,"26 years, 275 days to 27 years, 274 days",monarch,,,,,,,
Richard of Normandy,https://en.wikipedia.org/wiki/Richard_(son_of_William_the_Conqueror),Q3498141,1054,1081,,accidental death,possible,9504,10232,"26 years, 7 days to 28 years, 5 days",,,,,,,,
Fujiwara no Kenshi,https://en.wikipedia.org/wiki/Fujiwara_no_Kenshi_(1057%E2%80%931084),Q5507520,1057,1084-10-30,,,possible,9800,10164,"26 years, 304 days to 27 years, 303 days",empress consort,,,,,,,
Eremburga of Mortain,https://en.wikipedia.org/wiki/Eremburga_of_Mortain,Q3731296,1060,1088,,,possible,9862,10592,"27 years, 1 day to 28 years, 365 days",countess,,,,,,,
"Odo III, Count of Champagne",https://en.wikipedia.org/wiki/Odo_V,Q372118,1065,1093,,,possible,9863,10591,"27 years, 1 day to 28 years, 364 days",aristocrat,,,,,,,
"William I, Count of Cerdanya",https://en.wikipedia.org/wiki/William_I_of_Cerdanya,Q6746565,1068,1095,,,possible,9497,10226,"26 years, 1 day to 27 years, 364 days",,,,,,,,
Haakon Magnusson of Norway,https://en.wikipedia.org/wiki/Haakon_Toresfostre,Q1752172,1068,1095-02,,,possible,9534,9926,"26 years, 38 days to 27 years, 64 days",king,,,,,,,
Six Monkey War Quechquemitl,https://en.wikipedia.org/wiki/Six_Monkey_War_Quechquemitl,Q112130689,1073,1101,,,possible,9863,10591,"27 years, 1 day to 28 years, 364 days",politician,,,,,,,
Conrad II of Italy,https://en.wikipedia.org/wiki/Conrad_II_of_Italy,Q455181,1074-02-12,1101-07-27,,,confirmed,10026,10026,"27 years, 165 days",monarch,,,,,,,
Alberic II de Mello,https://en.wikipedia.org/wiki/Alberic_I_of_Dammartin,Q2830862,1075,1103,,,possible,9862,10590,"27 years, 1 day to 28 years, 364 days",,,,,,,,
Mansur ibn Nasir,https://en.wikipedia.org/wiki/Al-Mansur_ibn_al-Nasir,Q294285,1077,1105-01,,,possible,9863,10257,"27 years, 1 day to 28 years, 30 days",Amir,,,,,,,
Richard II of Capua,https://en.wikipedia.org/wiki/Richard_II_of_Capua,Q1095074,1078,1105; 1106,,,possible,9498,10591,"26 years, 1 day to 28 years, 364 days",military personnel,,,,,,,
Kilij Arslan I,https://en.wikipedia.org/wiki/Kilij_Arslan_I,Q345544,1079,1107; 1107-06,drowning,,possible,9862,10590,"27 years, 1 day to 28 years, 364 days",politician,,,,,,,
"Richard d'Avranches, 2nd Earl of Chester","https://en.wikipedia.org/wiki/Richard_d%27Avranches,_2nd_Earl_of_Chester",Q115248,1093,1120-12-02,,,possible,9833,10197,"26 years, 337 days to 27 years, 336 days",feudatory,,,,,,,
Aenor de Châtellerault,https://en.wikipedia.org/wiki/A%C3%A9nor_de_Ch%C3%A2tellerault,Q507801,1103,1130-03,,,possible,9564,9958,"26 years, 67 days to 27 years, 96 days",aristocrat,,,,,,,
Mahmud II of Great Seljuq,https://en.wikipedia.org/wiki/Mahmud_II_(Seljuk_sultan),Q1658770,1104,1131-09-10,,,possible,9742,10107,"26 years, 246 days to 27 years, 245 days",politician,,,,,,,
Hugh II of Jaffa,https://en.wikipedia.org/wiki/Hugh_II_of_Jaffa,Q1635226,1106,1134,,homicide,possible,9863,10591,"27 years, 1 day to 28 years, 364 days",,,,,,,,
Magnus I of Sweden,https://en.wikipedia.org/wiki/Magnus_the_Strong,Q347954,1106,1134-06-04,,,possible,10017,10381,"27 years, 155 days to 28 years, 154 days",monarch,,,,,,,
"William, Count of Weimar-Orlamünde",https://en.wikipedia.org/wiki/Wilhelm_von_Ballenstedt,Q2285815,1112,1140-02-13,,,possible,9905,10270,"27 years, 44 days to 28 years, 43 days",aristocrat,,,,,,,
Richardis von Stade,https://en.wikipedia.org/wiki/Richardis_von_Stade,Q107067323,1124; 1125,1152,,,possible,9497,10592,"26 years, 1 day to 28 years, 365 days",nun,,,,,,,
Canute V of Denmark,https://en.wikipedia.org/wiki/Canute_V_of_Denmark,Q381080,1129,1157-08-16,,homicide,possible,10097,10461,"27 years, 235 days to 28 years, 234 days",politician,,,,,,,
Fujiwara no Nobuyori,https://en.wikipedia.org/wiki/Fujiwara_no_Nobuyori,Q2918443,1133,1160-02-13,decapitation,capital punishment,possible,9540,9904,"26 years, 44 days to 27 years, 43 days",samurai,,,,,,,
William FitzEmpress,https://en.wikipedia.org/wiki/William_FitzEmpress,Q14806894,1136-07-22,1164-01-30; 1164-02-06,,,confirmed,10053,10067,"27 years, 192 days to 27 years, 206 days",,,,,,,,
Reginald Fitzurse,https://en.wikipedia.org/wiki/Reginald_Fitzurse,Q1385312,1145,1173,,,possible,9863,10591,"27 years, 1 day to 28 years, 364 days",feudatory,,,,,,,
Fujiwara no Ikushi,https://en.wikipedia.org/wiki/Fujiwara_no_Ikushi,Q5507513,1146,1173-09-30,,,possible,9770,10134,"26 years, 273 days to 27 years, 272 days",empress consort,,,,,,,
Magnus V of Norway,https://en.wikipedia.org/wiki/Magnus_Erlingsson,Q350213,1156,1184-06-22,,,possible,10035,10400,"27 years, 174 days to 28 years, 173 days",king,,,,,,,
Satō Tsugunobu,https://en.wikipedia.org/wiki/Sat%C5%8D_Tsugunobu,Q11384341,1158,1185-03-22,,,possible,9578,9942,"26 years, 81 days to 27 years, 80 days",military commander,,,,,,,
Taira no Shigehira,https://en.wikipedia.org/wiki/Taira_no_Shigehira,Q710537,1157,1185-07-28,decapitation,extra-judicial killing,possible,10071,10435,"27 years, 209 days to 28 years, 208 days",samurai,,,,,,,
Geoffrey II,https://en.wikipedia.org/wiki/Geoffrey_II_of_Brittany,Q314550,1158-09-30,1186-08-26,horse fall,accidental death,confirmed,10192,10192,"27 years, 330 days",aristocrat,,,,,,,
"Baldwin de Redvers, 3rd Earl of Devon","https://en.wikipedia.org/wiki/Baldwin_de_Redvers,_3rd_Earl_of_Devon",Q804869,1160,1188,,,possible,9862,10592,"27 years, 1 day to 28 years, 365 days",aristocrat,,,,,,,
Al-Aziz Uthman,https://en.wikipedia.org/wiki/Al-Aziz_Uthman,Q249058,1171,1198-12-06,hunting accident,accidental death,possible,9837,10201,"26 years, 340 days to 27 years, 339 days",politician; ruler,,,,,,,
Agnes of Hohenstaufen,https://en.wikipedia.org/wiki/Agnes_of_Hohenstaufen,Q119918,1176,1204-05-09; 1204-05-14,,,possible,9991,10368,"27 years, 130 days to 28 years, 141 days",consort,,,,,,,
Hemanta Sena,https://en.wikipedia.org/wiki/Hemanta_Sena,Q12460830,1179,1206,,,possible,9498,10226,"26 years, 1 day to 27 years, 364 days",,,,,,,,
Irene Angelina,https://en.wikipedia.org/wiki/Irene_Angelina,Q119431,1180; 1181,1208-09-03,puerperal disorders,natural causes,possible,9743,10480,"26 years, 247 days to 28 years, 253 days",queen regnant,,,,,,,
Jean de Haute-Seille,https://en.wikipedia.org/wiki/John_of_Alta_Silva,Q54834395,1184,1212,,,possible,9862,10592,"27 years, 1 day to 28 years, 365 days",monk; writer,,,,,,,
David I of Trebizond,https://en.wikipedia.org/wiki/David_Komnenos,Q447439,1184,1212-12-13,,,possible,10209,10574,"27 years, 348 days to 28 years, 347 days",sovereign,,,,,,,
Gertrude of Merania,https://en.wikipedia.org/wiki/Gertrude_of_Merania,Q61491,1185-10-01,1213-09-08; 1213-10-05,,homicide,possible,10197,10231,"27 years, 335 days to 28 years, 4 days",queen,,,,,,,
Helvis of Lusignan,https://en.wikipedia.org/wiki/Helvis_of_Cyprus,Q3129996,1190,1218,,,possible,9863,10591,"27 years, 1 day to 28 years, 364 days",,,,,,,,
"Theobald VI, Count of Blois",https://en.wikipedia.org/wiki/Theobald_VI_of_Blois,Q1340184,1190,1218-04,leprosy,natural causes,possible,9953,10346,"27 years, 91 days to 28 years, 119 days",aristocrat,,,,,,,
Zhao Xun,https://en.wikipedia.org/wiki/Zhao_Xun_(Song_dynasty),Q16904375,1192,1220-09-11,,,possible,10116,10481,"27 years, 255 days to 28 years, 254 days",,,,,,,,
Albertet,https://en.wikipedia.org/wiki/Albertet_de_Sestaro,Q1771493,1194,1221,,,possible,9505,10233,"26 years, 8 days to 28 years, 6 days",composer; poet; troubadour,,,,,,,
Robert of Courtenay,https://en.wikipedia.org/wiki/Robert_of_Courtenay,Q365620,1201,1228-01,,,possible,9497,9891,"26 years, 1 day to 27 years, 30 days",ruler,,,,,,,
Al-Mas'ud Yusuf,https://en.wikipedia.org/wiki/Al-Mas%27ud_Yusuf,Q39859842,1201,1229,,,possible,9863,10591,"27 years, 1 day to 28 years, 364 days",ruler,,,,,,,
Hōjō Tokiuji,https://en.wikipedia.org/wiki/H%C5%8Dj%C5%8D_Tokiuji,Q3076539,1203,1230-08-05,,,possible,9714,10078,"26 years, 217 days to 27 years, 216 days",bushi,,,,,,,
Joan of England,"https://en.wikipedia.org/wiki/Joan_of_England,_Queen_of_Scotland",Q242287,1210-07-29,1238-03-11,,,confirmed,10087,10087,"27 years, 225 days",,,,,,,,
Frederick of Pettorano,https://en.wikipedia.org/wiki/Frederick_of_Pettorano,Q21003752,1213,1240,,,possible,9497,10226,"26 years, 1 day to 27 years, 365 days",,,,,,,,
Isabella of England,https://en.wikipedia.org/wiki/Isabella_of_England,Q237858,1214,1241-12-08,puerperal disorders,natural causes,possible,9839,10203,"26 years, 342 days to 27 years, 341 days",queen,,,,,,,
"Infante Fernando, Lord of Serpa","https://en.wikipedia.org/wiki/Fernando,_Lord_of_Serpa",Q3068701,1218,1246-01-26,,,possible,9888,10252,"27 years, 26 days to 28 years, 25 days",,,,,,,,
Umiliana de' Cerchi,https://en.wikipedia.org/wiki/Umiliana_de%27_Cerchi,Q4003536,1219,1246-05-19,,,possible,9636,10000,"26 years, 139 days to 27 years, 138 days",Christian nun; religious,,,,,,,
Al-Adil II,https://en.wikipedia.org/wiki/Al-Adil_II,Q294314,1221,1248-02-16,,,possible,9543,9907,"26 years, 47 days to 27 years, 46 days",politician; ruler,,,,,,,
"William II, Count of Flanders",https://en.wikipedia.org/wiki/William_II_of_Flanders,Q28530,1224,1251-06-13,,homicide,possible,9660,10025,"26 years, 164 days to 27 years, 163 days",aristocrat; politician,,,,,,,
William II of Holland,https://en.wikipedia.org/wiki/William_II_of_Holland,Q77255,1228-02; 1228-07-26,1256-01-28; 1256-02-04,,death in battle,possible,10040,10237,"27 years, 179 days to 28 years, 10 days",aristocrat,,,,,,,
"Alice de Lusignan, Countess of Surrey","https://en.wikipedia.org/wiki/Alice_de_Lusignan,_Countess_of_Surrey",Q4726170,1229,1256-02-16,,,possible,9543,9907,"26 years, 47 days to 27 years, 46 days",,,,,,,,
Rukn al-Din Khurshah,https://en.wikipedia.org/wiki/Rukn_al-Din_Khurshah,Q404123,1230,1257,killing,homicide,possible,9498,10226,"26 years, 1 day to 27 years, 364 days",governor; imam,,,,,,,
"Edmund de Lacy, Baron of Pontefract","https://en.wikipedia.org/wiki/Edmund_de_Lacy,_Baron_of_Pontefract",Q5339948,1230,1257; 1258,,,possible,9505,10591,"26 years, 8 days to 28 years, 364 days",aristocrat,,,,,,,
Sancho of Castile,https://en.wikipedia.org/wiki/Sancho_of_Castile_(bishop),Q3948085,1233,1261-11-03,,,possible,10169,10533,"27 years, 307 days to 28 years, 306 days",Catholic priest,,,,,,,
"Christina of Norway, Infanta of Castile","https://en.wikipedia.org/wiki/Christina_of_Norway,_Infanta_of_Castile",Q1796659,1234,1262,,,possible,9863,10591,"27 years, 1 day to 28 years, 364 days",,,,,,,,
"Álvaro, Count of Urgell","https://en.wikipedia.org/wiki/%C3%81lvaro,_Count_of_Urgell",Q6745899,1239-03,1267,,,possible,10131,10525,"27 years, 269 days to 28 years, 298 days",,,,,,,,
Margaret of Hungary,https://en.wikipedia.org/wiki/Margaret_of_Hungary_(saint),Q232031,1242-02-03,1270-01-25,,,confirmed,10218,10218,"27 years, 356 days",religious sister,,,,,,,
Fujiwara no Saneko,https://en.wikipedia.org/wiki/Fujiwara_no_Saneko,Q10380962,1245,1272-09-09,,,possible,9749,10113,"26 years, 253 days to 27 years, 252 days",empress consort,,,,,,,
"Abel, Lord of Langeland","https://en.wikipedia.org/wiki/Abel,_Lord_of_Langeland",Q4666520,1252,1279-04-09,,,possible,9595,9960,"26 years, 99 days to 27 years, 98 days",,,,,,,,
Hedwig of Habsburg,https://en.wikipedia.org/wiki/Hedwig_of_Habsburg,Q2506140,1257,1285,,,possible,9863,10591,"27 years, 1 day to 28 years, 364 days",royalty,,,,,,,
Ladislaus IV of Hungary,https://en.wikipedia.org/wiki/Ladislaus_IV_of_Hungary,Q156147,1262-08-12,1290-07-17,,,confirmed,10201,10201,"27 years, 339 days",monarch; politician,,,,,,,
Darmabala,https://en.wikipedia.org/wiki/Darmabala,Q846141,1264-07-06,1292-06-01,,homicide,confirmed,10192,10192,"27 years, 331 days",politician,,,,,,,
Jaromar,https://en.wikipedia.org/wiki/Jaromar_(bishop),Q538799,1267,1294,,,possible,9498,10226,"26 years, 1 day to 27 years, 364 days",Catholic bishop; Catholic priest,,,,,,,
"Louis III, Duke of Bavaria","https://en.wikipedia.org/wiki/Louis_III,_Duke_of_Bavaria",Q64326,1269-02-16,1296-05-20,,,confirmed,9955,9955,"27 years, 94 days",aristocrat,,,,,,,
Thoros III,https://en.wikipedia.org/wiki/Thoros_III,Q888141,1270; 1271,1298-07-30,,homicide,possible,9708,10437,"26 years, 211 days to 28 years, 210 days",sovereign,,,,,,,
Nijō Tamemichi,https://en.wikipedia.org/wiki/Nij%C5%8D_Tamemichi,Q42656570,1271,1299-06-11,,,possible,10031,10395,"27 years, 169 days to 28 years, 168 days",poet,,,,,,,
"Margaret, Countess of Anjou","https://en.wikipedia.org/wiki/Margaret,_Countess_of_Anjou",Q241350,1273,1300-01-07,,,possible,9510,9874,"26 years, 14 days to 27 years, 13 days",aristocrat,,,,,,,
Guy of Lusignan,https://en.wikipedia.org/wiki/Guy_(son_of_Hugh_III_of_Cyprus),Q1553738,1275,1303,,,possible,9855,10583,"26 years, 358 days to 28 years, 356 days",,,,,,,,
Ichijō Uchisane,https://en.wikipedia.org/wiki/Ichij%C5%8D_Uchisane,Q3147662,1276,1304-01-21,,,possible,9882,10247,"27 years, 21 days to 28 years, 20 days",kugyō,,,,,,,
Bartolomeo I della Scala,https://en.wikipedia.org/wiki/Bartolomeo_I_della_Scala,Q733418,1277,1304-03-07,,,possible,9555,9919,"26 years, 59 days to 27 years, 58 days",condottiero,,,,,,,
"Blanche of France, Duchess of Austria","https://en.wikipedia.org/wiki/Blanche_of_France,_Duchess_of_Austria",Q455035,1278,1305-03-01,,,possible,9556,9920,"26 years, 60 days to 27 years, 59 days",aristocrat,,,,,,,
Christopher Seton,https://en.wikipedia.org/wiki/Christopher_Seton,Q5113219,1278,1306,,,possible,9862,10590,"27 years, 1 day to 28 years, 364 days",,,,,,,,
Nigel de Brus,https://en.wikipedia.org/wiki/Neil_de_Brus,Q7032743,1279,1306-09,"hanged, drawn, quartered and decapitated",capital punishment,possible,9740,10133,"26 years, 244 days to 27 years, 272 days",,,,,,,,
"Albert III, Duke of Saxe-Lauenburg",https://en.wikipedia.org/wiki/Albert_III_of_Saxe-Lauenburg,Q2084639,1281,1308,,,possible,9496,10225,"26 years, 1 day to 27 years, 365 days",aristocrat,,,,,,,
Blanche of Anjou,https://en.wikipedia.org/wiki/Blanche_of_Anjou,Q167180,1283,1310-10-21,puerperal disorders,natural causes,possible,9791,10155,"26 years, 294 days to 27 years, 293 days",politician,,,,,,,
Abu-l-Baqà Khàlid,https://en.wikipedia.org/wiki/Abu-l-Baqa_Khalid_An-Nasr,Q11903928,1283,1311,,,possible,9863,10591,"27 years, 1 day to 28 years, 364 days",,,,,,,,
Alboino I della Scala,https://en.wikipedia.org/wiki/Alboino_I_della_Scala,Q322127,1284,1311-12-07,,,possible,9844,10209,"26 years, 349 days to 27 years, 348 days",condottiero,,,,,,,
"Piers Gaveston, 1st Earl of Cornwall","https://en.wikipedia.org/wiki/Piers_Gaveston,_1st_Earl_of_Cornwall",Q710482,1284,1312-06-27,decapitation,homicide,possible,10047,10412,"27 years, 187 days to 28 years, 186 days",politician,,,,,,,
John de Burgh,https://en.wikipedia.org/wiki/John_de_Burgh_(died_1313),Q2739178,1286,1313-06-26,,,possible,9681,10045,"26 years, 185 days to 27 years, 184 days",,,,,,,,
"Gaston I, Count of Foix",https://en.wikipedia.org/wiki/Gaston_I_of_Foix,Q726943,1287,1315-12-21,,,possible,10217,10581,"27 years, 355 days to 28 years, 354 days",aristocrat,,,,,,,
Viola of Teschen,https://en.wikipedia.org/wiki/Viola_of_Teschen,Q438477,1290,1317-09-21,,,possible,9760,10124,"26 years, 264 days to 27 years, 263 days",queen regnant,,,,,,,
"Catherine of Austria, Duchess of Calabria","https://en.wikipedia.org/wiki/Catherine_of_Austria,_Duchess_of_Calabria",Q2025247,1295-10,1323-01-18,,,confirmed,9940,9970,"27 years, 79 days to 27 years, 109 days",aristocrat,,,,,,,
Kunga Lotro Gyaltsen,https://en.wikipedia.org/wiki/Kunga_Lotro_Gyaltsen,Q1797079,1299,1327,,,possible,9862,10590,"27 years, 1 day to 28 years, 364 days",politician; writer,,,,,,,
Henry the Friendly,https://en.wikipedia.org/wiki/Henry_the_Friendly,Q569984,1299-05-22,1327-02-03; 1327-02-11,,,confirmed,10111,10127,"27 years, 249 days to 27 years, 265 days",aristocrat,,,,,,,
Saw Yun,https://en.wikipedia.org/wiki/Saw_Yun,Q950771,1299,1327-02-05,,,possible,9897,10261,"27 years, 36 days to 28 years, 35 days",monarch,,,,,,,
Constance of Aragon,"https://en.wikipedia.org/wiki/Constance_of_Aragon,_Princess_of_Villena",Q3687650,1300-04-12,1327-10-19,,,confirmed,10043,10043,"27 years, 182 days",,,,,,,,
Teresa d'Entença,https://en.wikipedia.org/wiki/Teresa_d%27Enten%C3%A7a,Q2148686,1300,1327-10-28,puerperal disorders,natural causes,possible,9797,10162,"26 years, 301 days to 27 years, 300 days",,,,,,,,
Saw Zein,https://en.wikipedia.org/wiki/Saw_Zein,Q1116577,1303-05,1330,,,possible,9712,10106,"26 years, 215 days to 27 years, 244 days",monarch,,,,,,,
Saw E,https://en.wikipedia.org/wiki/Saw_E,Q661581,1303; 1304,1331,poison,,possible,9497,10591,"26 years, 1 day to 28 years, 364 days",monarch,,,,,,,
"Otto VI or IV, Duke of Bavaria","https://en.wikipedia.org/wiki/Otto_IV,_Duke_of_Lower_Bavaria",Q64304,1307-01-11,1334-12-22,,,confirmed,10207,10207,"27 years, 345 days",sovereign,,,,,,,
Moriyoshi-shinnō,https://en.wikipedia.org/wiki/Prince_Moriyoshi,Q2288858,1308,1335-08-20,decapitation,extra-judicial killing,possible,9728,10093,"26 years, 232 days to 27 years, 231 days",military personnel; samurai,,,,,,,
Guy of Lusignan,https://en.wikipedia.org/wiki/Guy_of_Lusignan_(died_1343),Q15927881,1316,1343,,,possible,9497,10226,"26 years, 1 day to 27 years, 364 days",,,,,,,,
Shihab ad-Din Ahmad,"https://en.wikipedia.org/wiki/Al-Nasir_Ahmad,_Sultan_of_Egypt",Q482338,1316,1344-07-24,,,possible,10067,10432,"27 years, 206 days to 28 years, 205 days",politician; ruler,,,,,,,
William II of Hainaut,https://en.wikipedia.org/wiki/William_II_of_Hainaut,Q737820,1317,1345-10-04,,death in battle,possible,10139,10503,"27 years, 277 days to 28 years, 276 days",politician,,,,,,,
"Constance of Aragon, Queen of Majorca","https://en.wikipedia.org/wiki/Constance_of_Aragon,_Queen_of_Majorca",Q774870,1318,1346,,,possible,9863,10591,"27 years, 1 day to 28 years, 364 days",consort,,,,,,,
Naddo Ceccarelli,https://en.wikipedia.org/wiki/Naddo_Ceccarelli,Q1997386,1320,1347,,,possible,9497,10226,"26 years, 1 day to 27 years, 364 days",artist; painter,,,,,,,
María Díaz II de Haro,https://en.wikipedia.org/wiki/Mar%C3%ADa_D%C3%ADaz_II_de_Haro,Q3290937,1320,1348-09-24,,,possible,10129,10494,"27 years, 268 days to 28 years, 267 days",,,,,,,,
Jeanne of Hainault,https://en.wikipedia.org/wiki/Jeanne_of_Hainault,Q2020255,1323,1350-12,plague,natural causes,possible,9832,10226,"26 years, 335 days to 27 years, 364 days",politician,,,,,,,
Alice of Norfolk,https://en.wikipedia.org/wiki/Alice_of_Norfolk,Q4726198,1324,1351-11; 1352-02-07,,,possible,9801,10272,"26 years, 305 days to 28 years, 45 days",,,,,,,,
Gradislav Borilović,https://en.wikipedia.org/wiki/Gradislav_Borilovi%C4%87,Q19901979,1325,1352,,,possible,9497,10226,"26 years, 1 day to 27 years, 365 days",,,,,,,,
Charles de La Cerda,https://en.wikipedia.org/wiki/Charles_de_la_Cerda,Q1066628,1327,1354-01-08,,homicide,possible,9505,9869,"26 years, 8 days to 27 years, 7 days",military personnel; politician,,,,,,,
Nitta Yoshioki,https://en.wikipedia.org/wiki/Nitta_Yoshioki,Q3342234,1331,1358-11-11,,,possible,9812,10176,"26 years, 315 days to 27 years, 314 days",samurai,,,,,,,
Cangrande II della Scala,https://en.wikipedia.org/wiki/Cangrande_II_della_Scala,Q704799,1332-06-16,1359-12-22,,homicide,confirmed,10050,10050,"27 years, 189 days",condottiero; politician,,,,,,,
Villana de' Botti,https://en.wikipedia.org/wiki/Villana_de%27_Botti,Q4012874,1332,1360-01-29,,,possible,9890,10255,"27 years, 29 days to 28 years, 28 days",religious,,,,,,,
María de Padilla,https://en.wikipedia.org/wiki/Mar%C3%ADa_de_Padilla,Q268050,1334,1361-07,,,possible,9687,10081,"26 years, 190 days to 27 years, 219 days",,,,,,,,
Henry of Opole,https://en.wikipedia.org/wiki/Henry_of_Opole,Q613807,1338-08-18,1365-10-23,,,confirmed,9928,9928,"27 years, 66 days",religious role,,,,,,,
Muhammad ben Yaqub,https://en.wikipedia.org/wiki/Muhammad_II_ibn_Faris,Q953268,1338,1366,,,possible,9863,10591,"27 years, 1 day to 28 years, 364 days",ruler,,,,,,,
Garci Lasso Ruiz de la Vega,https://en.wikipedia.org/wiki/Garci_Lasso_Ruiz_de_la_Vega,Q5522071,1340,1367-04-10,,,possible,9596,9961,"26 years, 100 days to 27 years, 99 days",,,,,,,,
Motouji Ashikaga,https://en.wikipedia.org/wiki/Ashikaga_Motouji,Q4306921,1340-04-10,1367-06-02,,,confirmed,9914,9914,"27 years, 53 days",samurai,,,,,,,
"John de Mowbray, 4th Baron Mowbray","https://en.wikipedia.org/wiki/John_Mowbray,_4th_Baron_Mowbray",Q6265603,1340-06-24,1368,,,possible,10052,10417,"27 years, 191 days to 28 years, 190 days",military personnel,,,,,,,
Philip II of Piedmont,https://en.wikipedia.org/wiki/Philip_II_of_Piedmont,Q3380046,1340,1368-10,drowning,,possible,10144,10539,"27 years, 283 days to 28 years, 312 days",,,,,,,,
"John Hastings, 2nd Earl of Pembroke","https://en.wikipedia.org/wiki/John_Hastings,_2nd_Earl_of_Pembroke",Q1700394,1347-09-06,1375-04-24,,,confirmed,10092,10092,"27 years, 230 days",military personnel,,,,,,,
Ali of Eretna,https://en.wikipedia.org/wiki/Ali_of_the_Eretnids,Q123263775,1353,1380,,,possible,9497,10226,"26 years, 1 day to 27 years, 365 days",,,,,,,,
Elizabeth of Slavonia,https://en.wikipedia.org/wiki/Elizabeth_of_Slavonia,Q770390,1352,1380-04-14,,,possible,9974,10339,"27 years, 113 days to 28 years, 112 days",,,,,,,,
Trần Phế Đế,https://en.wikipedia.org/wiki/Tr%E1%BA%A7n_Ph%E1%BA%BF_%C4%90%E1%BA%BF,Q716533,1361,1388,,suicide,possible,9497,10226,"26 years, 1 day to 27 years, 365 days",,,,,,,,
John Chalers,https://en.wikipedia.org/wiki/John_Chalers,Q16239277,1361,1388,,,possible,9497,10226,"26 years, 1 day to 27 years, 365 days",politician,,,,,,,
Konoe Kanetsugu,https://en.wikipedia.org/wiki/Konoe_Kanetsugu,Q3198713,1360,1388-05-10,,,possible,9992,10357,"27 years, 131 days to 28 years, 130 days",politician,,,,,,,
William Douglas of Nithsdale,https://en.wikipedia.org/wiki/William_Douglas_of_Nithsdale,Q8007952,1364,1391,,homicide,possible,9497,10226,"26 years, 1 day to 27 years, 364 days",sheriff,,,,,,,
"Thomas de Clifford, 6th Baron de Clifford","https://en.wikipedia.org/wiki/Thomas_Clifford,_6th_Baron_Clifford",Q7795466,1363,1391-10-04,,,possible,10139,10503,"27 years, 277 days to 28 years, 276 days",,,,,,,,
"William de Botreaux, 2nd Baron Botreaux","https://en.wikipedia.org/wiki/William_de_Botreaux,_2nd_Baron_Botreaux",Q8020763,1367,1395-05-25,,,possible,10007,10371,"27 years, 145 days to 28 years, 144 days",,,,,,,,
"John of Luxembourg, Lord of Beauvoir","https://en.wikipedia.org/wiki/John,_Lord_of_Beauvoir",Q479444,1370,1397,,,possible,9498,10226,"26 years, 1 day to 27 years, 364 days",politician,,,,,,,
Muhammad Sultan Mirza,https://en.wikipedia.org/wiki/Muhammad_Sultan_Mirza,Q12827827,1375,1403-03-22,,,possible,9951,10315,"27 years, 90 days to 28 years, 89 days",,,,,,,,
Harihara II,https://en.wikipedia.org/wiki/Harihara_II,Q707203,1377,1404,,,possible,9497,10226,"26 years, 1 day to 27 years, 365 days",,,,,,,,
Enrique III of Castile,https://en.wikipedia.org/wiki/Henry_III_of_Castile,Q312104,1379-10-12,1407-01-03,,,confirmed,9945,9945,"27 years, 83 days",politician,,,,,,,
Abdul Majid Hassan of Brunei,https://en.wikipedia.org/wiki/Abdul_Majid_Hassan,Q28652,1380,1408,,,possible,9862,10592,"27 years, 1 day to 28 years, 365 days",politician,,,,,,,
Anne de Bourbon,https://en.wikipedia.org/wiki/Anne_de_Bourbon,Q565914,1380,1408-09,,,possible,10105,10499,"27 years, 245 days to 28 years, 273 days",,,,,,,,
Ahmad Jalayir,https://en.wikipedia.org/wiki/Ahmad_Jalayir,Q1070476,1382,1410-08-31,strangling,,possible,10096,10460,"27 years, 234 days to 28 years, 233 days",astronomer; calligrapher; monarch; patron of the arts; poet; politician; writer,,,,,,,
Nijō Mitsumoto,https://en.wikipedia.org/wiki/Nij%C5%8D_Mitsumoto,Q3341476,1383,1411-01-30,,,possible,9892,10256,"27 years, 30 days to 28 years, 29 days",politician,,,,,,,
Khalil Sultan,https://en.wikipedia.org/wiki/Khalil_Sultan,Q1367188,1384-09-22,1411-11-13,,,confirmed,9913,9913,"27 years, 52 days",monarch,,,,,,,
Niketa Thopia,https://en.wikipedia.org/wiki/Niketa_Thopia,Q16205994,1388,1415,,,possible,9497,10226,"26 years, 1 day to 27 years, 364 days",,,,,,,,
Giolla Íosa Mór Mac Fir Bhisigh,https://en.wikipedia.org/wiki/Giolla_%C3%8Dosa_M%C3%B3r_Mac_Fir_Bhisigh,Q5563365,1390,1418,,,possible,9862,10590,"27 years, 1 day to 28 years, 364 days",genealogist; poet,,,,,,,
John Colshull,https://en.wikipedia.org/wiki/John_Colshull_(MP_died_1418),Q28155076,1391,1418-07-05,,,possible,9674,10038,"26 years, 177 days to 27 years, 176 days",politician,,,,,,,
"Richard Scrope, 3rd Baron Scrope of Bolton","https://en.wikipedia.org/wiki/Richard_Scrope,_3rd_Baron_Scrope_of_Bolton",Q27493872,1393,1420,,,possible,9496,10225,"26 years, 1 day to 27 years, 365 days",,,,,,,,
"Richard de Beauchamp, 1st Earl of Worcester","https://en.wikipedia.org/wiki/Richard_Beauchamp,_1st_Earl_of_Worcester",Q3934908,1394,1422-03-18,,,possible,9938,10302,"27 years, 77 days to 28 years, 76 days",military personnel,,,,,,,
Michelle of Valois,https://en.wikipedia.org/wiki/Michelle_of_Valois,Q269953,1395-01-19,1422-07-17,,,confirmed,10041,10041,"27 years, 179 days",,,,,,,,
Soyurghatmish ibn Shahrukh,https://en.wikipedia.org/wiki/Soyurghatmish_Mirza,Q9339169,1398,1426-10-17,,,possible,10151,10515,"27 years, 290 days to 28 years, 289 days",governor,,,,,,,
"Yolande of Aragon, Countess of Niebla","https://en.wikipedia.org/wiki/Yolande_of_Aragon,_Countess_of_Niebla",Q774848,1400,1428,,,possible,9862,10591,"27 years, 1 day to 28 years, 365 days",,,,,,,,
Shōkō,https://en.wikipedia.org/wiki/Emperor_Sh%C5%8Dk%C5%8D,Q451827,1401-05-21,1428-09-08,,,confirmed,9972,9972,"27 years, 110 days",sovereign,,,,,,,
Jacobus Vide,https://en.wikipedia.org/wiki/Jacobus_Vide,Q1345642,1405,1433,,,possible,9863,10591,"27 years, 1 day to 28 years, 364 days",composer,,,,,,,
Ocko II tom Brok,https://en.wikipedia.org/wiki/Ocko_II_tom_Brok,Q474791,1407,1435,,,possible,9863,10591,"27 years, 1 day to 28 years, 364 days",traditional leader or chief,,,,,,,
"John Fitzalan, 7th Earl of Arundel","https://en.wikipedia.org/wiki/John_Fitzalan,_7th_Earl_of_Arundel",Q3809262,1408-02-23,1435-06-21,,,confirmed,9980,9980,"27 years, 118 days",military personnel,,,,,,,
Dorothy Garai,https://en.wikipedia.org/wiki/Dorothy_Garai,Q1008129,1410,1438-09,,,possible,10097,10490,"27 years, 235 days to 28 years, 263 days",consort,,,,,,,
Kumara Vyasa,https://en.wikipedia.org/wiki/Kumara_Vyasa,Q6443521,1419,1446,,,possible,9498,10226,"26 years, 1 day to 27 years, 364 days",poet,,,,,,,
Vasily Kosoy,https://en.wikipedia.org/wiki/Vasily_Kosoy,Q1282755,1421,1448,,,possible,9497,10226,"26 years, 1 day to 27 years, 365 days",aristocrat,,,,,,,
William Aleyn,https://en.wikipedia.org/wiki/William_Aleyn,Q3568384,1420,1448,,,possible,9862,10592,"27 years, 1 day to 28 years, 365 days",pirate,,,,,,,
Agnès Sorel,https://en.wikipedia.org/wiki/Agn%C3%A8s_Sorel,Q231834,1422,1450-02-18,mercury poisoning,natural causes,possible,9920,10284,"27 years, 58 days to 28 years, 57 days",art model; lady-in-waiting; royal mistress,,,,,,,
Ivaniš Pavlović,https://en.wikipedia.org/wiki/Ivani%C5%A1_Pavlovi%C4%87,Q13085030,1423-06,1450-11,,,confirmed,9986,10044,"27 years, 124 days to 27 years, 182 days",Magnate,,,,,,,
Joachim the Younger,"https://en.wikipedia.org/wiki/Joachim,_Duke_of_Pomerania",Q6306341,1424,1451-10-13,plague,natural causes,possible,9791,10156,"26 years, 295 days to 27 years, 294 days",aristocrat,,,,,,,
"William Douglas, 8th Earl of Douglas","https://en.wikipedia.org/wiki/William_Douglas,_8th_Earl_of_Douglas",Q920299,1425,1452-03-02,,homicide,possible,9558,9922,"26 years, 62 days to 27 years, 61 days",aristocrat,,,,,,,
"Bolesław II, Duke of Cieszyn","https://en.wikipedia.org/wiki/Boles%C5%82aw_II,_Duke_of_Cieszyn",Q571457,1425,1452-10-13,,,possible,9792,10156,"26 years, 296 days to 27 years, 295 days",aristocrat,,,,,,,
"John Talbot, 1st Viscount Lisle","https://en.wikipedia.org/wiki/John_Talbot,_1st_Viscount_Lisle",Q6260178,1426,1453-07-26,,death in battle,possible,9713,10077,"26 years, 216 days to 27 years, 215 days",soldier,,,,,,,
Infanta Beatrice of Coimbra,https://en.wikipedia.org/wiki/Beatrice_of_Coimbra,Q7197259,1435,1462,,,possible,9507,10235,"26 years, 10 days to 28 years, 8 days",,,,,,,,
Shō Toku,https://en.wikipedia.org/wiki/Sh%C5%8D_Toku,Q907273,1441,1469,,,possible,9863,10591,"27 years, 1 day to 28 years, 364 days",king,,,,,,,
Helena Palaiologina,https://en.wikipedia.org/wiki/Helena_Palaiologina_(daughter_of_Demetrios),Q16863399,1442-04,1470,,,possible,10108,10501,"27 years, 246 days to 28 years, 274 days",,,,,,,,
"Thomas Talbot, 2nd Viscount Lisle","https://en.wikipedia.org/wiki/Thomas_Talbot,_2nd_Viscount_Lisle",Q7794337,1443,1470-03-20,,,possible,9576,9940,"26 years, 79 days to 27 years, 78 days",,,,,,,,
Lorenzo da Viterbo,https://en.wikipedia.org/wiki/Lorenzo_da_Viterbo,Q3259514,1444,1472,,,possible,9862,10592,"27 years, 1 day to 28 years, 365 days",painter,,,,,,,
"Marie of Savoy, Countess of Saint-Pol","https://en.wikipedia.org/wiki/Marie_of_Savoy,_Countess_of_Saint-Pol",Q3847630,1448-03-29,1475,,,possible,9774,10138,"26 years, 278 days to 27 years, 277 days",,,,,,,,
Adriana of Nassau-Siegen,https://en.wikipedia.org/wiki/Adriana_of_Nassau-Siegen,Q92199,1449-02-16,1477-01-24,,,confirmed,10204,10204,"27 years, 343 days",,,,,,,,
Antonio Maffei da Volterra,https://en.wikipedia.org/wiki/Antonio_Maffei_da_Volterra,Q3619789,1450,1478-05-03,hanging to death,,possible,9985,10349,"27 years, 123 days to 28 years, 122 days",presbyter,,,,,,,
Sforza Maria Sforza,https://en.wikipedia.org/wiki/Sforza_Maria_Sforza,Q3958705,1451-08-27,1479-08-06,,,confirmed,10206,10206,"27 years, 344 days",aristocrat,,,,,,,
Deposed Queen Yun,https://en.wikipedia.org/wiki/Deposed_Queen_Yun,Q496613,1455-06-10,1482-08-25,poison,,confirmed,9938,9938,"27 years, 76 days",consort,,,,,,,
Richard Puller von Hohenburg,https://en.wikipedia.org/wiki/Richard_Puller_von_Hohenburg,Q61157430,1454,1482-10-03,death by burning,,possible,10147,10511,"27 years, 285 days to 28 years, 284 days",domestic worker; knight,,,,,,,
"James FitzGerald, 8th Earl of Desmond","https://en.wikipedia.org/wiki/James_FitzGerald,_8th_Earl_of_Desmond",Q6133928,1459,1487-12-16,,,possible,10221,10585,"27 years, 359 days to 28 years, 358 days",military personnel,,,,,,,
Caterina de' Pazzi,https://en.wikipedia.org/wiki/Caterina_de%27_Pazzi,Q58308037,1463,1490-09-01,,,possible,9741,10105,"26 years, 244 days to 27 years, 243 days",,,,,,,,
"Anne of Orléans, Abbess of Fontevraud","https://en.wikipedia.org/wiki/Anne_of_Orl%C3%A9ans,_Abbess_of_Fontevraud",Q2851335,1464,1491-09-18; 1491-09-27,,,possible,9766,10140,"26 years, 270 days to 27 years, 278 days",nun,,,,,,,
Sonni Ali,https://en.wikipedia.org/wiki/Sonni_Ali,Q945436,1464,1492,drowning,accidental death,possible,9862,10592,"27 years, 1 day to 28 years, 365 days",sovereign,,,,,,,
Charles VIII of France,https://en.wikipedia.org/wiki/Charles_VIII_of_France,Q134452,1470-07-09,1498-04-16,stroke,accidental death,confirmed,10143,10143,"27 years, 281 days",politician,,,,,,,
Isabel of Aragon,"https://en.wikipedia.org/wiki/Isabella_of_Aragon,_Queen_of_Portugal",Q466305,1470-10-11,1498-09-01,puerperal disorders,natural causes,confirmed,10187,10187,"27 years, 325 days",aristocrat; consort,,,,,,,
Orsino Orsini,https://en.wikipedia.org/wiki/Orsino_Orsini,Q11799329,1473,1500,,,possible,9497,10225,"26 years, 1 day to 27 years, 364 days",politician,,,,,,,
Thihathura II of Ava,https://en.wikipedia.org/wiki/Thihathura_II_of_Ava,Q7784136,1474,1501,,,possible,9497,10225,"26 years, 1 day to 27 years, 364 days",,,,,,,,
Pietro Bernardino,https://en.wikipedia.org/wiki/Pietro_Bernardino,Q7192934,1475,1502,death by burning,,possible,9497,10225,"26 years, 1 day to 27 years, 364 days",goldsmith; heretic,,,,,,,
Margaret Drummond,https://en.wikipedia.org/wiki/Margaret_Drummond_(mistress),Q13646786,1475,1502,foodborne illness,natural causes,possible,9507,10235,"26 years, 11 days to 28 years, 9 days",,,,,,,,
"James Stewart, Duke of Ross","https://en.wikipedia.org/wiki/James_Stewart,_Duke_of_Ross",Q4770700,1475-03; 1476-03,1503-01; 1504-01-22,,,possible,9772,10554,"26 years, 276 days to 28 years, 327 days",Catholic priest; judge,,,,,,,
Oliverotto Euffreducci,https://en.wikipedia.org/wiki/Oliverotto_Euffreducci,Q1641665,1475,1503-01-10,,homicide,possible,9872,10236,"27 years, 10 days to 28 years, 9 days",condottiero; politician,,,,,,,
Anna Jagiellon,"https://en.wikipedia.org/wiki/Anna_Jagiellon,_Duchess_of_Pomerania",Q4066553,1476-03-21,1503-08-22,tuberculosis,natural causes,confirmed,10015,10015,"27 years, 154 days",aristocrat,,,,,,,
Fabio Orsini,https://en.wikipedia.org/wiki/Fabio_Orsini,Q3737797,1476,1504-12-29,,,possible,10224,10589,"27 years, 364 days to 28 years, 363 days",condottiero,,,,,,,
Conrad Pflüger,https://en.wikipedia.org/wiki/Conrad_Pfl%C3%BCger,Q91280,1477,1505,,,possible,9862,10590,"27 years, 1 day to 28 years, 364 days",architect,,,,,,,
Sancha of Aragon,"https://en.wikipedia.org/wiki/Sancha_of_Aragon,_Princess_of_Squillace",Q517592,1478,1506,,,possible,9863,10591,"27 years, 1 day to 28 years, 364 days",aristocrat,,,,,,,
Lourenço de Almeida,https://en.wikipedia.org/wiki/Louren%C3%A7o_de_Almeida,Q2657862,1480,1508-03,,death in battle,possible,9931,10326,"27 years, 71 days to 28 years, 100 days",explorer; military personnel,,,,,,,
Thomas Knyvett,https://en.wikipedia.org/wiki/Thomas_Knyvett,Q7791590,1485,1512-08-20,,death in battle,possible,9738,10102,"26 years, 243 days to 27 years, 242 days",military personnel,,,,,,,
Anna of Brandenburg,https://en.wikipedia.org/wiki/Anna_of_Brandenburg,Q260926,1487; 1487-09-05,1514-05-13,tuberculosis,natural causes,possible,9639,10003,"26 years, 143 days to 27 years, 142 days",aristocrat,,,,,,,
William Browne,https://en.wikipedia.org/wiki/William_Browne_(died_1514),Q16197601,1487,1514-06-13,,,possible,9670,10034,"26 years, 174 days to 27 years, 173 days",,,,,,,,
Nasir Mirza,https://en.wikipedia.org/wiki/Nasir_Mirza,Q20101301,1487,1515,,,possible,9862,10590,"27 years, 1 day to 28 years, 364 days",,,,,,,,
Gasparo Cairano,https://en.wikipedia.org/wiki/Gasparo_Cairano,Q15844755,1489,1517,,,possible,9862,10590,"27 years, 1 day to 28 years, 364 days",sculptor,,,,,,,
Murad,https://en.wikipedia.org/wiki/Sultan_Murad_(Aq_Qoyunlu),Q16374330,1490-07-31,1518,,,possible,10015,10379,"27 years, 154 days to 28 years, 153 days",,,,,,,,
Sten Sture the Younger,https://en.wikipedia.org/wiki/Sten_Sture_the_Younger,Q541674,1493,1520-02-03,,death in battle,possible,9529,9893,"26 years, 34 days to 27 years, 33 days",politician,,,,,,,
"William Hay, 5th Earl of Erroll","https://en.wikipedia.org/wiki/William_Hay,_5th_Earl_of_Erroll",Q19873055,1495,1522-07-28,,,possible,9705,10069,"26 years, 209 days to 27 years, 208 days",diplomat,,,,,,,
Hasan Sultan,https://en.wikipedia.org/wiki/Hasan_Sultan,Q5678292,1497,1524,,,possible,9506,10235,"26 years, 11 days to 28 years, 9 days",,,,,,,,
Anne de La Tour d'Auvergne,https://en.wikipedia.org/wiki/Anne_de_La_Tour_d%27Auvergne,Q1254019,1496,1524-06-26,,,possible,10048,10413,"27 years, 188 days to 28 years, 187 days",politician,,,,,,,
Conrad Grebel,https://en.wikipedia.org/wiki/Conrad_Grebel,Q115638,1498,1526,plague,natural causes,possible,9862,10590,"27 years, 1 day to 28 years, 364 days",theologian,,,,,,,
Catherine of the Palatinate,https://en.wikipedia.org/wiki/Catherine_of_the_Palatinate_(1499%E2%80%931526),Q118432,1498-10-14; 1499-10-14,1526-01-16,,,possible,9590,9955,"26 years, 94 days to 27 years, 94 days",abbess; nun,,,,,,,
John Howden,https://en.wikipedia.org/wiki/John_Howden_(bishop),Q6240101,1499,1527,,,possible,9863,10591,"27 years, 1 day to 28 years, 364 days",Catholic bishop; Catholic priest,,,,,,,
"Philip II, Count of Hanau-Münzenberg","https://en.wikipedia.org/wiki/Philipp_II,_Count_of_Hanau-M%C3%BCnzenberg",Q91218,1501-08-17,1529-03-28,,,confirmed,10085,10085,"27 years, 223 days",aristocrat,,,,,,,
Juan Valiente,https://en.wikipedia.org/wiki/Juan_Valiente,Q3810928,1505,1533,,,possible,9863,10591,"27 years, 1 day to 28 years, 364 days",conquistador,,,,,,,
Catherine Fillol,https://en.wikipedia.org/wiki/Catherine_Fillol,Q5052679,1507,1534,,,possible,9498,10226,"26 years, 1 day to 27 years, 364 days",,,,,,,,
Elizabeth Barton,https://en.wikipedia.org/wiki/Elizabeth_Barton,Q449812,1506,1534-04-20; 1534-05-01,hanging to death,capital punishment,possible,9972,10357,"27 years, 110 days to 28 years, 130 days",religious sister,,,,,,,
"Infante Ferdinand, Duke of Guarda and Trancoso","https://en.wikipedia.org/wiki/Infante_Ferdinand,_Duke_of_Guarda",Q2140032,1507-06-05,1534-11-07,,,confirmed,10017,10017,"27 years, 155 days",,,,,,,,
William Exmew,https://en.wikipedia.org/wiki/William_Exmew,Q8008727,1507,1535-06-29,"hanged, drawn, quartered and decapitated",,possible,10052,10416,"27 years, 190 days to 28 years, 189 days",monk,,,,,,,
Henriette Bonna,https://en.wikipedia.org/wiki/Henriette_Bonna,Q63995788,1510,1537,,,possible,9498,10226,"26 years, 1 day to 27 years, 364 days",activist,,,,,,,
"Louis II d'Orléans, Duke of Longueville","https://en.wikipedia.org/wiki/Louis_II_d%27Orl%C3%A9ans,_Duke_of_Longueville",Q2741378,1510-06-15,1537-06-19,,,confirmed,9866,9866,"27 years, 4 days",aristocrat,,,,,,,
Elizabeth Lucar,https://en.wikipedia.org/wiki/Elizabeth_Lucar,Q5363125,1510,1537-11-08,,,possible,9809,10173,"26 years, 312 days to 27 years, 311 days",calligrapher,,,,,,,
Elena Glinskaya,https://en.wikipedia.org/wiki/Elena_Glinskaya,Q240150,1510,1538-04-03,poison,,possible,9945,10309,"27 years, 83 days to 28 years, 82 days",,,,,,,,
Takayutpi,https://en.wikipedia.org/wiki/Takayutpi,Q3514244,1511,1539,,,possible,9863,10591,"27 years, 1 day to 28 years, 364 days",monarch,,,,,,,
Lleision ap Thomas,https://en.wikipedia.org/wiki/Lleision_ap_Thomas,Q20733815,1513,1541,,,possible,9863,10591,"27 years, 1 day to 28 years, 364 days",Catholic monk,,,,,,,
Thomas Culpeper,https://en.wikipedia.org/wiki/Thomas_Culpeper,Q553362,1514,1541-12-20,decapitation,capital punishment,possible,9851,10215,"26 years, 354 days to 27 years, 353 days",courtier,,,,,,,
Francisca Coya,https://en.wikipedia.org/wiki/Francisca_Coya,Q99693447,1515,1543,,,possible,9863,10591,"27 years, 1 day to 28 years, 364 days",aristocrat,,,,,,,
Klemens Janicki,https://en.wikipedia.org/wiki/Klemens_Janicki,Q1774024,1516-11-27,1543,,,possible,9521,9885,"26 years, 25 days to 27 years, 24 days",lyricist; poet; writer,,,,,,,
George Bowes,https://en.wikipedia.org/wiki/George_Bowes_(rebel),Q5537155,1517,1545,,,possible,9863,10591,"27 years, 1 day to 28 years, 364 days",,,,,,,,
"Francis I, Duke of Lorraine","https://en.wikipedia.org/wiki/Francis_I,_Duke_of_Lorraine",Q525683,1517-09-02,1545-06-22,,,confirmed,10155,10155,"27 years, 293 days",monarch,,,,,,,
John Skut,https://en.wikipedia.org/wiki/John_Skut,Q6258131,1519,1547,,,possible,9863,10591,"27 years, 1 day to 28 years, 364 days",tailor,,,,,,,
Diego de Enzinas,https://en.wikipedia.org/wiki/Diego_de_Enzinas,Q382863,1520,1547-03-15,death by burning,,possible,9570,9935,"26 years, 74 days to 27 years, 73 days",theologian,,,,,,,
"Eleanor Clifford, Countess of Cumberland","https://en.wikipedia.org/wiki/Eleanor_Clifford,_Countess_of_Cumberland",Q465590,1519,1547-10-17,disease,natural causes,possible,10152,10516,"27 years, 290 days to 28 years, 289 days",,,,,,,,
"Edmund Sheffield, 1st Baron Sheffield","https://en.wikipedia.org/wiki/Edmund_Sheffield,_1st_Baron_Sheffield",Q5339822,1521-11-22,1549-07-19,,homicide,confirmed,10101,10101,"27 years, 239 days",,,,,,,,
Tsutsui Junshō,https://en.wikipedia.org/wiki/Tsutsui_Junsh%C5%8D,Q7850346,1523-03-12,1550-08-12,,,confirmed,10015,10015,"27 years, 153 days",samurai,,,,,,,
Darvish Mohammed Khan,https://en.wikipedia.org/wiki/Darvish_Mohammad_Khan,Q4158716,1524,1551,,,possible,9507,10236,"26 years, 11 days to 28 years, 9 days",,,,,,,,
Mahmud Shah III of Gujarat,https://en.wikipedia.org/wiki/Mahmud_Shah_III_of_Gujarat,Q31679155,1526,1554,,,possible,9863,10591,"27 years, 1 day to 28 years, 364 days",,,,,,,,
"John Dudley, 2nd Earl of Warwick","https://en.wikipedia.org/wiki/John_Dudley,_2nd_Earl_of_Warwick",Q3809223,1527,1554-10-31,,,possible,9801,10165,"26 years, 304 days to 27 years, 303 days",,,,,,,,
Frederick of Denmark,https://en.wikipedia.org/wiki/Frederick_of_Denmark_(bishop),Q876198,1529,1556-10-07; 1556-10-27,,,possible,9777,10151,"26 years, 281 days to 27 years, 290 days",aristocrat; Catholic priest,,,,,,,
William Courtenay,https://en.wikipedia.org/wiki/William_Courtenay_(died_1557),Q8007173,1529,1557-08-28,,,possible,10112,10476,"27 years, 250 days to 28 years, 249 days",politician,,,,,,,
Murdoch Nisbet,https://en.wikipedia.org/wiki/Murdoch_Nisbet,Q6938234,1531,1559,,,possible,9863,10591,"27 years, 1 day to 28 years, 364 days",Bible translator; translator,,,,,,,
Ruprecht Haller von Hallerstein,https://en.wikipedia.org/wiki/Ruprecht_Haller_von_Hallerstein,Q33100411,1533,1560,,,possible,9497,10226,"26 years, 1 day to 27 years, 365 days",court official,,,,,,,
Hajikano Tadatsugu,https://en.wikipedia.org/wiki/Hajikano_Tadatsugu,Q5639955,1533,1561-10-28,,,possible,10173,10537,"27 years, 311 days to 28 years, 310 days",military commander,,,,,,,
Porzia de' Medici,https://en.wikipedia.org/wiki/Porzia_de%27_Medici,Q3909366,1538,1565,,,possible,9498,10226,"26 years, 1 day to 27 years, 364 days",missionary,,,,,,,
Zhu Zaizhen,https://en.wikipedia.org/wiki/Zhu_Zaizhen,Q11094832,1537,1565,,,possible,9853,10581,"26 years, 357 days to 28 years, 354 days",aristocrat,,,,,,,
"John Frederick III, Duke of Saxony",https://en.wikipedia.org/wiki/John_Frederick_III_of_Saxony,Q832421,1538-01-16,1565-10-31,,,confirmed,10150,10150,"27 years, 288 days",aristocrat,,,,,,,
Francesco Gonzaga,https://en.wikipedia.org/wiki/Francesco_Gonzaga_(1538%E2%80%931566),Q1377571,1538-12-16,1566-01-16,,,confirmed,9893,9893,"27 years, 31 days",Catholic bishop; Catholic priest,,,,,,,
Sigismund of Brandenburg,https://en.wikipedia.org/wiki/Sigismund_of_Brandenburg,Q85141,1538-12-21,1566-09-23,,,confirmed,10138,10138,"27 years, 276 days",archbishop; Catholic bishop; Catholic priest,,,,,,,
Katherine Grey,https://en.wikipedia.org/wiki/Lady_Katherine_Grey,Q242291,1540-09-04,1568-02-15,tuberculosis,natural causes,confirmed,10025,10025,"27 years, 164 days",,,,,,,,
Adolf of Nassau,https://en.wikipedia.org/wiki/Adolf_of_Nassau_(1540%E2%80%931568),Q329117,1540-07-11,1568-06-02,,death in battle,confirmed,10198,10198,"27 years, 337 days",military personnel,,,,,,,
Túpac Amaru,https://en.wikipedia.org/wiki/T%C3%BApac_Amaru,Q296269,1545,1572-10-04,decapitation,capital punishment,possible,9774,10138,"26 years, 278 days to 27 years, 277 days",sovereign; Vilcabamba Inca,,,,,,,
Nicolas Clausse de Marchaumont,https://en.wikipedia.org/wiki/Nicolas_Clausse_de_Marchaumont,Q22970606,1545,1573-09-22,,,possible,10127,10491,"27 years, 265 days to 28 years, 264 days",Catholic bishop; Catholic priest,,,,,,,
Giulio Acquaviva d'Aragona,https://en.wikipedia.org/wiki/Giulio_Acquaviva_d%27Aragona,Q2707613,1546,1574-07-31,,,possible,10074,10438,"27 years, 212 days to 28 years, 211 days",Catholic priest,,,,,,,
Claude of Valois,https://en.wikipedia.org/wiki/Claude_of_Valois,Q242336,1547-11-22,1575-03-03,puerperal disorders,natural causes,confirmed,9963,9963,"27 years, 101 days",aristocrat,,,,,,,
Juan de Salcedo,https://en.wikipedia.org/wiki/Juan_de_Salcedo,Q722160,1549,1576-03-11,,,possible,9567,9931,"26 years, 71 days to 27 years, 70 days",conquistador; explorer,,,,,,,
Apacuana,https://en.wikipedia.org/wiki/Apacuana,Q53866701,1550,1577,death in battle,,possible,9498,10226,"26 years, 1 day to 27 years, 364 days",,,,,,,,
François d'Aydie,https://en.wikipedia.org/wiki/Fran%C3%A7ois_d%27Aydie,Q117314530,1550,1578-04-29,,,possible,9981,10345,"27 years, 119 days to 28 years, 118 days",,,,,,,,
Raffaellino da Reggio,https://en.wikipedia.org/wiki/Raffaellino_da_Reggio,Q1107117,1550,1578-05,,,possible,9983,10377,"27 years, 121 days to 28 years, 150 days",painter,,,,,,,
Thomas Sherwood,https://en.wikipedia.org/wiki/Thomas_Sherwood_(martyr),Q7793938,1552,1579,"hanged, drawn, quartered and decapitated",,possible,9507,10236,"26 years, 11 days to 28 years, 9 days",politician,,,,,,,
William Norreys,https://en.wikipedia.org/wiki/William_Norreys_(Berkshire_MP),Q8016177,1552,1579-12-25,,,possible,9855,10220,"26 years, 359 days to 27 years, 358 days",politician,,,,,,,
Qvarqvaré VI Jakéli,https://en.wikipedia.org/wiki/Qvarqvare_IV_Jaqeli,Q3414883,1554,1581-11-26,,,possible,9827,10191,"26 years, 330 days to 27 years, 329 days",military personnel; official; politician,,,,,,,
Tsarevich Ivan Ivanovich of Russia,https://en.wikipedia.org/wiki/Tsarevich_Ivan_Ivanovich_of_Russia,Q1353547,1554-04-07,1581-11-29,blunt trauma,homicide,confirmed,10098,10098,"27 years, 236 days",composer,,,,,,,
William Filby,https://en.wikipedia.org/wiki/William_Filby_(Roman_Catholic_priest),Q8009028,1555,1582,,capital punishment,possible,9498,10226,"26 years, 1 day to 27 years, 364 days",politician,,,,,,,
"Elizabeth Stuart, Countess of Lennox","https://en.wikipedia.org/wiki/Elizabeth_Cavendish,_Countess_of_Lennox",Q4206924,1555-04-20,1582,,,possible,9753,10117,"26 years, 256 days to 27 years, 255 days",godparent,,,,,,,
Tsuda Nobusumi,https://en.wikipedia.org/wiki/Tsuda_Nobuzumi,Q4757680,1555,1582-07-04,,,possible,9682,10046,"26 years, 185 days to 27 years, 184 days",ninja,,,,,,,
Stephan Parmenius,https://en.wikipedia.org/wiki/Stephanus_Parmenius,Q850841,1555,1583-08-29,,,possible,10093,10457,"27 years, 231 days to 28 years, 230 days",explorer; humanist; poet,,,,,,,
George Haydock,https://en.wikipedia.org/wiki/George_Haydock,Q5540342,1556,1584,,,possible,9862,10592,"27 years, 1 day to 28 years, 365 days",,,,,,,,
Balthasar Gérard,https://en.wikipedia.org/wiki/Balthasar_G%C3%A9rard,Q537169,1557,1584-07-14,torture,capital punishment,possible,9682,10046,"26 years, 186 days to 27 years, 185 days",letrado,,,,,,,
John Hambley,https://en.wikipedia.org/wiki/John_Hambley_(martyr),Q6237408,1560,1587,,capital punishment,possible,9497,10226,"26 years, 1 day to 27 years, 364 days",politician,,,,,,,
Anne de Joyeuse,https://en.wikipedia.org/wiki/Anne_de_Joyeuse,Q565927,1560,1587-10-20,,death in battle,possible,9789,10154,"26 years, 293 days to 27 years, 292 days",aristocrat,,,,,,,
Juan de Lanuza y Jiménez de Urrea,https://en.wikipedia.org/wiki/Juan_de_Lanuza_y_Urrea,Q952682,1564,1591-11-20; 1591-12-20,decapitation,,possible,9820,10215,"26 years, 324 days to 27 years, 353 days",jurist,,,,,,,
Polydore Plasden,https://en.wikipedia.org/wiki/Polydore_Plasden,Q2068996,1563,1591-12-10,"hanged, drawn, quartered and decapitated",,possible,10196,10560,"27 years, 334 days to 28 years, 333 days",Catholic priest,,,,,,,
Galeotto III Pico,https://en.wikipedia.org/wiki/Galeotto_III_Pico_della_Mirandola,Q28374050,1564,1592,,,possible,9852,10582,"26 years, 356 days to 28 years, 355 days",military leader,,,,,,,
John Harvey,https://en.wikipedia.org/wiki/John_Harvey_(astrologer),Q6238135,1564,1592,,,possible,9852,10582,"26 years, 356 days to 28 years, 355 days",astrologer; physician,,,,,,,
Harada Munetoki,https://en.wikipedia.org/wiki/Harada_Munetoki,Q5653572,1565,1593,,,possible,9863,10591,"27 years, 1 day to 28 years, 364 days",military commander,,,,,,,
Pierre Barrière,https://en.wikipedia.org/wiki/Pierre_Barri%C3%A8re,Q3383881,1566,1593-08-31,execution,capital punishment,possible,9730,10094,"26 years, 233 days to 27 years, 232 days",boater; soldier,,,,,,,
Terasaka Yakuro Masatsune,https://en.wikipedia.org/wiki/Akasaka_Yakuro_Masatsune,Q25345833,1567,1594,,,possible,9498,10226,"26 years, 1 day to 27 years, 364 days",martial artist,,,,,,,
William Harrington,https://en.wikipedia.org/wiki/William_Harrington_(priest),Q8010909,1566,1594-02-18,"hanged, drawn, quartered and decapitated",,possible,9911,10275,"27 years, 49 days to 28 years, 48 days",politician,,,,,,,
"Henri I d'Orléans, duc de Longueville","https://en.wikipedia.org/wiki/Henri_I_d%27Orl%C3%A9ans,_duc_de_Longueville",Q2789640,1568,1595-04-08,,,possible,9584,9949,"26 years, 88 days to 27 years, 87 days",military leader,,,,,,,
Valens Acidalius,https://en.wikipedia.org/wiki/Valens_Acidalius,Q66909,1567,1595-05-25,,,possible,9997,10361,"27 years, 135 days to 28 years, 134 days",critic; humanist; literary critic; philologist; poet; writer,,,,,,,
Toyotomi Hidetsugu,https://en.wikipedia.org/wiki/Toyotomi_Hidetsugu,Q967501,1568,1595-08-20,seppuku,forced suicide,possible,9718,10083,"26 years, 222 days to 27 years, 221 days",samurai,,,,,,,
John Wemyss of Logie,https://en.wikipedia.org/wiki/John_Wemyss_of_Logie,Q56760285,1569,1596,,,possible,9497,10226,"26 years, 1 day to 27 years, 365 days",,,,,,,,
Juan de Zaldívar,https://en.wikipedia.org/wiki/Juan_de_Zald%C3%ADvar_(Spanish_soldier),Q21010513,1570,1598,,homicide,possible,9863,10591,"27 years, 1 day to 28 years, 364 days",explorer,,,,,,,
Chōsokabe Chikatada,https://en.wikipedia.org/wiki/Ch%C5%8Dsokabe_Chikatada,Q3676184,1572,1600-11-04,,,possible,10160,10525,"27 years, 299 days to 28 years, 298 days",samurai,,,,,,,
Empress Xiaocigao,https://en.wikipedia.org/wiki/Empress_Xiaocigao_(Qing_dynasty),Q1043073,1575,1603,,,possible,9853,10581,"26 years, 356 days to 28 years, 354 days",,,,,,,,
Tadhg O'Rourke,https://en.wikipedia.org/wiki/Teigue_O%27Rourke,Q26222317,1577,1605,,,possible,9863,10591,"27 years, 1 day to 28 years, 364 days",,,,,,,,
Everard Digby,https://en.wikipedia.org/wiki/Everard_Digby,Q3061452,1578-05-16,1606-01,"hanged, drawn, quartered and decapitated",,confirmed,10092,10122,"27 years, 230 days to 27 years, 260 days",politician,,,,,,,
Hugh Calverley,https://en.wikipedia.org/wiki/Hugh_Calverley_(MP_for_Liverpool),Q27825554,1578,1606,,,possible,9863,10591,"27 years, 1 day to 28 years, 364 days",politician,,,,,,,
Ambrose Rookwood,https://en.wikipedia.org/wiki/Ambrose_Rookwood,Q2842443,1578,1606-02-10,"hanged, drawn, quartered and decapitated",,possible,9903,10267,"27 years, 41 days to 28 years, 40 days",,,,,,,,
Edmund Shakespeare,https://en.wikipedia.org/wiki/Edmund_Shakespeare,Q5339820,1580,1607-12-31,,,confirmed,9861,10226,"27 years, 0 days to 27 years, 364 days",stage actor,,,,,,,
Walter Davison,https://en.wikipedia.org/wiki/Walter_Davison,Q7964655,1581,1608,,,possible,9497,10226,"26 years, 1 day to 27 years, 365 days",poet,,,,,,,
Nakijin Chōyō,https://en.wikipedia.org/wiki/Nakijin_Ch%C5%8Dy%C5%8D,Q10918070,1582,1609,,,possible,9498,10226,"26 years, 1 day to 27 years, 364 days",,,,,,,,
Matsudaira Tadayori,https://en.wikipedia.org/wiki/Matsudaira_Tadayori,Q6788073,1582,1609-10-26,,,possible,9786,10150,"26 years, 289 days to 27 years, 288 days",samurai,,,,,,,
Christian II of Saxony,https://en.wikipedia.org/wiki/Christian_II_of_Saxony,Q695210,1583-09-23,1611-06-23,,,confirmed,10135,10135,"27 years, 273 days",Prince-Elector,,,,,,,
George Weymouth,https://en.wikipedia.org/wiki/George_Weymouth,Q433305,1585,1612,,,possible,9497,10226,"26 years, 1 day to 27 years, 365 days",explorer,,,,,,,
Sasaki Kojirō,https://en.wikipedia.org/wiki/Sasaki_Kojir%C5%8D,Q549737,1584,1612-04-14,,duel; homicide,possible,9966,10331,"27 years, 105 days to 28 years, 104 days",samurai,,,,,,,
Johannes Lippius,https://en.wikipedia.org/wiki/Johannes_Lippius,Q95700,1585-06-24,1612-09-20; 1612-09-24,,,confirmed,9950,9954,"27 years, 88 days to 27 years, 92 days",composer; music theorist; musicologist; philosopher; Protestant theologian; university teacher,,,,,,,
George Bryan,https://en.wikipedia.org/wiki/George_Bryan_(actor),Q5537369,1586,1613,,,possible,9498,10226,"26 years, 1 day to 27 years, 364 days",actor,,,,,,,
"John Maxwell, 9th Lord Maxwell","https://en.wikipedia.org/wiki/John_Maxwell,_9th_Lord_Maxwell",Q6247269,1586,1613-05-21,,capital punishment,possible,9638,10002,"26 years, 141 days to 27 years, 140 days",politician,,,,,,,
Mohammad Baqer Mirza,https://en.wikipedia.org/wiki/Mohammad_Baqer_Mirza,Q19896262,1587-09-15,1615-01-25,,,confirmed,9994,9994,"27 years, 132 days",,,,,,,,
Yonten Gyatso,https://en.wikipedia.org/wiki/4th_Dalai_Lama,Q25255,1589,1616,,,possible,9497,10226,"26 years, 1 day to 27 years, 365 days",politician; writer,,,,,,,
Ahmed I,https://en.wikipedia.org/wiki/Ahmed_I,Q114749,1590-04-18,1617-11-22,typhus,natural causes,confirmed,10080,10080,"27 years, 218 days",poet; ruler; sultan; writer,,,,,,,
Jacobus Verheiden,https://en.wikipedia.org/wiki/Jacobus_Verheiden,Q6119904,1590,1618,,,possible,9863,10591,"27 years, 1 day to 28 years, 364 days",writer,,,,,,,
Pietro Paolo Tamburini,https://en.wikipedia.org/wiki/Pietro_Paolo_Tamburini,Q19288589,1594,1621,,,possible,9498,10226,"26 years, 1 day to 27 years, 364 days",painter,,,,,,,
Márton Szepsi Csombor,https://en.wikipedia.org/wiki/M%C3%A1rton_Szepsi_Csombor,Q1297362,1595,1622,plague,natural causes,possible,9498,10226,"26 years, 1 day to 27 years, 364 days",poet; Reformed pastor; travel writer,,,,,,,
Zofia Ostrogska,https://en.wikipedia.org/wiki/Zofia_Ostrogska,Q4354796,1595,1622,,,possible,9498,10226,"26 years, 1 day to 27 years, 364 days",,,,,,,,
Francesco Carracci,https://en.wikipedia.org/wiki/Francesco_Carracci,Q327377,1595,1622-06-03,,,possible,9651,10015,"26 years, 154 days to 27 years, 153 days",painter,,,,,,,
Satomi Tadayoshi,https://en.wikipedia.org/wiki/Satomi_Tadayoshi,Q3473967,1594,1622-07-27,,,possible,10070,10434,"27 years, 208 days to 28 years, 207 days",samurai,,,,,,,
Henry Spelman of Jamestown,https://en.wikipedia.org/wiki/Henry_Spelman_of_Jamestown,Q5728540,1595,1623,,,possible,9863,10591,"27 years, 1 day to 28 years, 364 days",explorer; soldier,,,,,,,
"Henri de Talleyrand-Périgord, comte de Chalais","https://en.wikipedia.org/wiki/Henri_de_Talleyrand-P%C3%A9rigord,_comte_de_Chalais",Q775123,1599,1626-08-19,decapitation,,possible,9728,10092,"26 years, 231 days to 27 years, 230 days",,,,,,,,
Juraj V Zrinski,https://en.wikipedia.org/wiki/Juraj_V_Zrinski,Q899414,1599-01-31,1626-12-18; 1626-12-28,,,confirmed,10183,10193,"27 years, 321 days to 27 years, 331 days",military leader,,,,,,,
Jacob Cornelisz Schout,https://en.wikipedia.org/wiki/Jacob_Cornelisz_Schout,Q17342410,1600,1627,,,possible,9497,10226,"26 years, 1 day to 27 years, 364 days",,,,,,,,
François de Montmorency-Bouteville,https://en.wikipedia.org/wiki/Fran%C3%A7ois_de_Montmorency-Bouteville,Q1451255,1600,1627-06-22,decapitation,capital punishment,possible,9669,10034,"26 years, 173 days to 27 years, 172 days",bretteur; military personnel,,,,,,,
Christina Morhaubt,https://en.wikipedia.org/wiki/Christina_Morhaubt,Q1083224,1599,1627-08-04,death by burning,capital punishment,possible,10078,10442,"27 years, 216 days to 28 years, 215 days",,,,,,,,
Dodmore Cotton,https://en.wikipedia.org/wiki/Dodmore_Cotton,Q1234409,1600,1628-07-23,,,possible,10066,10431,"27 years, 205 days to 28 years, 204 days",diplomat,,,,,,,
Martin Blochwitz,https://en.wikipedia.org/wiki/Martin_Blochwich,Q15440724,1602,1629-09-10,,,possible,9750,10114,"26 years, 253 days to 27 years, 252 days",physician,,,,,,,
Borom Reach Somphea,https://en.wikipedia.org/wiki/Thommo_Reachea_II,Q2373106,1602,1630,,,possible,9863,10591,"27 years, 1 day to 28 years, 364 days",king,,,,,,,
Gertrude More,https://en.wikipedia.org/wiki/Gertrude_More,Q15053825,1606-03-25,1633-08-17,smallpox,natural causes,confirmed,10007,10007,"27 years, 145 days",nun,,,,,,,
"Walter Scott, 1st Earl of Buccleuch","https://en.wikipedia.org/wiki/Walter_Scott,_1st_Earl_of_Buccleuch",Q2080432,1606,1633-10-20,,,possible,9790,10154,"26 years, 293 days to 27 years, 292 days",aristocrat,,,,,,,
Fear Brewster,https://en.wikipedia.org/wiki/Fear_Brewster,Q5439319,1606,1634,,,possible,9863,10591,"27 years, 1 day to 28 years, 364 days",,,,,,,,
John Chudleigh,https://en.wikipedia.org/wiki/John_Chudleigh_(MP_for_East_Looe),Q6226105,1606-07-20,1634,,,possible,10027,10391,"27 years, 165 days to 28 years, 164 days",politician,,,,,,,
Tokugawa Tadanaga,https://en.wikipedia.org/wiki/Tokugawa_Tadanaga,Q1135700,1606,1634-01-05,seppuku,forced suicide,possible,9867,10231,"27 years, 5 days to 28 years, 4 days",politician,,,,,,,
Dorothea of Anhalt-Zerbst,https://en.wikipedia.org/wiki/Dorothea_of_Anhalt-Zerbst,Q66823,1607-09-25,1634-09-26,,,confirmed,9863,9863,"27 years, 1 day",aristocrat,,,,,,,
"Henry Stanhope, Lord Stanhope","https://en.wikipedia.org/wiki/Henry_Stanhope,_Lord_Stanhope",Q1026375,1606,1634-12-09,,,possible,10205,10569,"27 years, 343 days to 28 years, 342 days",politician,,,,,,,
Zaga Christ,https://en.wikipedia.org/wiki/Zaga_Christ,Q15647349,1610,1638-04-22,,,possible,9974,10338,"27 years, 112 days to 28 years, 111 days",politician,,,,,,,
Murad IV,https://en.wikipedia.org/wiki/Murad_IV,Q174762,1612-07-27,1640-02-18,cirrosis,natural causes,confirmed,10077,10077,"27 years, 216 days",poet; ruler; sultan,,,,,,,
Thomas Beedome,https://en.wikipedia.org/wiki/Thomas_Beedome,Q16197372,1614,1641,,,possible,9498,10226,"26 years, 1 day to 27 years, 364 days",poet,,,,,,,
Dermod O'Meara,https://en.wikipedia.org/wiki/Dermod_O%27Meara,Q5262736,1614,1642,,,possible,9863,10591,"27 years, 1 day to 28 years, 364 days",physician; poet; writer,,,,,,,
Botum Reachea I,https://en.wikipedia.org/wiki/Batom_Reachea,Q2891591,1615,1642-01-05,,,possible,9502,9866,"26 years, 5 days to 27 years, 4 days",king,,,,,,,
Armand d'Athos,https://en.wikipedia.org/wiki/Armand_d%27Athos,Q3741372,1615,1643-12-21,,duel; homicide,possible,10217,10581,"27 years, 355 days to 28 years, 354 days",musketeer,,,,,,,
John Smith,https://en.wikipedia.org/wiki/John_Smith_(banneret),Q6258263,1616,1644,,,possible,9862,10592,"27 years, 1 day to 28 years, 365 days",Cavalier,,,,,,,
Christian of Nassau-Siegen,https://en.wikipedia.org/wiki/Christian_of_Nassau-Siegen,Q107615805,1616-07-16,1644-04-11,death in battle,death in battle,confirmed,10131,10131,"27 years, 270 days",military personnel,,,,,,,
Suraj Mal,https://en.wikipedia.org/wiki/Suraj_Mal_(Sikhism),Q139073546,1617,1645,,,possible,9863,10591,"27 years, 1 day to 28 years, 364 days",,,,,,,,
Lord James Douglas,https://en.wikipedia.org/wiki/Lord_James_Douglas,Q16209772,1617,1645-10-21,,death in battle,possible,10156,10520,"27 years, 294 days to 28 years, 293 days",soldier,,,,,,,
Konstancja Lubomirska,https://en.wikipedia.org/wiki/Konstancja_Lubomirska,Q6429865,1618,1646,,,possible,9863,10591,"27 years, 1 day to 28 years, 364 days",,,,,,,,
Raja Jagat Singh,https://en.wikipedia.org/wiki/Raja_Jagat_Singh,Q7285455,1618,1646,,,possible,9863,10591,"27 years, 1 day to 28 years, 364 days",,,,,,,,
Moses Belmonte,https://en.wikipedia.org/wiki/Moses_Belmonte,Q6915706,1619,1647-05-29,,,possible,10011,10375,"27 years, 149 days to 28 years, 148 days",poet; translator,,,,,,,
Francesco Maria Farnese,https://en.wikipedia.org/wiki/Francesco_Maria_Farnese,Q3081002,1619-08-08,1647-07-12,,,confirmed,10200,10200,"27 years, 338 days",Catholic bishop; Catholic priest,,,,,,,
Masaniello,https://en.wikipedia.org/wiki/Masaniello,Q735619,1620-06-29,1647-07-16,,,confirmed,9878,9878,"27 years, 17 days",fisher; rebel; revolutionary,,,,,,,
Matthew Hopkins,https://en.wikipedia.org/wiki/Matthew_Hopkins,Q3239699,1620,1647-08-10; 1647-08-12,tuberculosis,natural causes,possible,9718,10085,"26 years, 222 days to 27 years, 223 days",inquisitor; lawyer; theologian,,,,,,,
"Greville Verney, 8th Baron Willoughby de Broke","https://en.wikipedia.org/wiki/Greville_Verney,_8th_Baron_Willoughby_de_Broke",Q5607847,1620,1648,,,possible,9862,10592,"27 years, 1 day to 28 years, 365 days",,,,,,,,
Adam Hieronim Sieniawski,https://en.wikipedia.org/wiki/Adam_Hieronim_Sieniawski_(1623/1624%E2%80%931650),Q4679235,1623,1650-01-25,,,possible,9522,9886,"26 years, 25 days to 27 years, 24 days",,,,,,,,
Banzuiin Chōbei,https://en.wikipedia.org/wiki/Banzuiin_Ch%C5%8Db%C4%93,Q4857401,1622,1650-05-13,,homicide,possible,9995,10359,"27 years, 133 days to 28 years, 132 days",Youxia,,,,,,,
James Bellingham,https://en.wikipedia.org/wiki/James_Bellingham,Q6129636,1623-09-08,1650-10-26,,,confirmed,9910,9910,"27 years, 48 days",lawyer; politician,,,,,,,
Dong Xiaowan,https://en.wikipedia.org/wiki/Dong_Xiaowan,Q6717269,1624,1651,,,possible,9497,10226,"26 years, 1 day to 27 years, 364 days",courtesan; painter; poet; sing-song girls; writer,,,,,,,
"Ercole, Marquis of Baux","https://en.wikipedia.org/wiki/Ercole,_Marquis_of_Baux",Q3133945,1623-12-16,1651-08-02,,,confirmed,10091,10091,"27 years, 229 days",politician,,,,,,,
Jeremy Shakerley,https://en.wikipedia.org/wiki/Jeremy_Shakerley,Q18593187,1626,1653,,,possible,9498,10226,"26 years, 1 day to 27 years, 364 days",astronomer,,,,,,,
"Lewis Gordon, 3rd Marquess of Huntly","https://en.wikipedia.org/wiki/Lewis_Gordon,_3rd_Marquess_of_Huntly",Q716963,1626,1653,,,possible,9498,10226,"26 years, 1 day to 27 years, 364 days",,,,,,,,
Marusia Churai,https://en.wikipedia.org/wiki/Marusia_Churai,Q2497569,1625,1653,,,possible,9863,10591,"27 years, 1 day to 28 years, 364 days",poet; singer; writer,,,,,,,
"Henry Seymour, Lord Beauchamp","https://en.wikipedia.org/wiki/Henry_Seymour,_Lord_Beauchamp",Q933212,1626,1654-03-30,,,possible,9951,10315,"27 years, 89 days to 28 years, 88 days",,,,,,,,
Anne Venn,https://en.wikipedia.org/wiki/Anne_Venn,Q18670746,1627,1654-12,,,possible,9832,10226,"26 years, 335 days to 27 years, 364 days",diarist,,,,,,,
Edward Fisher,https://en.wikipedia.org/wiki/Edward_Fisher_(theologian),Q5342910,1627,1655,,,possible,9863,10591,"27 years, 1 day to 28 years, 364 days",theologian,,,,,,,
Robert Shirley,"https://en.wikipedia.org/wiki/Sir_Robert_Shirley,_4th_Baronet",Q18813347,1629,1656,,,possible,9497,10226,"26 years, 1 day to 27 years, 365 days",,,,,,,,
Bartolomeo Biscaino,https://en.wikipedia.org/wiki/Bartolomeo_Biscaino,Q2886080,1629-04-14,1657,plague,natural causes,possible,10124,10488,"27 years, 262 days to 28 years, 261 days",draftsperson; etcher; painter; printmaker,,,,,,,
Euphemia F. Vsevolozhskaya,https://en.wikipedia.org/wiki/Euphemia_Fedorovna_Vsevolozhskaya,Q4127298,1629,1657,,,possible,9863,10591,"27 years, 1 day to 28 years, 364 days",,,,,,,,
Giovanni Paolo Cervetto,https://en.wikipedia.org/wiki/Giovanni_Paolo_Cervetto,Q16853424,1630,1657,plague,natural causes,possible,9498,10226,"26 years, 1 day to 27 years, 364 days",painter,,,,,,,
Joost van Hamme,https://en.wikipedia.org/wiki/Joost_van_Hamme,Q41317098,1629,1657,,,possible,9863,10591,"27 years, 1 day to 28 years, 364 days",painter,,,,,,,
Peter Fisher,https://en.wikipedia.org/wiki/Peter_Fisher_(Puritan),Q124077472,1630,1657,,,possible,9498,10226,"26 years, 1 day to 27 years, 364 days",,,,,,,,
Thomas Prince,https://en.wikipedia.org/wiki/Thomas_Prince_(Leveller),Q16191054,1630,1657,,,possible,9498,10226,"26 years, 1 day to 27 years, 364 days",,,,,,,,
Robert Baron,https://en.wikipedia.org/wiki/Robert_Baron_(poet),Q7341889,1630,1658,,,possible,9863,10591,"27 years, 1 day to 28 years, 364 days",poet,,,,,,,
Lucy Walter,https://en.wikipedia.org/wiki/Lucy_Walter,Q272539,1630,1658-09,infectious disease,natural causes,possible,10106,10499,"27 years, 244 days to 28 years, 272 days",courtier,,,,,,,
Jidu,https://en.wikipedia.org/wiki/Jidu,Q7481947,1633,1660,,,possible,9497,10226,"26 years, 1 day to 27 years, 365 days",military personnel; politician,,,,,,,
John Braithwaite,https://en.wikipedia.org/wiki/John_Braithwaite_(writer),Q16205033,1633,1660,,,possible,9497,10226,"26 years, 1 day to 27 years, 365 days",writer,,,,,,,
"Sir Thomas Hope of Craighall, 3rd Bt.","https://en.wikipedia.org/wiki/Sir_Thomas_Hope,_3rd_Baronet",Q76030864,1633-02-11,1660,,,possible,9820,10185,"26 years, 324 days to 27 years, 324 days",,,,,,,,
"Enno Louis, Prince of East Frisia","https://en.wikipedia.org/wiki/Enno_Louis,_Prince_of_East_Frisia",Q71449,1632-10-29,1660-04-04,,,confirmed,10019,10019,"27 years, 158 days",aristocrat,,,,,,,
Louis Chartier,https://en.wikipedia.org/wiki/Louis_Chartier,Q3261503,1633,1660-07-20,,,possible,9698,10062,"26 years, 202 days to 27 years, 201 days",surgeon,,,,,,,
William Milborne,https://en.wikipedia.org/wiki/William_Milborne,Q8015627,1633,1660-07-22,,,possible,9700,10064,"26 years, 204 days to 27 years, 203 days",large estate owner; politician,,,,,,,
Princess Uisun,https://en.wikipedia.org/wiki/Princess_Uisun,Q12610756,1635,1662,,,possible,9498,10226,"26 years, 1 day to 27 years, 364 days",,,,,,,,
Wamsutta,https://en.wikipedia.org/wiki/Wamsutta,Q739904,1634,1662,,,possible,9863,10591,"27 years, 1 day to 28 years, 364 days",traditional leader or chief,,,,,,,
Sulaiman Shikoh,https://en.wikipedia.org/wiki/Sulaiman_Shikoh,Q7635970,1635-03-15,1662-05,,,confirmed,9909,9939,"27 years, 47 days to 27 years, 77 days",,,,,,,,
"Alfonso IV d'Este, Duke of Modena",https://en.wikipedia.org/wiki/Alfonso_IV_d%27Este,Q932379,1634-10-14,1662-07-16,,,confirmed,10137,10137,"27 years, 275 days",aristocrat; art collector,,,,,,,
Margaret Yolande of Savoy,https://en.wikipedia.org/wiki/Margaret_Yolande_of_Savoy,Q2447071,1635-11-15,1663-04-29,puerperal disorders,natural causes,confirmed,10027,10027,"27 years, 165 days",aristocrat,,,,,,,
Anthonie Beerstraaten,https://en.wikipedia.org/wiki/Anthonie_Beerstraaten,Q4771917,1637,1664,,,possible,9497,10226,"26 years, 1 day to 27 years, 365 days",painter,,,,,,,
Joanna Katarzyna Radziwiłł,https://en.wikipedia.org/wiki/Joanna_Katarzyna_Radziwi%C5%82%C5%82,Q6205864,1637,1665,,,possible,9863,10591,"27 years, 1 day to 28 years, 364 days",,,,,,,,
Elisabetta Sirani,https://en.wikipedia.org/wiki/Elisabetta_Sirani,Q271475,1638-01-08,1665-08-28,,,confirmed,10094,10094,"27 years, 232 days",etcher; painter; printmaker,,,,,,,
Ignatius Croon,https://en.wikipedia.org/wiki/Ignatius_Croon,Q16828471,1639,1667,,,possible,9863,10591,"27 years, 1 day to 28 years, 364 days",painter,,,,,,,
Johannes Buns,https://en.wikipedia.org/wiki/Johannes_Buns,Q15431841,1640,1667,,,possible,9497,10226,"26 years, 1 day to 27 years, 364 days",painter,,,,,,,
Richard Rhodes,https://en.wikipedia.org/wiki/Richard_Rhodes_(poet),Q18576885,1640,1668,,,possible,9862,10592,"27 years, 1 day to 28 years, 365 days",playwright,,,,,,,
Titus van Rijn,https://en.wikipedia.org/wiki/Titus_van_Rijn,Q200817,1641-09-22,1668,plague,natural causes,possible,9597,9962,"26 years, 101 days to 27 years, 100 days",art dealer; draftsperson; gallerist; painter,,,,,,,
Claude Duval,https://en.wikipedia.org/wiki/Claude_Duval,Q468832,1643,1670-01-21,hanging to death,capital punishment,possible,9518,9882,"26 years, 21 days to 27 years, 20 days",,,,,,,,
Märet Jonsdotter,https://en.wikipedia.org/wiki/M%C3%A4ret_Jonsdotter,Q4356143,1644,1672,decapitation,capital punishment,possible,9862,10592,"27 years, 1 day to 28 years, 365 days",,,,,,,,
Teresa Chodkiewicz,https://en.wikipedia.org/wiki/Teresa_Chodkiewicz,Q7702117,1645,1672,,,possible,9497,10226,"26 years, 1 day to 27 years, 365 days",,,,,,,,
Matthias Knutzen,https://en.wikipedia.org/wiki/Matthias_Knutzen,Q95717,1646,1674,,,possible,9863,10591,"27 years, 1 day to 28 years, 364 days",philosopher; preacher; teacher; theologian; writer,,,,,,,
Pelham Humfrey,https://en.wikipedia.org/wiki/Pelham_Humfrey,Q941345,1647,1674-07-14,,,possible,9692,10056,"26 years, 195 days to 27 years, 194 days",composer,,,,,,,
"Henry Hamilton, 2nd Earl of Clanbrassill","https://en.wikipedia.org/wiki/Henry_Hamilton,_2nd_Earl_of_Clanbrassil",Q75385392,1647,1675-01-12,,,possible,9874,10238,"27 years, 12 days to 28 years, 11 days",,,,,,,,
Franciscus Gijsbrechts,https://en.wikipedia.org/wiki/Franciscus_Gijsbrechts,Q3081981,1649,1676; 1677,,,possible,9497,10591,"26 years, 1 day to 28 years, 364 days",painter,,,,,,,
Gualterus Gysaerts,https://en.wikipedia.org/wiki/Gualterus_Gysaerts,Q17424967,1649,1676; 1677,,,possible,9497,10591,"26 years, 1 day to 28 years, 364 days",painter,,,,,,,
Deb Willet,https://en.wikipedia.org/wiki/Deb_Willet,Q5247798,1650,1678,,,possible,9863,10591,"27 years, 1 day to 28 years, 364 days",maid,,,,,,,
Henry Scougal,https://en.wikipedia.org/wiki/Henry_Scougal,Q2544737,1650,1678-06-13,tuberculosis,natural causes,possible,10026,10390,"27 years, 164 days to 28 years, 163 days",clergyman; professor; theologian,,,,,,,
Robert Coke,https://en.wikipedia.org/wiki/Robert_Coke_(King%27s_Lynn_MP),Q24254934,1651,1679-01-19,,,possible,9881,10245,"27 years, 19 days to 28 years, 18 days",politician,,,,,,,
"Sir Christopher Wray, 6th Baronet","https://en.wikipedia.org/wiki/Sir_Christopher_Wray,_6th_Baronet",Q7526338,1652,1679-08,,,possible,9709,10104,"26 years, 213 days to 27 years, 242 days",politician,,,,,,,
Suzon de Terson,https://en.wikipedia.org/wiki/Suzon_de_Terson,Q549169,1657,1684; 1685,,,possible,9497,10591,"26 years, 1 day to 28 years, 364 days",poet; writer,,,,,,,
Jan van Almeloveen,https://en.wikipedia.org/wiki/Jan_van_Almeloveen,Q3806956,1656,1684-05-31,,,possible,10013,10378,"27 years, 152 days to 28 years, 151 days",draftsperson; engraver; etcher; mezzotinter; painter,,,,,,,
"Sir Thomas Bond, 1st Baronet","https://en.wikipedia.org/wiki/Sir_Thomas_Bond,_1st_Baronet",Q782688,1658,1685,,,possible,9498,10226,"26 years, 1 day to 27 years, 364 days",accountant,,,,,,,
Giovanni Battista Marmi,https://en.wikipedia.org/wiki/Giovanni_Battista_Marmi,Q3107076,1659,1686,,,possible,9498,10226,"26 years, 1 day to 27 years, 364 days",painter; portrait painter; sculptor,,,,,,,
Alexander of Courland,https://en.wikipedia.org/wiki/Alexander_of_Courland,Q876877,1658-10-18,1686-06-28,,,confirmed,10115,10115,"27 years, 253 days",military personnel,,,,,,,
Carl Johann von Königsmarck,https://en.wikipedia.org/wiki/Karl_Johann_von_K%C3%B6nigsmarck,Q263286,1659-05-15,1686-08-27,,,confirmed,9966,9966,"27 years, 104 days",military personnel,,,,,,,
Bengt Gottfried Forselius,https://en.wikipedia.org/wiki/Bengt_Gottfried_Forselius,Q817220,1660,1688-11-16,drowning,,possible,10182,10547,"27 years, 321 days to 28 years, 320 days",linguist; pedagogue; writer,,,,,,,
Gerard Napier,https://en.wikipedia.org/wiki/Gerard_Napier_(MP_for_Dorchester),Q28227585,1661,1689,,,possible,9863,10591,"27 years, 1 day to 28 years, 364 days",politician,,,,,,,
Marie-Armande de Rambures,https://en.wikipedia.org/wiki/Marie-Armande_de_Rambures,Q106360421,1662,1689,,,possible,9498,10226,"26 years, 1 day to 27 years, 364 days",courtier; maid of honour,,,,,,,
William Cleland,https://en.wikipedia.org/wiki/William_Cleland_(poet),Q8006886,1661,1689,gunshot wound,,possible,9863,10591,"27 years, 1 day to 28 years, 364 days",poet,,,,,,,
"Henry Waldegrave, 1st Baron Waldegrave","https://en.wikipedia.org/wiki/Henry_Waldegrave,_1st_Baron_Waldegrave",Q16848674,1661,1689-01-24,,,possible,9886,10250,"27 years, 24 days to 28 years, 23 days",diplomat,,,,,,,
Jacob Querido,https://en.wikipedia.org/wiki/Jacob_Querido,Q631413,1662,1690,,,possible,9863,10591,"27 years, 1 day to 28 years, 364 days",religious role,,,,,,,
"William Pierrepont, 4th Earl of Kingston-upon-Hull","https://en.wikipedia.org/wiki/William_Pierrepont,_4th_Earl_of_Kingston-upon-Hull",Q8016891,1662,1690-09-17,,,possible,10122,10486,"27 years, 260 days to 28 years, 259 days",,,,,,,,
"Henry FitzRoy, 1st Duke of Grafton","https://en.wikipedia.org/wiki/Henry_FitzRoy,_1st_Duke_of_Grafton",Q538459,1663-09-28,1690-10-09,,death in battle,confirmed,9873,9873,"27 years, 11 days",politician,,,,,,,
Henry Bayntun,https://en.wikipedia.org/wiki/Henry_Bayntun_(died_1691),Q5717906,1664-12-17,1691,,,possible,9511,9875,"26 years, 15 days to 27 years, 14 days",politician,,,,,,,
Chevalier de Beauregard,https://en.wikipedia.org/wiki/Chevalier_de_Beauregard,Q1070891,1665,1692,,,possible,9497,10226,"26 years, 1 day to 27 years, 365 days",military personnel,,,,,,,
Ewert Janssen,https://en.wikipedia.org/wiki/Ewert_Janssen,Q5419019,1665,1692,,,possible,9497,10226,"26 years, 1 day to 27 years, 365 days",architect,,,,,,,
William Mountfort,https://en.wikipedia.org/wiki/William_Mountfort,Q8015894,1664,1692,stab wound to the chest,homicide,possible,9862,10592,"27 years, 1 day to 28 years, 365 days",actor; playwright; writer,,,,,,,
"Odoardo Farnese, Hereditary Prince of Parma","https://en.wikipedia.org/wiki/Odoardo_Farnese,_Hereditary_Prince_of_Parma",Q964936,1666-08-12,1693-09-06,,,confirmed,9887,9887,"27 years, 25 days",aristocrat,,,,,,,
"James Cecil, 4th Earl of Salisbury","https://en.wikipedia.org/wiki/James_Cecil,_4th_Earl_of_Salisbury",Q3806493,1666,1694,,,possible,9863,10591,"27 years, 1 day to 28 years, 364 days",politician,,,,,,,
"Sir Edward Wyndham, 2nd Baronet","https://en.wikipedia.org/wiki/Sir_Edward_Wyndham,_2nd_Baronet",Q7526632,1667,1695-06-29,,,possible,10042,10406,"27 years, 180 days to 28 years, 179 days",politician,,,,,,,
Zhang Zhupo,https://en.wikipedia.org/wiki/Zhang_Zhupo,Q11068908,1670,1698,,natural causes,possible,9863,10591,"27 years, 1 day to 28 years, 364 days",literary critic; novelist; writer,,,,,,,
Michael Hill,https://en.wikipedia.org/wiki/Michael_Hill_(1672%E2%80%931699),Q6831136,1672-08-07,1699,,,possible,9643,10007,"26 years, 147 days to 27 years, 146 days",politician,,,,,,,
Bishan Singh,https://en.wikipedia.org/wiki/Bishan_Singh,Q4917332,1672,1699-12-31,,,confirmed,9861,10226,"27 years, 0 days to 27 years, 364 days",,,,,,,,
Jacobus de Baen,https://en.wikipedia.org/wiki/Jacobus_de_Baen,Q6119912,1673,1700,,,possible,9497,10225,"26 years, 1 day to 27 years, 364 days",painter,,,,,,,
Charlotte of Nassau-Schaumburg,https://en.wikipedia.org/wiki/Charlotte_of_Nassau-Schaumburg,Q29373969,1672; 1673-09-28,1700-01-30,,,possible,9620,10256,"26 years, 124 days to 28 years, 29 days",,,,,,,,
Lord Henry Cavendish,https://en.wikipedia.org/wiki/Lord_Henry_Cavendish,Q6679337,1673,1700-05-10,,,possible,9626,9990,"26 years, 130 days to 27 years, 129 days",politician,,,,,,,
Joseph Bradish,https://en.wikipedia.org/wiki/Joseph_Bradish,Q6281664,1672-11-28,1700-07-12,,capital punishment,confirmed,10087,10087,"27 years, 226 days",pirate,,,,,,,
Anna Maria Arduino,https://en.wikipedia.org/wiki/Anna_Maria_Arduino,Q22069306,1672,1700-12-29,,,possible,10224,10589,"27 years, 363 days to 28 years, 362 days",painter; poet; socialite,,,,,,,
"Edward Rich, 6th Earl of Warwick","https://en.wikipedia.org/wiki/Edward_Rich,_6th_Earl_of_Warwick",Q3720017,1673,1701-07-31,,,possible,10073,10437,"27 years, 212 days to 28 years, 211 days",,,,,,,,
Francis Brewster,https://en.wikipedia.org/wiki/Francis_Brewster_(lord_mayor),Q5480330,1674,1702,,,possible,9862,10590,"27 years, 1 day to 28 years, 364 days",,,,,,,,
"James Annesley, 3rd Earl of Anglesey","https://en.wikipedia.org/wiki/James_Annesley,_3rd_Earl_of_Anglesey",Q2701764,1674,1702-01-21,,,possible,9882,10246,"27 years, 21 days to 28 years, 20 days",politician,,,,,,,
Charles Bécart de Granville et de Fonville,https://en.wikipedia.org/wiki/Charles_B%C3%A9cart_de_Granville_et_de_Fonville,Q2958650,1675-05-31,1703-01-02,smallpox,natural causes,confirmed,10077,10077,"27 years, 216 days",illustrator,,,,,,,
Andrew Hamilton,https://en.wikipedia.org/wiki/Andrew_Hamilton_(New_Jersey_governor),Q4757220,1676,1703-04-20,,,possible,9605,9970,"26 years, 110 days to 27 years, 109 days",event producer; merchant,,,,,,,
Adriaen Oudendijck,https://en.wikipedia.org/wiki/Adriaen_Oudendijck,Q4684800,1677,1704,,,possible,9496,10225,"26 years, 1 day to 27 years, 365 days",painter,,,,,,,
Constantine Ducas,https://en.wikipedia.org/wiki/Constantine_Ducas_(Moldavian_ruler),Q591702,1676,1704,,,possible,9861,10591,"27 years, 1 day to 28 years, 365 days",ruler,,,,,,,
"Sir John Cordell, 3rd Baronet","https://en.wikipedia.org/wiki/Sir_John_Cordell,_3rd_Baronet",Q7527681,1677,1704,,,possible,9496,10225,"26 years, 1 day to 27 years, 365 days",politician,,,,,,,
"George Hastings, 8th Earl of Huntingdon","https://en.wikipedia.org/wiki/George_Hastings,_8th_Earl_of_Huntingdon",Q5540310,1677,1705-02-22,,,possible,9914,10278,"27 years, 53 days to 28 years, 52 days",military personnel,,,,,,,
Augustin Lippi,https://en.wikipedia.org/wiki/Augustin_Lippi,Q767887,1678,1705-11-10,,,possible,9810,10174,"26 years, 314 days to 27 years, 313 days",botanist; physician,,,,,,,
Thomas Mansel,https://en.wikipedia.org/wiki/Thomas_Mansel_(1678%E2%80%931706),Q19059857,1678-05-14,1706-01-18,,,confirmed,10111,10111,"27 years, 249 days",politician,,,,,,,
Philip Monoux,"https://en.wikipedia.org/wiki/Sir_Philip_Monoux,_3rd_Baronet",Q26212961,1679; 1679-01-25,1707; 1707-11-25,,,possible,9862,10590,"27 years, 1 day to 28 years, 364 days",politician,,,,,,,
Cary Newton,https://en.wikipedia.org/wiki/Cary_Coke,Q75258538,1680-06-09,1707-08-04,,,confirmed,9916,9916,"27 years, 56 days",,,,,,,,
John Benbow,https://en.wikipedia.org/wiki/John_Benbow_(explorer),Q6221493,1681,1708-11-17,,,possible,9817,10181,"26 years, 322 days to 27 years, 321 days",explorer,,,,,,,
Hedvig Sophia of Sweden,https://en.wikipedia.org/wiki/Hedvig_Sophia_of_Sweden,Q420706,1681-06-26,1708-12-12,,,confirmed,10030,10030,"27 years, 169 days",politician,,,,,,,
Anna Maria Thelott,https://en.wikipedia.org/wiki/Anna_Maria_Thelott,Q3307858,1683,1710,plague,natural causes,possible,9497,10225,"26 years, 1 day to 27 years, 364 days",illustrator; painter,,,,,,,
Teresa Lubomirska,https://en.wikipedia.org/wiki/Teresa_Lubomirska,Q445865,1685-01-01,1712-01-06,,,confirmed,9865,9865,"27 years, 5 days",,,,,,,,
William Harrison,https://en.wikipedia.org/wiki/William_Harrison_(poet),Q8010942,1685,1713-02-14,,,possible,9906,10270,"27 years, 45 days to 28 years, 44 days",diplomat; journalist; poet,,,,,,,
"Elizabeth Churchill, Countess of Bridgewater","https://en.wikipedia.org/wiki/Elizabeth_Churchill,_Countess_of_Bridgewater",Q50848258,1687-03-15,1713-03-22; 1714-03-22,,,possible,9503,9868,"26 years, 7 days to 27 years, 7 days",,,,,,,,
"Charles of France, Duke of Berry","https://en.wikipedia.org/wiki/Charles,_Duke_of_Berry_(1686%E2%80%931714)",Q317929,1686-08-31,1714-05-04; 1714-05-05,horse fall; hunting accident,accidental death,confirmed,10107,10108,"27 years, 246 days to 27 years, 247 days",aristocrat,,,,,,,
John Strangways,https://en.wikipedia.org/wiki/John_Strangways_(died_1716),Q36710154,1688,1716-05-05,,,possible,9986,10351,"27 years, 126 days to 28 years, 125 days",politician,,,,,,,
Aleksander Dominik Lubomirski,https://en.wikipedia.org/wiki/Aleksander_Dominik_Lubomirski,Q4714934,1693,1720,,,possible,9496,10225,"26 years, 1 day to 27 years, 365 days",aristocrat,,,,,,,
William Dunlop,https://en.wikipedia.org/wiki/William_Dunlop_(ecclesiastical_historian),Q8008129,1692,1720,,,possible,9861,10591,"27 years, 1 day to 28 years, 365 days",historian,,,,,,,
Edward Talbot,https://en.wikipedia.org/wiki/Edward_Talbot_(priest),Q16859590,1693,1720-12-09,,,possible,9839,10203,"26 years, 344 days to 27 years, 343 days",cleric,,,,,,,
"Charles Howard, 7th Earl of Suffolk","https://en.wikipedia.org/wiki/Charles_Howard,_7th_Earl_of_Suffolk",Q5079168,1693-05-09,1721-02-08; 1722-02-08,,,possible,10136,10501,"27 years, 275 days to 28 years, 275 days",politician,,,,,,,
Bhupatindra Malla,https://en.wikipedia.org/wiki/Bhupatindra_Malla,Q13184445,1695,1722,,,possible,9497,10225,"26 years, 1 day to 27 years, 364 days",,,,,,,,
Christopher Moody,https://en.wikipedia.org/wiki/Christopher_Moody,Q1444723,1694,1722,hanging to death,capital punishment,possible,9862,10590,"27 years, 1 day to 28 years, 364 days",privateer,,,,,,,
Fath-Ali Khan Daghestani,https://en.wikipedia.org/wiki/Fath-Ali_Khan_Daghestani,Q19560464,1694,1722,,,possible,9862,10590,"27 years, 1 day to 28 years, 364 days",politician,,,,,,,
James Stuart,"https://en.wikipedia.org/wiki/James_Stuart,_2nd_Earl_of_Bute",Q245654,1696,1723,,,possible,9496,10225,"26 years, 1 day to 27 years, 364 days",politician,,,,,,,
Judith Drake,https://en.wikipedia.org/wiki/Judith_Drake,Q6303362,1696,1723,,,possible,9496,10225,"26 years, 1 day to 27 years, 364 days",essayist,,,,,,,
Johann Christian Günther,https://en.wikipedia.org/wiki/Johann_Christian_G%C3%BCnther,Q64642,1695-04-08,1723-03-15,,,confirmed,10202,10202,"27 years, 341 days",librettist; playwright; poet; writer,,,,,,,
"Jules, Prince of Soubise","https://en.wikipedia.org/wiki/Jules_de_Rohan,_3rd_Prince_of_Soubise",Q2058648,1697-01-16,1724-05-06,smallpox,natural causes,confirmed,9971,9971,"27 years, 111 days",aristocrat,,,,,,,
Maria Romberg,https://en.wikipedia.org/wiki/Maria_Romberg,Q4975324,1697,1725-04-14,decapitation,,possible,9965,10329,"27 years, 104 days to 28 years, 103 days",,,,,,,,
Mahmud Hotaki,https://en.wikipedia.org/wiki/Mahmud_Hotak,Q31494,1697,1725-04-22,,,possible,9973,10337,"27 years, 112 days to 28 years, 111 days",politician,,,,,,,
John Gow,https://en.wikipedia.org/wiki/John_Gow,Q1700259,1698,1725-06-11,hanging to death,capital punishment,possible,9658,10022,"26 years, 162 days to 27 years, 161 days",pirate,,,,,,,
William Fly,https://en.wikipedia.org/wiki/William_Fly,Q2248991,1699,1726-07-12,hanging to death,capital punishment,possible,9689,10053,"26 years, 193 days to 27 years, 192 days",executioner; military personnel; sailor,,,,,,,
Edward Stradling,https://en.wikipedia.org/wiki/Edward_Stradling_(1699%E2%80%931726),Q17180972,1699-03-30,1726-10-03,,,confirmed,10048,10048,"27 years, 187 days",politician,,,,,,,
Percy Freke,"https://en.wikipedia.org/wiki/Sir_Percy_Freke,_2nd_Baronet",Q7167351,1700-04-30,1728-04-10,,,confirmed,10207,10207,"27 years, 346 days",politician,,,,,,,
John Gaspar Scheuchzer,https://en.wikipedia.org/wiki/Johann_Caspar_Scheuchzer,Q1692866,1702-01-26,1729-04-21,,,confirmed,9947,9947,"27 years, 85 days",japanologist; naturalist; physician; translator,,,,,,,
"Robert Spencer, 4th Earl of Sunderland","https://en.wikipedia.org/wiki/Robert_Spencer,_4th_Earl_of_Sunderland",Q3938430,1701-10-24,1729-09-15,,,confirmed,10188,10188,"27 years, 326 days",,,,,,,,
"Edward Ward, 9th Baron Dudley","https://en.wikipedia.org/wiki/Edward_Ward,_9th_Baron_Dudley",Q5345802,1704-06-16,1731-09-06,,,confirmed,9943,9943,"27 years, 82 days",,,,,,,,
Jane Cibber,https://en.wikipedia.org/wiki/Jane_Cibber,Q99254424,1706,1733,,,possible,9498,10226,"26 years, 1 day to 27 years, 364 days",actor; stage actor,,,,,,,
Rebekah Chamblit,https://en.wikipedia.org/wiki/Rebekah_Chamblit,Q7301995,1706,1733,,capital punishment,possible,9498,10226,"26 years, 1 day to 27 years, 364 days",,,,,,,,
"Frederick William II, Prince of Nassau-Siegen","https://en.wikipedia.org/wiki/Frederick_William_II,_Prince_of_Nassau-Siegen",Q831684,1706-11-11,1734-03-02,,,confirmed,9973,9973,"27 years, 111 days",military personnel; Prince of Nassau-Siegen,,,,,,,
Jane Colman Turell,https://en.wikipedia.org/wiki/Jane_Turell,Q1682584,1708-02-25,1735-03-26,,,confirmed,9891,9891,"27 years, 29 days",poet; writer,,,,,,,
"Nevill Lovelace, 6th Baron Lovelace","https://en.wikipedia.org/wiki/Neville_Lovelace,_6th_Baron_Lovelace",Q74142708,1708,1736,,,possible,9862,10592,"27 years, 1 day to 28 years, 365 days",,,,,,,,
Charles Stanhope,https://en.wikipedia.org/wiki/Charles_Stanhope_(1708%E2%80%931736),Q16208770,1708-09-06,1736-02-20,,,confirmed,10028,10028,"27 years, 167 days",politician,,,,,,,
Christopher Dufrost de La Jemeraye,https://en.wikipedia.org/wiki/Christopher_Dufrost_de_La_Jemeraye,Q2966218,1708-12-06,1736-05-10,,,confirmed,10017,10017,"27 years, 156 days",cartographer; explorer,,,,,,,
Julie Pinel,https://en.wikipedia.org/wiki/Julie_Pinel,Q15433777,1710,1737,,,possible,9498,10226,"26 years, 1 day to 27 years, 364 days",composer; harpsichordist; music educator,,,,,,,
Richard Charke,https://en.wikipedia.org/wiki/Richard_Charke,Q15452249,1709,1737,,,possible,9863,10591,"27 years, 1 day to 28 years, 364 days",composer; opera singer; violinist,,,,,,,
Hatice Sultan,https://en.wikipedia.org/wiki/Hatice_Sultan_(daughter_of_Ahmed_III),Q77676,1710-09-27,1738,,,possible,9958,10322,"27 years, 96 days to 28 years, 95 days",aristocrat,,,,,,,
Robert Cadman,https://en.wikipedia.org/wiki/Robert_Cadman,Q7342681,1711,1739,,,possible,9863,10591,"27 years, 1 day to 28 years, 364 days",steeplejack,,,,,,,
Juan Vélez de Córdova,https://en.wikipedia.org/wiki/Juan_V%C3%A9lez_de_C%C3%B3rdova,Q16585244,1711-10-03,1739-07-07,,,confirmed,10139,10139,"27 years, 277 days",,,,,,,,
Charles Edzard,"https://en.wikipedia.org/wiki/Charles_Edzard,_Prince_of_East_Frisia",Q559448,1716-06-18,1744-05-25,,,confirmed,10203,10203,"27 years, 342 days",aristocrat,,,,,,,
Marie Anne de Mailly,https://en.wikipedia.org/wiki/Marie_Anne_de_Mailly-Nesle,Q273608,1717-10-05,1744-12-08,peritonitis,natural causes,confirmed,9926,9926,"27 years, 64 days",lady-in-waiting; royal mistress,,,,,,,
Princess Anne Thérèse of Savoy,https://en.wikipedia.org/wiki/Princess_Anna_Theresa_of_Savoy,Q1996040,1717-11-01,1745-04-05,puerperal disorders,natural causes,confirmed,10017,10017,"27 years, 155 days",aristocrat,,,,,,,
Anna Leopoldovna,https://en.wikipedia.org/wiki/Anna_Leopoldovna,Q159651,1718-12-18,1746-03-19,puerperal disorders,natural causes,confirmed,9953,9953,"27 years, 91 days",sovereign,,,,,,,
Hendrina Wouters,https://en.wikipedia.org/wiki/Hendrina_Wouters,Q4990731,1718,1746-12-17,,capital punishment,possible,10213,10577,"27 years, 351 days to 28 years, 350 days",,,,,,,,
Reza Qoli Mirza Afshar,https://en.wikipedia.org/wiki/Reza_Qoli_Mirza_Afshar,Q18394220,1719-04-05,1747,,,possible,10133,10497,"27 years, 271 days to 28 years, 270 days",military leader; politician; prince,,,,,,,
John Bouverie,https://en.wikipedia.org/wiki/John_Bouverie,Q6222612,1723,1750-09-19,,,possible,9759,10123,"26 years, 262 days to 27 years, 261 days",art collector,,,,,,,
John Holt,https://en.wikipedia.org/wiki/John_Holt_(composer),Q16252299,1726,1753,,,possible,9498,10226,"26 years, 1 day to 27 years, 364 days",composer,,,,,,,
Lama Dorji,https://en.wikipedia.org/wiki/Lama_Dorji,Q4253444,1726,1753-01-12,,,possible,9509,9873,"26 years, 12 days to 27 years, 11 days",khan; Lama,,,,,,,
Richard Leveson-Gower,https://en.wikipedia.org/wiki/Richard_Leveson-Gower,Q7327353,1726-04-30,1753-10-19,,,confirmed,10034,10034,"27 years, 172 days",politician,,,,,,,
"John Allen, 4th Viscount Allen","https://en.wikipedia.org/wiki/John_Allen,_4th_Viscount_Allen",Q6218722,1726,1753-11-10,,,possible,9811,10175,"26 years, 314 days to 27 years, 313 days",politician,,,,,,,
Thomas Melvill,https://en.wikipedia.org/wiki/Thomas_Melvill,Q7792378,1726,1753-12,,,possible,9832,10226,"26 years, 335 days to 27 years, 364 days",astronomer; meteorologist; philosopher; physicist,,,,,,,
Honinbo Hakugen,https://en.wikipedia.org/wiki/Hon%27inb%C5%8D_Hakugen,Q6123294,1726,1754,,,possible,9863,10591,"27 years, 1 day to 28 years, 364 days",Go player,,,,,,,
Martha Stearns Marshall,https://en.wikipedia.org/wiki/Martha_Stearns_Marshall,Q6774571,1726,1754,,,possible,9863,10591,"27 years, 1 day to 28 years, 364 days",,,,,,,,
Nijō Munemoto,https://en.wikipedia.org/wiki/Nij%C5%8D_Munemoto,Q4921989,1727-06,1754,,,possible,9682,10075,"26 years, 185 days to 27 years, 213 days",,,,,,,,
Maria Teresa Felicitas d'Este,https://en.wikipedia.org/wiki/Maria_Teresa_Felicitas_d%27Este,Q446962,1726-10-06,1754-04-30,puerperal disorders,natural causes,confirmed,10068,10068,"27 years, 206 days",aristocrat,,,,,,,
John Frelinghuysen,https://en.wikipedia.org/wiki/John_Frelinghuysen_(minister),Q6234209,1727,1754-09-05,,,possible,9745,10109,"26 years, 248 days to 27 years, 247 days",Christian minister,,,,,,,
Inamullah Khan Yaqeen,https://en.wikipedia.org/wiki/Inamullah_Khan_Yaqeen,Q105755782,1727,1755,,,possible,9863,10591,"27 years, 1 day to 28 years, 364 days",poet,,,,,,,
Henry Boyle-Walsingham,https://en.wikipedia.org/wiki/Henry_Boyle-Walsingham,Q5718488,1729,1756; 1756-03-27,,,possible,9497,10226,"26 years, 1 day to 27 years, 365 days",politician,,,,,,,
Pedro Loefling,https://en.wikipedia.org/wiki/Pehr_L%C3%B6fling,Q714748,1729-01-20,1756-02-22,,,confirmed,9894,9894,"27 years, 33 days",botanist; entomologist; scientific collector,,,,,,,
"Sir Richard Atkins, 6th Baronet","https://en.wikipedia.org/wiki/Sir_Richard_Atkins,_6th_Baronet",Q75414151,1728,1756-06-10,,,possible,10023,10388,"27 years, 162 days to 28 years, 161 days",,,,,,,,
"Edward Digby, 6th Baron Digby","https://en.wikipedia.org/wiki/Edward_Digby,_6th_Baron_Digby",Q5342594,1730-07-05,1757-11-30,,,confirmed,10010,10010,"27 years, 148 days",politician,,,,,,,
"Sir Henry D'Anvers, 4th Baronet","https://en.wikipedia.org/wiki/Sir_Henry_D%27Anvers,_4th_Baronet",Q84243091,1731-04-30,1758-08-13,,,confirmed,9967,9967,"27 years, 105 days",,,,,,,,
Elizabeth Fletcher,https://en.wikipedia.org/wiki/Elizabeth_Fletcher,Q18936037,1731-12,1758-12-18,,,possible,9849,9879,"26 years, 352 days to 27 years, 17 days",scholar,,,,,,,
Gustavus Waltz,https://en.wikipedia.org/wiki/Gustavus_Waltz,Q9282810,1732,1759,,,possible,9497,10226,"26 years, 1 day to 27 years, 364 days",composer; opera singer,,,,,,,
Elizabeth Pennington,https://en.wikipedia.org/wiki/Elizabeth_Pennington,Q18681473,1732,1759-02,,,possible,9528,9920,"26 years, 32 days to 27 years, 58 days",poet; writer,,,,,,,
"Sir John Lade, 1st Baronet","https://en.wikipedia.org/wiki/Sir_John_Lade,_1st_Baronet_(2nd_creation)",Q26911610,1731,1759-04-21,,,possible,9973,10337,"27 years, 111 days to 28 years, 110 days",politician,,,,,,,
Princess Caroline Wilhelmina Sophia of Hesse-Kassel,https://en.wikipedia.org/wiki/Princess_Caroline_Wilhelmina_Sophia_of_Hesse-Kassel,Q2619334,1732-05-10,1759-05-22,,,confirmed,9873,9873,"27 years, 12 days",aristocrat,,,,,,,
"Michel du Motier, Marquis de La Fayette","https://en.wikipedia.org/wiki/Michel_du_Motier,_Marquis_de_La_Fayette",Q6836630,1731-08-13,1759-07-09,,,confirmed,10192,10192,"27 years, 330 days",military personnel,,,,,,,
Marie Baptiste,https://en.wikipedia.org/wiki/Marie_Baptiste,Q3292377,1733,1760,,,possible,9497,10226,"26 years, 1 day to 27 years, 365 days",actor; opera singer,,,,,,,
"Maria Coventry, Countess of Coventry","https://en.wikipedia.org/wiki/Maria_Coventry,_Countess_of_Coventry",Q601461,1733,1760-09-30,sepsis,metal poisoning,possible,9770,10134,"26 years, 274 days to 27 years, 273 days",stage actor,,,,,,,
Nicolas-Louis d'Assas,https://en.wikipedia.org/wiki/Nicolas-Louis_d%27Assas,Q2754761,1733-07-20,1760-10-15,,,confirmed,9949,9949,"27 years, 87 days",military officer,,,,,,,
Samuel Bowden,https://en.wikipedia.org/wiki/Samuel_Bowden_(poet),Q7410957,1733,1761,,,possible,9863,10591,"27 years, 1 day to 28 years, 364 days",poet,,,,,,,
Shamsher Bahadur I,https://en.wikipedia.org/wiki/Shamsher_Bahadur_I,Q16796625,1734,1761-01-14,,,possible,9511,9875,"26 years, 14 days to 27 years, 13 days",ruler,,,,,,,
Crown Prince Sado,https://en.wikipedia.org/wiki/Crown_Prince_Sado,Q492998,1735-01-21,1762-07-12,,capital punishment,confirmed,10034,10034,"27 years, 172 days",calligrapher,,,,,,,
Benjamin Burton,"https://en.wikipedia.org/wiki/Benjamin_Burton_(politician,_born_1736)",Q75859658,1736-03-12,1763,,,possible,9791,10155,"26 years, 295 days to 27 years, 294 days",,,,,,,,
Francis Child,https://en.wikipedia.org/wiki/Francis_Child_(died_1763),Q16239279,1735,1763,,,possible,9863,10591,"27 years, 1 day to 28 years, 364 days",politician,,,,,,,
"Sir Robert Davers, 5th Baronet","https://en.wikipedia.org/wiki/Sir_Robert_Davers,_5th_Baronet",Q107138402,1735,1763-05-06,killing,,possible,9988,10352,"27 years, 126 days to 28 years, 125 days",explorer,,,,,,,
Thomas Thetcher,https://en.wikipedia.org/wiki/Thomas_Thetcher,Q7794421,1737,1764-05-12,,,possible,9629,9993,"26 years, 133 days to 27 years, 132 days",,,,,,,,
Noble Consort Xin,https://en.wikipedia.org/wiki/Noble_Consort_Xin,Q6685607,1737,1764-05-28,,,possible,9645,10009,"26 years, 149 days to 27 years, 148 days",,,,,,,,
Alexia de Lode,https://en.wikipedia.org/wiki/Alexia_de_Lode,Q11957330,1737,1765-12-18,,,possible,10214,10578,"27 years, 352 days to 28 years, 351 days",copper engraver; graphic artist,,,,,,,
Thomas Abbt,https://en.wikipedia.org/wiki/Thomas_Abbt,Q60582,1738-11-25,1766-11-03,,,confirmed,10205,10205,"27 years, 343 days",mathematician; philosopher; university teacher; writer,,,,,,,
Anna Bon,https://en.wikipedia.org/wiki/Anna_Bon,Q440156,1740,1767,,,possible,9497,10226,"26 years, 1 day to 27 years, 364 days",composer; harpsichordist; opera singer; singer,,,,,,,
"Francis Russell, Marquess of Tavistock","https://en.wikipedia.org/wiki/Francis_Russell,_Marquess_of_Tavistock",Q2000654,1739-09-27,1767-03-22,horse fall,accidental death,confirmed,10038,10038,"27 years, 176 days",politician,,,,,,,
Charles John Frederick Lampe,https://en.wikipedia.org/wiki/Charles_John_Frederick_Lampe,Q5079525,1739,1767-09-10,,,possible,10115,10479,"27 years, 253 days to 28 years, 252 days",composer; organist,,,,,,,
Maksym Zalizniak,https://en.wikipedia.org/wiki/Maksym_Zalizniak,Q1958210,1740,1768,,,possible,9862,10592,"27 years, 1 day to 28 years, 365 days",politician,,,,,,,
Stephen van Rensselaer II,https://en.wikipedia.org/wiki/Stephen_van_Rensselaer_II,Q7610936,1742-06-02,1769-10-19,,,confirmed,10001,10001,"27 years, 139 days",politician,,,,,,,
Robert Healy,https://en.wikipedia.org/wiki/Robert_Healy_(artist),Q18672175,1743,1771,,,possible,9863,10591,"27 years, 1 day to 28 years, 364 days",artist,,,,,,,
Jacob Guntlack,https://en.wikipedia.org/wiki/Jacob_Guntlack,Q5777092,1744,1771-01-16,hanging to death,capital punishment,possible,9512,9877,"26 years, 16 days to 27 years, 15 days",,,,,,,,
Ulysses FitzMaurice,https://en.wikipedia.org/wiki/Ulysses_FitzMaurice,Q86938207,1744,1772-08-21,,,possible,10095,10460,"27 years, 234 days to 28 years, 233 days",,,,,,,,
Madhavrao I,https://en.wikipedia.org/wiki/Madhavrao_I,Q5971343,1745-02-14,1772-11-18,tuberculosis,natural causes,confirmed,10139,10139,"27 years, 278 days",minister; politician,,,,,,,
John Bradby Blake,https://en.wikipedia.org/wiki/John_Bradby_Blake,Q18530146,1745,1773,,,possible,9863,10591,"27 years, 1 day to 28 years, 364 days",botanical collector; botanist; naturalist,,,,,,,
Art Ó Laoghaire,https://en.wikipedia.org/wiki/Art_%C3%93_Laoghaire,Q4797290,1746,1773-05-04,,,possible,9621,9985,"26 years, 124 days to 27 years, 123 days",,,,,,,,
Anders Berlin,https://en.wikipedia.org/wiki/Andreas_Berlin,Q496118,1746-05-20,1773-06-12,,,confirmed,9885,9885,"27 years, 23 days",botanist; explorer; naturalist,,,,,,,
Nabeshima Naohiro,https://en.wikipedia.org/wiki/Nabeshima_Naohiro_(Hasunoike),Q6956819,1746-05-08,1773-09-12,,,confirmed,9989,9989,"27 years, 127 days",samurai,,,,,,,
Jesse Lukens,https://en.wikipedia.org/wiki/Jesse_Lukens,Q107494704,1748,1775,,,possible,9497,10226,"26 years, 1 day to 27 years, 364 days",,,,,,,,
Benajah Carpenter,https://en.wikipedia.org/wiki/Benajah_Carpenter,Q4886813,1748,1776,,death in battle,possible,9862,10592,"27 years, 1 day to 28 years, 365 days",,,,,,,,
James Mugford,https://en.wikipedia.org/wiki/James_Mugford,Q6140121,1749-05-19,1776-05-19,,death in battle,confirmed,9862,9862,"27 years, 0 days",,,,,,,,
Ludwig Christoph Heinrich Hölty,https://en.wikipedia.org/wiki/Ludwig_Christoph_Heinrich_H%C3%B6lty,Q71456,1748-12-21,1776-09-01,tuberculosis,natural causes,confirmed,10116,10116,"27 years, 255 days",poet; translator; writer,,,,,,,
Hossein Qoli Khan,https://en.wikipedia.org/wiki/Hossein_Qoli_Khan_Qajar,Q3141002,1750,1777,,,possible,9498,10226,"26 years, 1 day to 27 years, 364 days",,,,,,,,
Jeong Hu-gyeom,https://en.wikipedia.org/wiki/Jeong_Hu-gyeom,Q6536159,1749,1777,,,possible,9863,10591,"27 years, 1 day to 28 years, 364 days",politician,,,,,,,
Thomas Glenn,https://en.wikipedia.org/wiki/Thomas_Glenn_(pioneer),Q104523551,1750,1777-09-01,,,possible,9741,10105,"26 years, 244 days to 27 years, 243 days",,,,,,,,
Samuel Chew,https://en.wikipedia.org/wiki/Samuel_Chew_(captain),Q7411105,1750,1778-03-04,,death in battle,possible,9925,10289,"27 years, 63 days to 28 years, 62 days",,,,,,,,
Itakura Katsuyori,https://en.wikipedia.org/wiki/Itakura_Katsuyori,Q6092520,1750-04-29,1778-03-05,,,confirmed,10172,10172,"27 years, 310 days",samurai,,,,,,,
Nicholas Biddle,https://en.wikipedia.org/wiki/Nicholas_Biddle_(naval_officer),Q7025068,1750-09-10,1778-03-07,,,confirmed,10040,10040,"27 years, 178 days",military personnel,,,,,,,
William Anderson,https://en.wikipedia.org/wiki/William_Anderson_(naturalist),Q3568393,1750-12-28,1778-08-03,tuberculosis,natural causes,confirmed,10080,10080,"27 years, 218 days",botanist; naturalist; scientific collector,,,,,,,
"Henry Pelham-Clinton, Earl of Lincoln","https://en.wikipedia.org/wiki/Henry_Pelham-Clinton,_Earl_of_Lincoln",Q5726820,1750-11-05,1778-10-18,,,confirmed,10209,10209,"27 years, 347 days",politician,,,,,,,
James Hackman,https://en.wikipedia.org/wiki/James_Hackman,Q16200748,1752,1779,,capital punishment,possible,9497,10226,"26 years, 1 day to 27 years, 364 days",,,,,,,,
Joseph Bowman,https://en.wikipedia.org/wiki/Joseph_Bowman,Q6281644,1752,1779,,,possible,9497,10226,"26 years, 1 day to 27 years, 364 days",military officer,,,,,,,
Omai,https://en.wikipedia.org/wiki/Mai_(Ra%27iatean_man),Q457143,1751,1779,,,possible,9863,10591,"27 years, 1 day to 28 years, 364 days",explorer,,,,,,,
Colonel Tye,https://en.wikipedia.org/wiki/Colonel_Tye,Q5148183,1753,1780,tetanus,natural causes,possible,9497,10226,"26 years, 1 day to 27 years, 365 days",military personnel,,,,,,,
Richard Thomas,https://en.wikipedia.org/wiki/Richard_Thomas_(priest),Q7329445,1753-12-10,1780,,,possible,9518,9883,"26 years, 22 days to 27 years, 21 days",Anglican priest; cleric; collector; curate,,,,,,,
Jacobus van der Puije,https://en.wikipedia.org/wiki/Jacobus_van_der_Puije,Q71885652,1754,1781-06-24,,,possible,9672,10036,"26 years, 175 days to 27 years, 174 days",businessperson; slave trader,,,,,,,
Ketevan Andronikashvili,https://en.wikipedia.org/wiki/Ketevan_Andronikashvili,Q12143542,1754,1782-06-03,,,possible,10016,10380,"27 years, 154 days to 28 years, 153 days",royalty,,,,,,,
"Charles William, Duke of Saxe-Meiningen","https://en.wikipedia.org/wiki/Karl_Wilhelm,_Duke_of_Saxe-Meiningen",Q213846,1754-11-19,1782-07-21,,,confirmed,10106,10106,"27 years, 244 days",aristocrat; duke,,,,,,,
John Laurens,https://en.wikipedia.org/wiki/John_Laurens,Q3181906,1754-10-28,1782-08-27,,,confirmed,10165,10165,"27 years, 303 days",politician,,,,,,,
Elżbieta Lubomirska,https://en.wikipedia.org/wiki/El%C5%BCbieta_Lubomirska,Q5368719,1755,1783,,,possible,9863,10591,"27 years, 1 day to 28 years, 364 days",,,,,,,,
Matthew Leydt,https://en.wikipedia.org/wiki/Matthew_Leydt,Q6790870,1755,1783,,,possible,9863,10591,"27 years, 1 day to 28 years, 364 days",civil servant,,,,,,,
Maria Katarina Öhrn,https://en.wikipedia.org/wiki/Maria_Katarina_%C3%96hrn,Q4991118,1756,1783-11-08,,,possible,9808,10173,"26 years, 312 days to 27 years, 311 days",actor; opera singer,,,,,,,
Henry Davis,https://en.wikipedia.org/wiki/Henry_Edwards_Davis,Q18528484,1756,1784,,,possible,9862,10592,"27 years, 1 day to 28 years, 365 days",,,,,,,,
Sano Masakoto,https://en.wikipedia.org/wiki/Sano_Masakoto,Q11385029,1757,1784; 1784-05-21,disembowelment,,possible,9497,10226,"26 years, 1 day to 27 years, 365 days",,,,,,,,
Élisabeth Thible,https://en.wikipedia.org/wiki/%C3%89lisabeth_Thible,Q142967,1757-03-08,1785-02-13,,,confirmed,10204,10204,"27 years, 342 days",balloonist; opera singer,,,,,,,
Samuel Hardy,https://en.wikipedia.org/wiki/Samuel_Hardy,Q7411629,1758,1785-10-17,,,possible,9787,10151,"26 years, 290 days to 27 years, 289 days",lawyer; politician,,,,,,,
Fanny Blood,https://en.wikipedia.org/wiki/Fanny_Blood,Q40868476,1758,1785-11-29,puerperal disorders,natural causes,possible,9830,10194,"26 years, 333 days to 27 years, 332 days",illustrator; painter; teacher,,,,,,,
Abigail Merwin,https://en.wikipedia.org/wiki/Abigail_Merwin,Q4667702,1759,1786,,,possible,9498,10226,"26 years, 1 day to 27 years, 364 days",,,,,,,,
Hieronim Wincenty Radziwiłł,https://en.wikipedia.org/wiki/Hieronim_Wincenty_Radziwi%C5%82%C5%82,Q287906,1759-05-11,1786-09-18,,,confirmed,9992,9992,"27 years, 130 days",politician,,,,,,,
Thomas Wizenmann,https://en.wikipedia.org/wiki/Thomas_Wizenmann,Q28531006,1759,1787,,,possible,9863,10591,"27 years, 1 day to 28 years, 364 days",philosopher,,,,,,,
Christopher Temple Emmet,https://en.wikipedia.org/wiki/Christopher_Temple_Emmet,Q16859297,1761,1788,,,possible,9497,10226,"26 years, 1 day to 27 years, 365 days",barrister; poet,,,,,,,
Ruth Bowyer,https://en.wikipedia.org/wiki/Ruth_Bowyer,Q16199670,1761,1788-06-05,,,possible,9653,10017,"26 years, 157 days to 27 years, 156 days",,,,,,,,
"Infante José, Prince of Brazil","https://en.wikipedia.org/wiki/Jos%C3%A9,_Prince_of_Brazil",Q670383,1761-08-20,1788-09-11,smallpox,natural causes,confirmed,9884,9884,"27 years, 22 days",aristocrat; Tsarevich,,,,,,,
Nicole d'Oliva,https://en.wikipedia.org/wiki/Nicole_d%27Oliva,Q64486955,1761,1789,,,possible,9863,10591,"27 years, 1 day to 28 years, 364 days",actor; courtesan; memoirist; prostitute,,,,,,,
Thomas Spence Duché,https://en.wikipedia.org/wiki/Thomas_Spence_Duch%C3%A9,Q60392114,1763,1790,,,possible,9498,10226,"26 years, 1 day to 27 years, 364 days",scientific illustrator,,,,,,,
"George Gordon, Lord Haddo","https://en.wikipedia.org/wiki/George_Gordon,_Lord_Haddo",Q4545973,1764-01-28,1791-10-02,,,confirmed,10109,10109,"27 years, 247 days",,,,,,,,
Frederick George Byron,https://en.wikipedia.org/wiki/Frederick_George_Byron,Q27926106,1764,1792,,,possible,9862,10592,"27 years, 1 day to 28 years, 365 days",artist; engraver,,,,,,,
Lê Chiêu Thống,https://en.wikipedia.org/wiki/L%C3%AA_Chi%C3%AAu_Th%E1%BB%91ng,Q6506724,1765,1793,,,possible,9863,10591,"27 years, 1 day to 28 years, 364 days",monarch,,,,,,,
William Hill Brown,https://en.wikipedia.org/wiki/William_Hill_Brown,Q321731,1765-11,1793-09-02,,,confirmed,10138,10167,"27 years, 276 days to 27 years, 305 days",novelist; writer,,,,,,,
Adam Lux,https://en.wikipedia.org/wiki/Adam_Lux,Q87798,1765-12-27,1793-11-04,decapitation,,confirmed,10174,10174,"27 years, 312 days",philosopher; politician; revolutionary; winegrower,,,,,,,
Louis Marie de Lescure,https://en.wikipedia.org/wiki/Louis_Marie_de_Lescure,Q1351787,1766-10-13,1793-11-04,,,confirmed,9884,9884,"27 years, 22 days",military personnel,,,,,,,
Thomas Hawdon,https://en.wikipedia.org/wiki/Thomas_Hawdon,Q16859324,1765,1793-11-24,,,possible,10190,10554,"27 years, 328 days to 28 years, 327 days",organist,,,,,,,
François-Nicolas Vincent,https://en.wikipedia.org/wiki/Fran%C3%A7ois-Nicolas_Vincent,Q617241,1767,1794-03-24,decapitation,,possible,9580,9944,"26 years, 83 days to 27 years, 82 days",politician,,,,,,,
Jacques Gilles Henri Goguet,https://en.wikipedia.org/wiki/Jacques_Gilles_Henri_Goguet,Q15967617,1767-03-11,1794-04-21,,,confirmed,9903,9903,"27 years, 41 days",military officer,,,,,,,
Charles Benazech,https://en.wikipedia.org/wiki/Charles_Benazech,Q5075523,1767,1794-05-24,,,possible,9641,10005,"26 years, 144 days to 27 years, 143 days",painter,,,,,,,
Charles Jean Marie Barbaroux,https://en.wikipedia.org/wiki/Charles_Jean_Marie_Barbaroux,Q715839,1767-03-06,1794-06-25,decapitation,capital punishment,confirmed,9973,9973,"27 years, 111 days",journalist; jurist; lawyer; politician; revolutionary,,,,,,,
Marie Thérèse de Choiseul,https://en.wikipedia.org/wiki/Marie_Th%C3%A9r%C3%A8se_de_Choiseul,Q675119,1766-12-08,1794-07-27,decapitation,,confirmed,10093,10093,"27 years, 231 days",,,,,,,,
Claude-François de Payan,https://en.wikipedia.org/wiki/Claude-Fran%C3%A7ois_de_Payan,Q2976713,1766; 1766-05-14,1794-07-28,decapitation,,possible,10071,10435,"27 years, 209 days to 28 years, 208 days",military personnel,,,,,,,
Joachim Vilate,https://en.wikipedia.org/wiki/Joachim_Vilate,Q3179508,1767-10-09,1795-05-07,decapitation,,confirmed,10072,10072,"27 years, 210 days",politician; revolutionary,,,,,,,
Friedrich Albrecht Anton Meyer,https://en.wikipedia.org/wiki/Friedrich_Albrecht_Anton_Meyer,Q1998397,1768-06-29,1795-11-29,,,confirmed,10014,10014,"27 years, 153 days",docent; ichthyologist; narrator; naturalist; ornithologist; physician; physicist; playwright; zoologist,,,,,,,
Lord Charles Townshend,https://en.wikipedia.org/wiki/Lord_Charles_Townshend_(1769%E2%80%931796),Q6679066,1769-01-06,1796-05-27,,homicide,confirmed,10003,10003,"27 years, 142 days",politician,,,,,,,
François Séverin Marceau,https://en.wikipedia.org/wiki/Fran%C3%A7ois_S%C3%A9verin_Marceau,Q1003655,1769-03-01,1796-09-21,,,confirmed,10066,10066,"27 years, 204 days",military personnel,,,,,,,
George Raper,https://en.wikipedia.org/wiki/George_Raper,Q5543729,1769-09-19,1796-09-29,,,confirmed,9872,9872,"27 years, 10 days",biological illustrator; illustrator; naval officer; painter,,,,,,,
Gábor Dayka,https://en.wikipedia.org/wiki/G%C3%A1bor_Dayka,Q715001,1768-05-08; 1769-03-21,1796-10-20,tuberculosis,natural causes,possible,10075,10392,"27 years, 213 days to 28 years, 165 days",poet,,,,,,,
Michał Rymiński,https://en.wikipedia.org/wiki/Micha%C5%82_Rymi%C5%84ski,Q18622362,1769-12-23,1797-01-01,,,confirmed,9871,9871,"27 years, 9 days",actor; dancer; singer,,,,,,,
Samuel Estwick,https://en.wikipedia.org/wiki/Samuel_Estwick_II,Q26678486,1770-01-22,1797-02,,,confirmed,9872,9899,"27 years, 10 days to 27 years, 37 days",plantation owner; politician,,,,,,,
"William Brabazon, 9th Earl of Meath","https://en.wikipedia.org/wiki/William_Brabazon,_9th_Earl_of_Meath",Q25344535,1769-07-06,1797-05-26,,,confirmed,10186,10186,"27 years, 324 days",,,,,,,,
Augustin Alexandre Darthé,https://en.wikipedia.org/wiki/Augustin_Alexandre_Darth%C3%A9,Q767580,1769-10-01,1797-05-27,decapitation,,confirmed,10100,10100,"27 years, 238 days",judge,,,,,,,
Franz Alexander von Kleist,https://en.wikipedia.org/wiki/Franz_Alexander_von_Kleist,Q1446007,1769-12-24,1797-08-08,,,confirmed,10089,10089,"27 years, 227 days",military personnel; poet; writer,,,,,,,
Edward John Newell,https://en.wikipedia.org/wiki/Edward_John_Newell,Q18730225,1771,1798,,,possible,9498,10226,"26 years, 1 day to 27 years, 364 days",informant,,,,,,,
Elihu Hubbard Smith,https://en.wikipedia.org/wiki/Elihu_Hubbard_Smith,Q28975996,1771,1798,,,possible,9498,10226,"26 years, 1 day to 27 years, 364 days",author; founder; physician,,,,,,,
Giambattista Scandella,https://en.wikipedia.org/wiki/Giambattista_Scandella,Q5557990,1770,1798,,natural causes,possible,9863,10591,"27 years, 1 day to 28 years, 364 days",diplomat,,,,,,,
Michael Reynolds,https://en.wikipedia.org/wiki/Michael_Reynolds_(United_Irishmen),Q21069441,1771,1798,,,possible,9498,10226,"26 years, 1 day to 27 years, 364 days",,,,,,,,
Calvin Wooster,https://en.wikipedia.org/wiki/Calvin_Wooster,Q5024535,1771-05-20,1798-11-06,,,confirmed,10032,10032,"27 years, 170 days",,,,,,,,
Edward Cooke,https://en.wikipedia.org/wiki/Edward_Cooke_(Royal_Navy_officer),Q18534146,1772-04-14,1799-05-25,,,confirmed,9902,9902,"27 years, 41 days",sailor,,,,,,,
William Cliffton,https://en.wikipedia.org/wiki/William_Cliffton,Q27506017,1772,1799-12,,,possible,9831,10226,"26 years, 335 days to 27 years, 364 days",poet,,,,,,,
Heinrich Julius Lebeck,https://en.wikipedia.org/wiki/Heinrich_Julius_Lebeck,Q115910448,1772,1800-06-12,,,possible,10024,10389,"27 years, 163 days to 28 years, 162 days",naturalist,,,,,,,
Prithvirajji,https://en.wikipedia.org/wiki/Prithvirajji,Q21182816,1774,1801,,,possible,9497,10225,"26 years, 1 day to 27 years, 364 days",,,,,,,,
Kyra Frosini,https://en.wikipedia.org/wiki/Kyra_Frosini,Q16331191,1773,1801-01-11,,capital punishment,possible,9872,10236,"27 years, 11 days to 28 years, 10 days",,,,,,,,
Mary Osborn,https://en.wikipedia.org/wiki/Mary_Osborn_(murderer),Q111668512,1773,1801-08-17,,,possible,10090,10454,"27 years, 229 days to 28 years, 228 days",,,,,,,,
Thomas Dermody,https://en.wikipedia.org/wiki/Thomas_Dermody,Q7788950,1775-01,1802-07-15,,,confirmed,10026,10056,"27 years, 165 days to 27 years, 195 days",poet; soldier; writer,,,,,,,
Thomas Girtin,https://en.wikipedia.org/wiki/Thomas_Girtin,Q714243,1775-02-18,1802-11-09,tuberculosis,natural causes,confirmed,10125,10125,"27 years, 264 days",etcher; graphic artist; painter; visual artist,,,,,,,
Franz Gareis,https://en.wikipedia.org/wiki/Franz_Gareis,Q1446876,1775-06-28,1803-05-31,,,confirmed,10198,10198,"27 years, 337 days",painter,,,,,,,
Maria Ann Campion,https://en.wikipedia.org/wiki/Maria_Ann_Campion,Q6760998,1775,1803-07-18,,,possible,10060,10424,"27 years, 199 days to 28 years, 198 days",actor,,,,,,,
François Marie Daudin,https://en.wikipedia.org/wiki/Fran%C3%A7ois_Marie_Daudin,Q741829,1776-08-29,1803-11-30,tuberculosis,natural causes,confirmed,9953,9953,"27 years, 93 days",herpetologist; independent publisher; naturalist; ornithologist; zoologist,,,,,,,
John Blair Linn,https://en.wikipedia.org/wiki/John_Blair_Linn,Q23915202,1777-03-14,1804-08-30,,,confirmed,10030,10030,"27 years, 169 days",Christian minister; cleric; poet,,,,,,,
Thomas Cochran,https://en.wikipedia.org/wiki/Thomas_Cochran_(judge),Q7788497,1777,1804-10-08,shipwrecking,accidental death,possible,9777,10141,"26 years, 282 days to 27 years, 281 days",judge,,,,,,,
Maria Casentini,https://en.wikipedia.org/wiki/Maria_Casentini,Q1304159,1778,1805,,,possible,9497,10225,"26 years, 1 day to 27 years, 364 days",ballet dancer; ballet master; dancer,,,,,,,
Anna Lopukhina,https://en.wikipedia.org/wiki/Anna_Lopukhina,Q118906,1777-11-08,1805-04-25,tuberculosis,natural causes,confirmed,10029,10029,"27 years, 168 days",,,,,,,,
Subarna Prabha Devi,https://en.wikipedia.org/wiki/Subarna_Prabha_Devi,Q24952300,1779,1806,,,possible,9497,10225,"26 years, 1 day to 27 years, 364 days",politician,,,,,,,
Wahbanosay,https://en.wikipedia.org/wiki/Wahbanosay,Q7959745,1778,1806,,,possible,9862,10590,"27 years, 1 day to 28 years, 364 days",,,,,,,,
Matsudaira Kataoki,https://en.wikipedia.org/wiki/Matsudaira_Kataoki,Q11239089,1779-01-07,1806-02-15,,,confirmed,9900,9900,"27 years, 39 days",,,,,,,,
Johann Friedrich Wolff,https://en.wikipedia.org/wiki/Johann_Friedrich_Wolff,Q111396,1778,1806-03-13,,,possible,9933,10297,"27 years, 72 days to 28 years, 71 days",botanist; entomologist; physician,,,,,,,
James Halligan,https://en.wikipedia.org/wiki/James_Halligan_(1778%E2%80%931806),Q6135411,1778,1806-06-05,hanging to death,capital punishment,possible,10017,10381,"27 years, 156 days to 28 years, 155 days",,,,,,,,
Aleksey Okhotnikov,https://en.wikipedia.org/wiki/Aleksey_Okhotnikov,Q4340475,1780,1807-01-30,,,possible,9525,9890,"26 years, 30 days to 27 years, 29 days",military officer,,,,,,,
Charles Lydiard,https://en.wikipedia.org/wiki/Charles_Lydiard,Q5080402,1780-05-13,1807-12-29,drowning,,confirmed,10090,10090,"27 years, 230 days",military personnel,,,,,,,
Daniel Matthias Heinrich Mohr,https://en.wikipedia.org/wiki/Daniel_Matthias_Heinrich_Mohr,Q72903,1780,1808,,,possible,9861,10591,"27 years, 1 day to 28 years, 365 days",biologist; botanical collector; botanist; bryologist,,,,,,,
Empress Xiaomucheng,https://en.wikipedia.org/wiki/Empress_Xiaomucheng,Q837286,1781,1808-02-17,,,possible,9543,9907,"26 years, 48 days to 27 years, 47 days",,,,,,,,
George Augustus Frederick Lake,https://en.wikipedia.org/wiki/George_Augustus_Frederick_Lake,Q30100317,1781,1808-08-17,,death in battle,possible,9725,10089,"26 years, 230 days to 27 years, 229 days",military officer,,,,,,,
Mikhail Petrovich Dolgorukov,https://en.wikipedia.org/wiki/Mikhail_Petrovich_Dolgorukov,Q4164723,1780-11-29,1808-10-27,,death in battle,confirmed,10194,10194,"27 years, 333 days",military personnel,,,,,,,
Robert Honyman,https://en.wikipedia.org/wiki/Robert_Honyman_(British_Army_officer),Q18630226,1781,1808-11-20,,,possible,9820,10184,"26 years, 325 days to 27 years, 324 days",politician,,,,,,,
John Finlay,https://en.wikipedia.org/wiki/John_Finlay_(poet),Q6233163,1782,1810,,,possible,9862,10590,"27 years, 1 day to 28 years, 364 days",poet,,,,,,,
William Eden,https://en.wikipedia.org/wiki/William_Eden_(MP),Q8008376,1782-01-19,1810-01,drowning,,possible,10208,10238,"27 years, 347 days to 28 years, 12 days",politician,,,,,,,
"David Poe, Jr.",https://en.wikipedia.org/wiki/David_Poe_Jr.,Q3018630,1784-07-18,1810-10; 1811-12-11,pulmonary tuberculosis,,possible,9570,10006,"26 years, 75 days to 27 years, 146 days",merchant,,,,,,,
Princess Amelia of the United Kingdom,https://en.wikipedia.org/wiki/Princess_Amelia_of_the_United_Kingdom,Q257604,1783-08-07,1810-11-02,tuberculosis,natural causes,confirmed,9948,9948,"27 years, 87 days",aristocrat,,,,,,,
Balarama Varma,https://en.wikipedia.org/wiki/Avittom_Thirunal_Balarama_Varma,Q4850086,1782,1810-11-07,,,possible,10172,10536,"27 years, 311 days to 28 years, 310 days",,,,,,,,
"Sir William James Myers, 2nd Baronet","https://en.wikipedia.org/wiki/Sir_William_James_Myers,_2nd_Baronet",Q64031674,1783-11-27,1811-05-17,,,confirmed,10032,10032,"27 years, 171 days",,,,,,,,
Mariamne Johnes,https://en.wikipedia.org/wiki/Mariamne_Johnes,Q28924079,1784-06-30,1811-07-04,,,confirmed,9864,9864,"27 years, 4 days",botanist,,,,,,,
"Sir John Johnstone, 6th Baronet","https://en.wikipedia.org/wiki/Sir_John_Johnstone,_6th_Baronet",Q26244753,1783,1811-12-24,,,possible,10219,10583,"27 years, 358 days to 28 years, 357 days",politician,,,,,,,
"Catherine Hamilton-Gordon, Countess of Aberdeen","https://en.wikipedia.org/wiki/Catherine_Hamilton-Gordon,_Countess_of_Aberdeen",Q86532751,1784,1812,,,possible,9861,10591,"27 years, 1 day to 28 years, 365 days",,,,,,,,
Yonekura Masanochi,https://en.wikipedia.org/wiki/Yonekura_Masanori,Q8054931,1784-10-15,1812-05-28,,,confirmed,10086,10086,"27 years, 226 days",samurai,,,,,,,
Porter Hanks,https://en.wikipedia.org/wiki/Porter_Hanks,Q20989097,1785,1812-08-16,gunshot wound,line-of-duty death,possible,9724,10088,"26 years, 229 days to 27 years, 228 days",military officer,,,,,,,
Aleksandr Kutaysov,https://en.wikipedia.org/wiki/Alexander_Kutaisov,Q3920233,1784-09-10,1812-09-07,,,confirmed,10224,10224,"27 years, 363 days",military personnel,,,,,,,
John Macdonell,https://en.wikipedia.org/wiki/John_Macdonell,Q6246205,1785-04-19,1812-10-14,,,confirmed,10039,10039,"27 years, 178 days",lawyer,,,,,,,
Zeka Buljubaša,https://en.wikipedia.org/wiki/Zeka_Buljuba%C5%A1a,Q11248349,1785,1813,,,possible,9862,10590,"27 years, 1 day to 28 years, 364 days",military personnel,,,,,,,
"George Ashburnham, Viscount St Asaph","https://en.wikipedia.org/wiki/George_Ashburnham,_Viscount_St_Asaph",Q5536453,1785-10-09,1813-06-07,,,confirmed,10102,10102,"27 years, 241 days",politician,,,,,,,
William Ward Burrows II,https://en.wikipedia.org/wiki/William_Ward_Burrows_II,Q8020012,1785-10-06,1813-09-05,,,confirmed,10195,10195,"27 years, 334 days",military officer,,,,,,,
Dominik Hieronim Radziwiłł,https://en.wikipedia.org/wiki/Dominik_Hieronim_Radziwi%C5%82%C5%82,Q2672455,1786-08-04,1813-11-11,,,confirmed,9960,9960,"27 years, 99 days",military personnel,,,,,,,
Antonio Ricaurte,https://en.wikipedia.org/wiki/Antonio_Ricaurte,Q2857422,1786-06-10,1814-03-25,,,confirmed,10149,10149,"27 years, 288 days",revolutionary,,,,,,,
Hans Schack,"https://en.wikipedia.org/wiki/Hans_Schack,_6th_Count_of_Schackenborg",Q55168043,1786-05-06,1814-04-04,,,confirmed,10194,10194,"27 years, 333 days",,,,,,,,
"James Hamilton, Viscount Hamilton","https://en.wikipedia.org/wiki/James_Hamilton,_Viscount_Hamilton",Q3806594,1786-10-07,1814-05-27,,,confirmed,10093,10093,"27 years, 232 days",politician,,,,,,,
William Forbes,https://en.wikipedia.org/wiki/William_Forbes_(Lower_Canada_politician),Q8009198,1787-07-21,1814-11-22,,,confirmed,9985,9985,"27 years, 124 days",politician,,,,,,,
Ruatara,https://en.wikipedia.org/wiki/Ruatara_(chief),Q7375742,1787,1815-03-03,,,possible,9923,10287,"27 years, 62 days to 28 years, 61 days",farmer,,,,,,,
Juan Díaz Porlier,https://en.wikipedia.org/wiki/Juan_D%C3%ADaz_Porlier,Q3077096,1788,1815-10-03,hanging to death,capital punishment,possible,9771,10136,"26 years, 276 days to 27 years, 275 days",military personnel,,,,,,,
James M. Burnet,https://en.wikipedia.org/wiki/James_M._Burnet,Q15434105,1788,1816,,,possible,9861,10591,"27 years, 1 day to 28 years, 365 days",painter,,,,,,,
Karl Heinrich Bergius,https://en.wikipedia.org/wiki/Karl_Heinrich_Bergius,Q3100289,1790,1818,tuberculosis,natural causes,possible,9862,10590,"27 years, 1 day to 28 years, 364 days",botanical collector; botanist; entomologist; naturalist; ornithologist; pharmacist; scientific collector; zoologist,,,,,,,
Johann Georg Grasel,https://en.wikipedia.org/wiki/Johann_Georg_Grasel,Q87782,1790-04-04,1818-01-31,,,confirmed,10163,10163,"27 years, 302 days",robber,,,,,,,
Luis de la Carrera y Verdugo,https://en.wikipedia.org/wiki/Luis_Carrera,Q201200,1791; 1791-06-20,1818-04-08,,capital punishment,possible,9594,9958,"26 years, 98 days to 27 years, 97 days",military personnel; politician,,,,,,,
Geneviève Gosselin,https://en.wikipedia.org/wiki/Genevi%C3%A8ve_Gosselin,Q3100649,1791,1818-06-17,,,possible,9664,10028,"26 years, 168 days to 27 years, 167 days",ballet dancer; dancer,,,,,,,
Nikolaos Galatis,https://en.wikipedia.org/wiki/Nikolaos_Galatis,Q12881777,1792,1819,,,possible,9496,10225,"26 years, 1 day to 27 years, 364 days",,,,,,,,
Diwan Ram Dayal,https://en.wikipedia.org/wiki/Ram_Dayal_(Sikh_official),Q127364860,1792,1820,,,possible,9861,10591,"27 years, 1 day to 28 years, 365 days",,,,,,,,
Lavinia Fisher,https://en.wikipedia.org/wiki/Lavinia_Fisher,Q2328870,1793,1820-02-18,hanging to death,capital punishment,possible,9544,9908,"26 years, 49 days to 27 years, 48 days",highwayman; serial killer,,,,,,,
Henry Carroll,https://en.wikipedia.org/wiki/Henry_Carroll_(lawyer),Q60771442,1792,1820-02-29,gunshot wound,homicide,possible,9920,10285,"27 years, 60 days to 28 years, 59 days",lawyer,,,,,,,
Andrew Hardie,https://en.wikipedia.org/wiki/Andrew_Hardie_(radical),Q4757227,1793,1820-09-08,hanging to death,capital punishment,possible,9747,10111,"26 years, 252 days to 27 years, 251 days",revolutionary,,,,,,,
Ahmad II ibn Muhammad,https://en.wikipedia.org/wiki/Ahmad_II_ibn_Muhammad,Q4695342,1794,1821,,,possible,9497,10225,"26 years, 1 day to 27 years, 364 days",politician,,,,,,,
Daniel Hagerman,https://en.wikipedia.org/wiki/Daniel_Hagerman,Q5217396,1794,1821-06-30,,,possible,9677,10041,"26 years, 181 days to 27 years, 180 days",politician,,,,,,,
Ang Snguon,https://en.wikipedia.org/wiki/Ang_Snguon_(prince),Q65561407,1794,1822,,,possible,9862,10590,"27 years, 1 day to 28 years, 364 days",politician,,,,,,,
Eagle of Delight,https://en.wikipedia.org/wiki/Eagle_of_Delight,Q5325315,1795,1822,measles,natural causes,possible,9497,10225,"26 years, 1 day to 27 years, 364 days",,,,,,,,
Ilias Mavromichalis,https://en.wikipedia.org/wiki/Ilias_Mavromichalis,Q4273861,1795,1822,,,possible,9497,10225,"26 years, 1 day to 27 years, 364 days",military personnel,,,,,,,
Ismail Kamil Pasha,https://en.wikipedia.org/wiki/Isma%27il_Kamil_Pasha,Q12182238,1795,1822,,,possible,9497,10225,"26 years, 1 day to 27 years, 364 days",,,,,,,,
William Jack,https://en.wikipedia.org/wiki/William_Jack_(botanist),Q15482,1795-01-29,1822-09-15,,,confirmed,10090,10090,"27 years, 229 days",botanical collector; botanist; surgeon,,,,,,,
William Gross,https://en.wikipedia.org/wiki/William_Gross_(murderer),Q47541918,1796-01-01,1823-02-07,,capital punishment,confirmed,9898,9898,"27 years, 37 days",,,,,,,,
Gregorio José Ramírez y Castro,https://en.wikipedia.org/wiki/Gregorio_Jos%C3%A9_Ram%C3%ADrez,Q1246103,1796-03-27,1823-12-04,,,confirmed,10112,10112,"27 years, 252 days",politician; sailor,,,,,,,
Edme Castaing,https://en.wikipedia.org/wiki/Edme_Castaing,Q3047688,1796,1823-12-06,decapitation,,possible,9835,10200,"26 years, 340 days to 27 years, 339 days",criminal; physician,,,,,,,
Avrohom Chaim Oppenheim,https://en.wikipedia.org/wiki/Avrohom_Chaim_Oppenheim,Q4829498,1796,1824,,,possible,9861,10591,"27 years, 1 day to 28 years, 365 days",rabbi,,,,,,,
Edward Grainger,https://en.wikipedia.org/wiki/Edward_Grainger,Q5343152,1797,1824,,,possible,9496,10225,"26 years, 1 day to 27 years, 365 days",anatomist; surgeon,,,,,,,
Ujir Singh Thapa,https://en.wikipedia.org/wiki/Ujir_Singh_Thapa,Q19671234,1796,1824,disease,natural causes,possible,9861,10591,"27 years, 1 day to 28 years, 365 days",governor; military commander,,,,,,,
"William Cavendish-Scott-Bentinck, Marquess of Titchfield","https://en.wikipedia.org/wiki/William_Cavendish-Scott-Bentinck,_Marquess_of_Titchfield",Q8011923,1796-08-21,1824-03-05,,,confirmed,10057,10057,"27 years, 197 days",aristocrat; politician,,,,,,,
Kamehameha II,https://en.wikipedia.org/wiki/Kamehameha_II,Q380341,1797,1824-07-14,measles,natural causes,possible,9691,10055,"26 years, 196 days to 27 years, 195 days",sovereign,,,,,,,
Windham Sadler,https://en.wikipedia.org/wiki/Windham_Sadler,Q18535005,1796,1824-09-30,,,possible,10134,10499,"27 years, 274 days to 28 years, 273 days",balloonist; gas engineer,,,,,,,
Humehume,https://en.wikipedia.org/wiki/Humehume,Q5940654,1798,1825-05-03,,,possible,9619,9983,"26 years, 123 days to 27 years, 122 days",military personnel,,,,,,,
Vijaya Raghunatha Raya Tondaiman II,https://en.wikipedia.org/wiki/Vijaya_Raghunatha_Raya_Tondaiman_II,Q7929245,1797,1825-06-04,,,possible,10016,10380,"27 years, 155 days to 28 years, 154 days",,,,,,,,
John Summerfield,https://en.wikipedia.org/wiki/John_Summerfield,Q79281346,1798-01-31,1825-06-13,tuberculosis,natural causes,confirmed,9994,9994,"27 years, 133 days",clergyman; evangelist,,,,,,,
Dimitrios Papatsonis,https://en.wikipedia.org/wiki/Dimitrios_Papatsonis,Q12876026,1798,1825-06-24,,,possible,9671,10035,"26 years, 175 days to 27 years, 174 days",military personnel,,,,,,,
Azam Jah of the Carnatic,https://en.wikipedia.org/wiki/Azam_Jah_of_the_Carnatic,Q4832166,1797,1825-11-12,,,possible,10177,10541,"27 years, 316 days to 28 years, 315 days",,,,,,,,
Thomas Foster,https://en.wikipedia.org/wiki/Thomas_Foster_(painter),Q7789744,1798,1826,,suicide,possible,9862,10590,"27 years, 1 day to 28 years, 364 days",painter,,,,,,,
Johann Jakob Meyer,https://en.wikipedia.org/wiki/Johann_Jakob_Meyer,Q123429,1798-12-30,1826-04-11,,,confirmed,9963,9963,"27 years, 102 days",journalist; military personnel; pharmacist,,,,,,,
Matthew Brady,https://en.wikipedia.org/wiki/Matthew_Brady,Q3299675,1799,1826-05-04,,,possible,9620,9984,"26 years, 124 days to 27 years, 123 days",bushranger,,,,,,,
Pyotr Kakhovsky,https://en.wikipedia.org/wiki/Pyotr_Kakhovsky,Q976006,1799,1826-08-06,hanging to death,capital punishment,possible,9726,10090,"26 years, 230 days to 27 years, 229 days",military personnel,,,,,,,
Auguste-Xavier Leprince,https://en.wikipedia.org/wiki/Xavier_Leprince,Q3570722,1799-08-28,1826-12-24; 1826-12-26,,,confirmed,9979,9981,"27 years, 118 days to 27 years, 120 days",lithographer; painter,,,,,,,
Klara Vespermann,https://en.wikipedia.org/wiki/Clara_Vespermann,Q1247530,1799-04-13,1827-03-06,,,confirmed,10188,10188,"27 years, 327 days",musician; opera singer; singer,,,,,,,
Ernest Renaud,https://en.wikipedia.org/wiki/Ernest_Renaud,Q21512009,1799,1827-07-03,,,possible,10045,10409,"27 years, 184 days to 28 years, 183 days",dramaturge,,,,,,,
Theodore Lane,https://en.wikipedia.org/wiki/Theodore_Lane,Q16737236,1800,1828-02-21,,,possible,9913,10277,"27 years, 52 days to 28 years, 51 days",painter,,,,,,,
Avraham Moshe Bonhart,https://en.wikipedia.org/wiki/Avraham_Moshe_of_Peshischa,Q18191306,1800,1828-12-07,,,possible,10203,10567,"27 years, 342 days to 28 years, 341 days",composer; rabbi,,,,,,,
James Brainerd Taylor,https://en.wikipedia.org/wiki/James_Brainerd_Taylor,Q99438431,1801,1829,,,possible,9863,10591,"27 years, 1 day to 28 years, 364 days",priest,,,,,,,
Elizabeth Randles,https://en.wikipedia.org/wiki/Elizabeth_Randles,Q5363403,1801-08-01,1829-05-06,,,confirmed,10140,10140,"27 years, 278 days",pianist,,,,,,,
Shanawdithit,https://en.wikipedia.org/wiki/Shanawdithit,Q465357,1801,1829-06-06,tuberculosis,tuberculosis,possible,10019,10383,"27 years, 157 days to 28 years, 156 days",artist,,,,,,,
Friederike Hauffe,https://en.wikipedia.org/wiki/Friederike_Hauffe,Q1457046,1801-09-23,1829-08-05,,,confirmed,10178,10178,"27 years, 316 days",psychic,,,,,,,
Ioannis Miaoulis,https://en.wikipedia.org/wiki/Ioannis_Miaoulis,Q6062102,1803,1830,typhoid fever,natural causes,possible,9498,10226,"26 years, 1 day to 27 years, 364 days",,,,,,,,
Sophie Müller,https://en.wikipedia.org/wiki/Sophie_M%C3%BCller,Q2302832,1803-01-19,1830-06-20,,,confirmed,10014,10014,"27 years, 152 days",actor; stage actor,,,,,,,
Augustus Prinsep,https://en.wikipedia.org/wiki/Augustus_Prinsep,Q28480957,1803-03-31,1830-10-10,,,confirmed,10055,10055,"27 years, 193 days",writer,,,,,,,
Thérèse-Adèle Husson,https://en.wikipedia.org/wiki/Th%C3%A9r%C3%A8se-Ad%C3%A8le_Husson,Q3527322,1803; 1803-02-03,1831-03-30,,,possible,9951,10315,"27 years, 89 days to 28 years, 88 days",autobiographer; novelist,,,,,,,
William George Meredith,https://en.wikipedia.org/wiki/William_George_Meredith,Q21166673,1804,1831-07-19,,,possible,9696,10061,"26 years, 200 days to 27 years, 199 days",author,,,,,,,
Edward Broughton,https://en.wikipedia.org/wiki/Edward_Broughton,Q47843551,1803,1831-08-05,,capital punishment,possible,10079,10443,"27 years, 217 days to 28 years, 216 days",serial killer,,,,,,,
Rajnold Suchodolski,https://en.wikipedia.org/wiki/Rajnold_Suchodolski,Q454761,1804,1831-09-08,,,possible,9747,10112,"26 years, 251 days to 27 years, 250 days",poet; writer,,,,,,,
Louisa Parke Costin,https://en.wikipedia.org/wiki/Louisa_Parke_Costin,Q107106964,1804,1831-10-31,,,possible,9800,10165,"26 years, 304 days to 27 years, 303 days",,,,,,,,
Melchor José Ramos,https://en.wikipedia.org/wiki/Melchor_Jos%C3%A9_Ramos,Q6812045,1805-01-03,1832-04-19,,,confirmed,9968,9968,"27 years, 107 days",journalist; politician; writer,,,,,,,
Joseph-Isidore Bédard,https://en.wikipedia.org/wiki/Joseph-Isidore_B%C3%A9dard,Q6280642,1806-01-09,1833-04-14,,,confirmed,9957,9957,"27 years, 95 days",poet; politician,,,,,,,
Josef Slavík,https://en.wikipedia.org/wiki/Josef_Slav%C3%ADk,Q163993,1806-03-26,1833-05-03; 1833-05-30,,,confirmed,9900,9927,"27 years, 38 days to 27 years, 65 days",composer; string player; violinist,,,,,,,
Simon Byrne,https://en.wikipedia.org/wiki/Simon_Byrne,Q3484231,1806,1833-06-02,,,possible,9650,10014,"26 years, 153 days to 27 years, 152 days",boxer,,,,,,,
Stefan Florian Garczyński,https://en.wikipedia.org/wiki/Stefan_Florian_Garczy%C5%84ski,Q7606083,1805-10-13,1833-09-20,pulmonary tuberculosis,natural causes,confirmed,10204,10204,"27 years, 342 days",poet; writer,,,,,,,
Malhar Rao Holkar II,https://en.wikipedia.org/wiki/Malhar_Rao_Holkar_III,Q11934713,1806,1833-10-27,,,possible,9797,10161,"26 years, 300 days to 27 years, 299 days",,,,,,,,
Anne Marie Becraft,https://en.wikipedia.org/wiki/Anne_Marie_Becraft,Q47540354,1805,1833-12-16,,,possible,10212,10576,"27 years, 350 days to 28 years, 349 days",nun; teacher,,,,,,,
Karl Michahelles,https://en.wikipedia.org/wiki/Karl_Michahelles,Q91515,1807,1834,,,possible,9498,10226,"26 years, 1 day to 27 years, 364 days",herpetologist; naturalist; ornithologist; physician; zoological collector; zoologist,,,,,,,
Charles Templeton,https://en.wikipedia.org/wiki/Charles_Templeton_(cricketer),Q15999987,1806-11-24,1834-03-02,,,confirmed,9960,9960,"27 years, 98 days",cricketer,,,,,,,
Eyre Coote,https://en.wikipedia.org/wiki/Eyre_Coote_(MP),Q24254984,1806-09-07,1834-05-31,,,confirmed,10128,10128,"27 years, 266 days",politician,,,,,,,
Michella Jougousa Gununusa,https://en.wikipedia.org/wiki/Mar%C3%ADa_Micaela_Guyunusa,Q6836899,1806-09-28,1834-07-22,,,confirmed,10159,10159,"27 years, 297 days",,,,,,,,
Henry O'Brien,https://en.wikipedia.org/wiki/Henry_O%27Brien_(classicist),Q5726436,1808,1835,,,possible,9497,10226,"26 years, 1 day to 27 years, 364 days",classical scholar,,,,,,,
Hippolyte Pixii,https://en.wikipedia.org/wiki/Hippolyte_Pixii,Q976658,1808,1835,,,possible,9497,10226,"26 years, 1 day to 27 years, 364 days",physicist,,,,,,,
Henrietta Ray,https://en.wikipedia.org/wiki/Henrietta_Ray,Q16858261,1808,1836,tuberculosis,natural causes,possible,9862,10592,"27 years, 1 day to 28 years, 365 days",,,,,,,,
Joseph Anstice,https://en.wikipedia.org/wiki/Joseph_Anstice,Q6281077,1808,1836,,,possible,9862,10592,"27 years, 1 day to 28 years, 365 days",classical scholar,,,,,,,
Sacred Sun,https://en.wikipedia.org/wiki/Sacred_Sun,Q27661858,1809,1836,,,possible,9497,10226,"26 years, 1 day to 27 years, 365 days",,,,,,,,
William Henry Powis,https://en.wikipedia.org/wiki/William_Henry_Powis,Q16198905,1808,1836,,,possible,9862,10592,"27 years, 1 day to 28 years, 365 days",engraver,,,,,,,
Toribio Losoya,https://en.wikipedia.org/wiki/Toribio_Losoya,Q7825770,1808-04-11,1836-03-06,,,confirmed,10191,10191,"27 years, 330 days",,,,,,,,
Deborah Goldsmith,https://en.wikipedia.org/wiki/Deborah_Goldsmith,Q52154728,1808-08-14,1836-03-16,,,confirmed,10076,10076,"27 years, 215 days",artist; painter,,,,,,,
Burr H. Duval,https://en.wikipedia.org/wiki/Burr_H._Duval,Q5000322,1809,1836-03-27,,,possible,9583,9947,"26 years, 87 days to 27 years, 86 days",,,,,,,,
Gowri Rukmini Bayi,https://en.wikipedia.org/wiki/Gowri_Rukmini_Bayi,Q19661328,1809,1837,,,possible,9863,10591,"27 years, 1 day to 28 years, 364 days",,,,,,,,
Plácido Benavides,https://en.wikipedia.org/wiki/Pl%C3%A1cido_Benavides,Q7205909,1810,1837,,,possible,9498,10226,"26 years, 1 day to 27 years, 364 days",,,,,,,,
Mariano José de Larra,https://en.wikipedia.org/wiki/Mariano_Jos%C3%A9_de_Larra,Q298773,1809-03-24,1837-02-13,gunshot wound,suicide,confirmed,10188,10188,"27 years, 326 days",journalist; literary critic; playwright; poet; writer,,,,,,,
Jóska Sobri,https://en.wikipedia.org/wiki/J%C3%B3ska_Sobri,Q1289639,1810,1837-02-17,,,possible,9545,9909,"26 years, 48 days to 27 years, 47 days",betyár; robber,,,,,,,
Thomas Balfour,https://en.wikipedia.org/wiki/Thomas_Balfour,Q7787341,1810-04-02,1838-03-30,,,confirmed,10224,10224,"27 years, 362 days",politician,,,,,,,
John Kirby Allen,https://en.wikipedia.org/wiki/John_Kirby_Allen,Q2340024,1810,1838-08-15,,,possible,10089,10453,"27 years, 227 days to 28 years, 226 days",businessperson,,,,,,,
John Bethune,https://en.wikipedia.org/wiki/John_Bethune_(poet),Q18530118,1812,1839,,,possible,9497,10226,"26 years, 1 day to 27 years, 364 days",poet,,,,,,,
Joshua Gwillen Doan,https://en.wikipedia.org/wiki/Joshua_Gwillen_Doan,Q16200012,1811,1839-02-06,,,possible,9899,10263,"27 years, 37 days to 28 years, 36 days",,,,,,,,
Benjamin Petit,https://en.wikipedia.org/wiki/Benjamin_Petit,Q4889115,1811-04-08,1839-02-10,,,confirmed,10170,10170,"27 years, 308 days",missionary,,,,,,,
Thomas Baskerville,https://en.wikipedia.org/wiki/Thomas_Baskerville_(botanist),Q3990580,1812-04-26,1840,,,possible,10111,10476,"27 years, 250 days to 28 years, 249 days",botanist,,,,,,,
Henry Karnes,https://en.wikipedia.org/wiki/Henry_Karnes,Q15497014,1812-09-08,1840-08-16,yellow fever,natural causes,confirmed,10204,10204,"27 years, 343 days",,,,,,,,
Henry Fyshe Gisborne,https://en.wikipedia.org/wiki/Henry_Fyshe_Gisborne,Q16208437,1813,1841,,,possible,9863,10591,"27 years, 1 day to 28 years, 364 days",,,,,,,,
Isaiah DeGrasse,https://en.wikipedia.org/wiki/Isaiah_DeGrasse,Q124361008,1813-07-19,1841-01-11,,,confirmed,10038,10038,"27 years, 176 days",,,,,,,,
Samuel Gilbert Scott,https://en.wikipedia.org/wiki/Samuel_Gilbert_Scott,Q7411484,1813,1841-01-11,,,possible,9873,10237,"27 years, 11 days to 28 years, 10 days",bartender; stunt performer,,,,,,,
Samrajya Lakshmi Devi,https://en.wikipedia.org/wiki/Samrajya_Lakshmi_Devi,Q21182523,1814,1841-10-06,malaria,natural causes,possible,9776,10140,"26 years, 279 days to 27 years, 278 days",,,,,,,,
Andrew Harris,https://en.wikipedia.org/wiki/Andrew_Harris_(abolitionist),Q124372886,1814,1841-12-01,,,possible,9832,10196,"26 years, 335 days to 27 years, 334 days",,,,,,,,
Andonios Liveralis,https://en.wikipedia.org/wiki/Antonios_Liveralis,Q492335,1814,1842,,,possible,9863,10591,"27 years, 1 day to 28 years, 364 days",composer; conductor; music educator,,,,,,,
Mir Ali Murad Khan Talpur,https://en.wikipedia.org/wiki/Mir_Ali_Murad_Khan_Talpur,Q138011475,1815,1842,,,possible,9498,10226,"26 years, 1 day to 27 years, 364 days",,,,,,,,
George Gravatt,https://en.wikipedia.org/wiki/George_Gravatt,Q5539866,1815,1843,,,possible,9863,10591,"27 years, 1 day to 28 years, 364 days",,,,,,,,
Robert Cooke,https://en.wikipedia.org/wiki/Robert_Cooke_(artist),Q130214633,1815,1843,,,possible,9863,10591,"27 years, 1 day to 28 years, 364 days",lithographer; painter,,,,,,,
Robert Bateson,https://en.wikipedia.org/wiki/Robert_Bateson_(politician),Q7341932,1816-03-29,1843-12-23,typhus,natural causes,confirmed,10130,10130,"27 years, 269 days",politician,,,,,,,
James Tooley,https://en.wikipedia.org/wiki/James_Tooley_Jr.,Q18575638,1816,1844,,,possible,9862,10592,"27 years, 1 day to 28 years, 365 days",painter,,,,,,,
John Sherriff,https://en.wikipedia.org/wiki/John_Sheriff,Q108790110,1816,1844,,,possible,9862,10592,"27 years, 1 day to 28 years, 365 days",painter,,,,,,,
Thomas Sibson,https://en.wikipedia.org/wiki/Thomas_Sibson,Q16200450,1817,1844,,,possible,9497,10226,"26 years, 1 day to 27 years, 365 days",illustrator,,,,,,,
Henrietta Hall Shuck,https://en.wikipedia.org/wiki/Henrietta_Hall_Shuck,Q5715960,1817-10-28,1844-11-27,,,confirmed,9892,9892,"27 years, 30 days",missionary,,,,,,,
Jennetta Richards,https://en.wikipedia.org/wiki/Jennetta_Richards,Q106839261,1817,1845,,,possible,9863,10591,"27 years, 1 day to 28 years, 364 days",,,,,,,,
Vasily Sternberg,https://en.wikipedia.org/wiki/Vasily_Sternberg,Q4526852,1818; 1818-02-12,1845; 1845-09-08,,,possible,9498,10226,"26 years, 1 day to 27 years, 364 days",genre painter; landscape painter; painter,,,,,,,
Nikoloz Baratashvili,https://en.wikipedia.org/wiki/Nikoloz_Baratashvili,Q560238,1817-12-04,1845-10-21; 1845-10-21,malaria,natural causes,confirmed,10183,10195,"27 years, 321 days to 27 years, 333 days",poet; writer,,,,,,,
Frederick John White,https://en.wikipedia.org/wiki/Frederick_John_White,Q94532055,1819,1846,,,possible,9498,10226,"26 years, 1 day to 27 years, 364 days",,,,,,,,
Multana Singh,https://en.wikipedia.org/wiki/Multana_Singh,Q15991563,1819,1846,,,possible,9498,10226,"26 years, 1 day to 27 years, 364 days",,,,,,,,
Jane Plumer Erskine,https://en.wikipedia.org/wiki/Jane_Erskine,Q75513419,1818,1846-03-30,,,possible,9951,10315,"27 years, 89 days to 28 years, 88 days",wife,,,,,,,
George Thomson Mason,https://en.wikipedia.org/wiki/George_Thomson_Mason,Q5545198,1818-08-17,1846-04-26,,,confirmed,10114,10114,"27 years, 252 days",military personnel,,,,,,,
Eenoolooapik,https://en.wikipedia.org/wiki/Eenoolooapik,Q104835018,1820,1847,tuberculosis,natural causes,possible,9497,10226,"26 years, 1 day to 27 years, 364 days",guide; hunter; trader; traveler,,,,,,,
John Slade,https://en.wikipedia.org/wiki/John_Slade_(politician),Q17423753,1819,1847,,,possible,9863,10591,"27 years, 1 day to 28 years, 364 days",,,,,,,,
Zsigmond Czakó,https://en.wikipedia.org/wiki/Zsigmond_Czak%C3%B3,Q832280,1820-06-20,1847-12-14,,suicide,confirmed,10038,10038,"27 years, 177 days",actor; playwright; writer,,,,,,,
Tenant McLanahan,https://en.wikipedia.org/wiki/Tenant_McLanahan,Q7699483,1820,1848,,,possible,9862,10592,"27 years, 1 day to 28 years, 365 days",military officer,,,,,,,
Phipps Hornby,https://en.wikipedia.org/wiki/Phipps_Hornby_(cricketer),Q10977621,1820-04-20; 1820-04-24,1848-04-08,,,confirmed,10211,10215,"27 years, 350 days to 27 years, 354 days",cricketer; engineer,,,,,,,
George Ruxton,https://en.wikipedia.org/wiki/George_Ruxton,Q5544127,1821-07-24,1848-08-29,,,confirmed,9898,9898,"27 years, 36 days",explorer,,,,,,,
Leleiohoku I,https://en.wikipedia.org/wiki/Leleiohoku_I,Q6520845,1821-03-31,1848-10-21,infectious disease,natural causes,confirmed,10066,10066,"27 years, 204 days",politician,,,,,,,
Cecilio Chí,https://en.wikipedia.org/wiki/Cecilio_Chi,Q5759866,1820,1848-12-13,,,possible,10209,10574,"27 years, 348 days to 28 years, 347 days",,,,,,,,
Aoki Kazuoki,https://en.wikipedia.org/wiki/Aoki_Kazuoki,Q4778652,1822,1849,,,possible,9498,10226,"26 years, 1 day to 27 years, 364 days",samurai,,,,,,,
"Sir Cecil Bisshopp, 10th baronet","https://en.wikipedia.org/wiki/Sir_Cecil_Bisshopp,_10th_Baronet",Q7526162,1821-07-06,1849-01,,,confirmed,10041,10071,"27 years, 179 days to 27 years, 209 days",,,,,,,,
Ioan Buteanu,https://en.wikipedia.org/wiki/Ioan_Buteanu,Q3154035,1821,1849-05-23,hanging to death,,possible,10005,10369,"27 years, 143 days to 28 years, 142 days",lawyer; politician,,,,,,,
Anita Garibaldi,https://en.wikipedia.org/wiki/Anita_Garibaldi,Q636688,1821-08-30,1849-08-04,typhoid fever,natural causes,confirmed,10201,10201,"27 years, 339 days",politician,,,,,,,
Marie Manning,https://en.wikipedia.org/wiki/Marie_Manning_(murderer),Q16203487,1821,1849-11-13,hanging to death,capital punishment,possible,10179,10543,"27 years, 317 days to 28 years, 316 days",domestic worker; murderer,,,,,,,
Richard Dillingham,https://en.wikipedia.org/wiki/Richard_Dillingham,Q7325207,1823-06-18,1850-06-30,cholera,natural causes,confirmed,9874,9874,"27 years, 12 days",abolitionist,,,,,,,
Asa Ames,https://en.wikipedia.org/wiki/Asa_Ames,Q15989068,1823-12-28; 1824,1851-08-04,,,possible,9712,10081,"26 years, 216 days to 27 years, 219 days",sculptor,,,,,,,
James McHall Jones,https://en.wikipedia.org/wiki/James_McHall_Jones,Q6139373,1823-12-31,1851-12-15,,,confirmed,10211,10211,"27 years, 349 days",judge; lawyer; politician,,,,,,,
Master Juba,https://en.wikipedia.org/wiki/Master_Juba,Q1048321,1825,1852,,,possible,9497,10226,"26 years, 1 day to 27 years, 365 days",actor; dancer; musician,,,,,,,
Adile Nesrin Hanımefendi,https://en.wikipedia.org/wiki/Nesrin_Han%C4%B1m,Q60191577,1826,1853-01-02,,,possible,9499,9863,"26 years, 2 days to 27 years, 1 day",aristocrat,,,,,,,
Tito Speri,https://en.wikipedia.org/wiki/Tito_Speri,Q327771,1825-08-02,1853-03-03,hanging to death,capital punishment,confirmed,10075,10075,"27 years, 213 days",priest,,,,,,,
Ivan Timofeevich Kokorev,https://en.wikipedia.org/wiki/Ivan_Timofeevich_Kokorev,Q4227367,1825-09-18,1853-06-26,,,confirmed,10143,10143,"27 years, 281 days",writer,,,,,,,
Thomas Kerr Fairless,https://en.wikipedia.org/wiki/Thomas_Kerr_Fairless,Q7791499,1825,1853-07-14,,,possible,10057,10421,"27 years, 195 days to 28 years, 194 days",painter,,,,,,,
Joseph-René Bellot,https://en.wikipedia.org/wiki/Joseph_Ren%C3%A9_Bellot,Q1347767,1826-03-18,1853-08-18,,,confirmed,10015,10015,"27 years, 153 days",explorer; naval officer; polar explorer; soldier,,,,,,,
Paulina Pfiffner,https://en.wikipedia.org/wiki/Paulina_Pfiffner,Q1234518,1825,1853-09-29,,,possible,10134,10498,"27 years, 272 days to 28 years, 271 days",military personnel,,,,,,,
Elise Christiani,https://en.wikipedia.org/wiki/Lisa_Cristiani,Q45423424,1825-12-04,1853-10-14,cholera,natural causes,confirmed,10176,10176,"27 years, 314 days",cellist; instrumentalist; musician; traveler,,,,,,,
John Jeffrey,https://en.wikipedia.org/wiki/John_Jeffrey_(botanist),Q6241760,1826-11-14,1854,,,possible,9910,10274,"27 years, 48 days to 28 years, 47 days",botanical collector; botanist,,,,,,,
Juhani Aataminpoika,https://en.wikipedia.org/wiki/Juhani_Aataminpoika,Q11867456,1826; 1826-07-31,1854; 1854-09,,,possible,9863,10591,"27 years, 1 day to 28 years, 364 days",murderer,,,,,,,
William Hulme Hooper,https://en.wikipedia.org/wiki/William_Hulme_Hooper,Q8012655,1826-06-13,1854-05-19,,,confirmed,10202,10202,"27 years, 340 days",explorer,,,,,,,
Navekimisal Hanım,https://en.wikipedia.org/wiki/Navekmisal_Han%C4%B1m,Q17309114,1827,1854-08-05,tuberculosis,natural causes,possible,9714,10078,"26 years, 217 days to 27 years, 216 days",aristocrat,,,,,,,
Augustin Bourry,https://en.wikipedia.org/wiki/Augustin_Bourry,Q2871540,1826-12-27,1854-09-01,,homicide,confirmed,10110,10110,"27 years, 248 days",Catholic priest; missionary,,,,,,,
James Scobie,https://en.wikipedia.org/wiki/James_Scobie,Q16066298,1826-11-29,1854-10-07,,homicide,confirmed,10174,10174,"27 years, 312 days",,,,,,,,
Edward Thonen,https://en.wikipedia.org/wiki/Edward_Thonen,Q115014115,1827-05-26,1854-12-03,,,confirmed,10053,10053,"27 years, 191 days",miner,,,,,,,
William Wing,https://en.wikipedia.org/wiki/William_Wing,Q8020472,1827,1855-01-09,,,possible,9871,10235,"27 years, 9 days to 28 years, 8 days",entomologist; painter; scientific illustrator,,,,,,,
Annie R. Smith,https://en.wikipedia.org/wiki/Annie_R._Smith,Q4769412,1828-03-16,1855-07-26,tuberculosis,natural causes,confirmed,9993,9993,"27 years, 132 days",poet; writer,,,,,,,
Henry Langhorne Thompson,https://en.wikipedia.org/wiki/Henry_Langhorne_Thompson,Q18877209,1829,1856,,,possible,9497,10226,"26 years, 1 day to 27 years, 365 days",military officer,,,,,,,
Adolfo Fumagalli,https://en.wikipedia.org/wiki/Adolfo_Fumagalli,Q365071,1828-10-19,1856-05-03,tuberculosis,natural causes,confirmed,10058,10058,"27 years, 197 days",composer; pianist,,,,,,,
Charles McCorrie,https://en.wikipedia.org/wiki/Charles_McCorrie,Q5080799,1830,1857-04-09,,,possible,9596,9960,"26 years, 99 days to 27 years, 98 days",military personnel,,,,,,,
Dolores Veintimilla,https://en.wikipedia.org/wiki/Dolores_Veintimilla,Q5812615,1829,1857-05-23,,,possible,10005,10369,"27 years, 143 days to 28 years, 142 days",poet; writer,,,,,,,
Mirza Ulugh Tahir,https://en.wikipedia.org/wiki/Mirza_Ulugh_Tahir,Q19561584,1830,1857-10-13,,,possible,9783,10147,"26 years, 286 days to 27 years, 285 days",,,,,,,,
Azimullah Khan,https://en.wikipedia.org/wiki/Azimullah_Khan,Q4832617,1830,1858,,,possible,9863,10591,"27 years, 1 day to 28 years, 364 days",freedom fighter; politician; revolutionary,,,,,,,
Jhalkaribai,https://en.wikipedia.org/wiki/Jhalkaribai,Q3521601,1830-11-22,1858,,,possible,9902,10266,"27 years, 40 days to 28 years, 39 days",politician; soldier,,,,,,,
Kham Nai,https://en.wikipedia.org/wiki/Kham_Nhai,Q473076,1830,1858,,,possible,9863,10591,"27 years, 1 day to 28 years, 364 days",politician,,,,,,,
Sheikh Bhikhari,https://en.wikipedia.org/wiki/Sheikh_Bhikhari,Q12454392,1831,1858-01-08,,,possible,9505,9869,"26 years, 8 days to 27 years, 7 days",revolutionary,,,,,,,
Lal Pratap Singh,https://en.wikipedia.org/wiki/Lal_Pratap_Singh,Q6480092,1831,1858-02-19,,,possible,9547,9911,"26 years, 50 days to 27 years, 49 days",revolutionary,,,,,,,
Avantibai,https://en.wikipedia.org/wiki/Avantibai,Q16066162,1831,1858-03-20,,suicide,possible,9576,9940,"26 years, 79 days to 27 years, 78 days",activist; politician,,,,,,,
Edward Spence,https://en.wikipedia.org/wiki/Edward_Spence_(VC),Q5345383,1830-12-28,1858-04-17,,,confirmed,9972,9972,"27 years, 110 days",military personnel,,,,,,,
Tewabech Ali,https://en.wikipedia.org/wiki/Tewabech_Ali,Q931595,1831,1858-08-19,,,possible,9728,10092,"26 years, 231 days to 27 years, 230 days",politician,,,,,,,
Robert Howlett,https://en.wikipedia.org/wiki/Robert_Howlett,Q7345653,1831-07-03,1858-12-02,,,confirmed,10014,10014,"27 years, 152 days",journalist; photographer,,,,,,,
John Weston,https://en.wikipedia.org/wiki/John_Weston_(cricketer),Q85771790,1831-11-18,1858-12-26,,,confirmed,9900,9900,"27 years, 38 days",cricketer; priest,,,,,,,
Kamilo Mašek,https://en.wikipedia.org/wiki/Kamilo_Ma%C5%A1ek,Q959302,1831-07-11,1859-06-29,tuberculosis,natural causes,confirmed,10215,10215,"27 years, 353 days",composer; music educator; teacher,,,,,,,
George Bell Chicken,https://en.wikipedia.org/wiki/George_Bell_Chicken,Q5536874,1833-03-02,1860-05,,,confirmed,9922,9952,"27 years, 60 days to 27 years, 90 days",,,,,,,,
Charles Wesley Piercy,https://en.wikipedia.org/wiki/Charles_Wesley_Piercy,Q16066089,1833,1861,,homicide,possible,9863,10591,"27 years, 1 day to 28 years, 364 days",politician,,,,,,,
William John Wills,https://en.wikipedia.org/wiki/William_John_Wills,Q1392544,1834-01-05,1861,,,possible,9858,10222,"26 years, 362 days to 27 years, 360 days",explorer,,,,,,,
John Trout Greble,https://en.wikipedia.org/wiki/John_Trout_Greble,Q16066072,1834-01-19,1861-06-10,,,confirmed,10004,10004,"27 years, 142 days",military personnel,,,,,,,
Alexander Alcée Casamajor,https://en.wikipedia.org/wiki/A._A._Casamajor,Q4647459,1833,1861-08-07,,,possible,10081,10445,"27 years, 219 days to 28 years, 218 days",rower,,,,,,,
John Peisley,https://en.wikipedia.org/wiki/John_Peisley_(bushranger),Q12858654,1835,1862,,,possible,9498,10226,"26 years, 1 day to 27 years, 364 days",bushranger,,,,,,,
Johnson William Richardson,https://en.wikipedia.org/wiki/Billy_Richardson_(Pony_Express_rider),Q6268485,1834,1862,,,possible,9863,10591,"27 years, 1 day to 28 years, 364 days",,,,,,,,
Patrick Murphy,https://en.wikipedia.org/wiki/Patrick_Murphy_(giant),Q7147289,1834,1862,smallpox,natural causes,possible,9863,10591,"27 years, 1 day to 28 years, 364 days",waiter,,,,,,,
Emily Rebecca Page,https://en.wikipedia.org/wiki/Emily_Rebecca_Page,Q19423906,1834-05-05,1862-02-14,,,confirmed,10147,10147,"27 years, 285 days",poet; writer,,,,,,,
Nikolai Alexandrovich Kushelev-Bezborodko,https://en.wikipedia.org/wiki/Nikolai_Kushelev-Bezborodko,Q47453158,1834-12-10,1862-04-23,,,confirmed,9996,9996,"27 years, 134 days",art collector,,,,,,,
Guilford Dudley Bailey,https://en.wikipedia.org/wiki/Guilford_Dudley_Bailey,Q59691440,1834-09-24,1862-05-31,,,confirmed,10111,10111,"27 years, 249 days",soldier,,,,,,,
Felipe Espinosa,https://en.wikipedia.org/wiki/Felipe_Espinosa,Q800028,1836,1863,gunshot wound,,possible,9497,10226,"26 years, 1 day to 27 years, 364 days",serial killer,,,,,,,
Sekeletu,https://en.wikipedia.org/wiki/Sekeletu,Q7447146,1835,1863,leprosy,natural causes,possible,9863,10591,"27 years, 1 day to 28 years, 364 days",politician,,,,,,,
William H. Medill,https://en.wikipedia.org/wiki/William_H._Medill,Q111459163,1835,1863,,,possible,9863,10591,"27 years, 1 day to 28 years, 364 days",journalist; military personnel,,,,,,,
Henry McIntire,https://en.wikipedia.org/wiki/Henry_McIntire,Q115701390,1835-03-19,1863-01-16,,,confirmed,10165,10165,"27 years, 303 days",lawyer; military officer,,,,,,,
Karl Moritz von Beurmann,https://en.wikipedia.org/wiki/Moritz_von_Beurmann,Q125441,1835-07-28,1863-02,,,confirmed,10050,10077,"27 years, 188 days to 27 years, 215 days",explorer,,,,,,,
Zygmunt Padlewski,https://en.wikipedia.org/wiki/Zygmunt_Padlewski,Q245380,1836-01-01,1863-05-15,execution by shooting; gunshot wound,,confirmed,9996,9996,"27 years, 134 days",freedom fighter; military officer,,,,,,,
Henryk Abicht,https://en.wikipedia.org/wiki/Henryk_Abicht,Q5730956,1835,1863-06-12,hanging to death,,possible,10025,10389,"27 years, 163 days to 28 years, 162 days",revolutionary,,,,,,,
Abner Edwin Patton,https://en.wikipedia.org/wiki/Abner_Edwin_Patton,Q18353147,1835-09-14,1863-07-13,,,confirmed,10164,10164,"27 years, 302 days",military personnel,,,,,,,
Haldimand S. Putnam,https://en.wikipedia.org/wiki/Haldimand_S._Putnam,Q5641288,1835-10-15,1863-07-18,,,confirmed,10138,10138,"27 years, 276 days",military personnel,,,,,,,
Fred Lowry,https://en.wikipedia.org/wiki/Fred_Lowry,Q28924146,1836,1863-08-30,,,possible,9738,10103,"26 years, 242 days to 27 years, 241 days",,,,,,,,
Niimi Nishiki,https://en.wikipedia.org/wiki/Niimi_Nishiki,Q716366,1836,1863-10-19,exsanguination,suicide,possible,9788,10153,"26 years, 292 days to 27 years, 291 days",,,,,,,,
Christine Roux,https://en.wikipedia.org/wiki/Christine_Roux,Q107999601,1835,1863-12-03,drowning,shipwrecking,possible,10199,10563,"27 years, 337 days to 28 years, 336 days",actor; art model,,,,,,,
Kosta Ruvarac,https://en.wikipedia.org/wiki/Kosta_Ruvarac,Q25138414,1837,1864,,,possible,9497,10226,"26 years, 1 day to 27 years, 365 days",writer,,,,,,,
Lorenzo A. Babcock,https://en.wikipedia.org/wiki/Lorenzo_A._Babcock,Q16065917,1837,1864,,,possible,9497,10226,"26 years, 1 day to 27 years, 365 days",politician,,,,,,,
William Jones,https://en.wikipedia.org/wiki/William_Jones_(soldier),Q111914251,1836,1864,,,possible,9862,10592,"27 years, 1 day to 28 years, 365 days",military personnel,,,,,,,
George E. Dixon,https://en.wikipedia.org/wiki/George_E._Dixon,Q5538735,1837,1864-02-17,,,possible,9544,9908,"26 years, 48 days to 27 years, 47 days",military officer,,,,,,,
Elijah W. Bacon,https://en.wikipedia.org/wiki/Elijah_W._Bacon,Q5361002,1836,1864-05-06,,,possible,9988,10353,"27 years, 127 days to 28 years, 126 days",military personnel,,,,,,,
Roman Żuliński,https://en.wikipedia.org/wiki/Roman_%C5%BBuli%C5%84ski,Q1978539,1837-01-28,1864-08-05,hanging to death,capital punishment,confirmed,10051,10051,"27 years, 190 days",mathematician; politician,,,,,,,
Victor Girardey,https://en.wikipedia.org/wiki/Victor_Girardey,Q369478,1837-06-26,1864-08-16,,,confirmed,9913,9913,"27 years, 51 days",military personnel,,,,,,,
William Knatchbull-Hugessen,https://en.wikipedia.org/wiki/William_Knatchbull-Hugessen,Q8014087,1837-05-23,1864-09-06,,,confirmed,9968,9968,"27 years, 106 days",cricketer,,,,,,,
Peter Vredenburgh,https://en.wikipedia.org/wiki/Peter_Vredenburgh_Jr.,Q7177515,1837-09-12,1864-09-19,,,confirmed,9869,9869,"27 years, 7 days",,,,,,,,
Stephen Dodson Ramseur,https://en.wikipedia.org/wiki/Stephen_Dodson_Ramseur,Q2339228,1837-05-31,1864-10-20,,,confirmed,10004,10004,"27 years, 142 days",soldier,,,,,,,
Frederick Panter,https://en.wikipedia.org/wiki/Frederick_Panter,Q5498515,1836,1864-11-13,,homicide,possible,10179,10544,"27 years, 318 days to 28 years, 317 days",explorer,,,,,,,
Robert Franklin Beckham,https://en.wikipedia.org/wiki/Robert_Franklin_Beckham,Q7344495,1837-05-06,1864-12-05,,,confirmed,10075,10075,"27 years, 213 days",military officer,,,,,,,
Tokoro Ikutarō,https://en.wikipedia.org/wiki/Tokoro_Ikutar%C5%8D,Q11496810,1838-03-11,1865-04-07,typhoid fever,natural causes,confirmed,9889,9889,"27 years, 27 days",physician,,,,,,,
Ben Hall,https://en.wikipedia.org/wiki/Ben_Hall_(bushranger),Q4885774,1837-05-09,1865-05-05,gunshot wound,,confirmed,10223,10223,"27 years, 361 days",bushranger; butcher; historian; shepherd,,,,,,,
Charles A. Read,https://en.wikipedia.org/wiki/Charles_A._Read,Q5074897,1837,1865-05-07,,,possible,9989,10353,"27 years, 127 days to 28 years, 126 days",coxswain,,,,,,,
Eleonore de Ahna,https://en.wikipedia.org/wiki/Eleonore_de_Ahna,Q109745,1838-01-08,1865-05-10,,,confirmed,9984,9984,"27 years, 122 days",opera singer; singer,,,,,,,
William Quantrill,https://en.wikipedia.org/wiki/William_Quantrill,Q714490,1837-07-31,1865-06-06,,,confirmed,10172,10172,"27 years, 310 days",criminal; military personnel,,,,,,,
Okada Izō,https://en.wikipedia.org/wiki/Okada_Iz%C5%8D,Q3058220,1838-02-14,1865-07-03,,capital punishment,confirmed,10001,10001,"27 years, 139 days",samurai,,,,,,,
Rudolf Mayer,https://en.wikipedia.org/wiki/Rudolf_Mayer,Q439233,1837-10-13,1865-08-12,,,confirmed,10165,10165,"27 years, 303 days",jurist; poet; writer,,,,,,,
Charles Deakin,https://en.wikipedia.org/wiki/Charles_Deakin,Q5076796,1837,1865-10-04,,,possible,10139,10503,"27 years, 277 days to 28 years, 276 days",military personnel,,,,,,,
Thomas Son Chasuhn,https://en.wikipedia.org/wiki/Thomas_Son_Chasuhn,Q7794090,1838,1866,decapitation,,possible,9863,10591,"27 years, 1 day to 28 years, 364 days",,,,,,,,
Kondo Chojiro,https://en.wikipedia.org/wiki/Kond%C5%8D_Ch%C5%8Djir%C5%8D,Q10548525,1838-04-01,1866-02-28,seppuku,forced suicide,confirmed,10195,10195,"27 years, 333 days",,,,,,,,
Victoria Kamāmalu,https://en.wikipedia.org/wiki/Victoria_Kam%C4%81malu,Q3395329,1838-11-01,1866-05-29,disease,natural causes,confirmed,10071,10071,"27 years, 209 days",politician,,,,,,,
Raffaello Sernesi,https://en.wikipedia.org/wiki/Raffaello_Sernesi,Q3417364,1838-12-29,1866-08-11,gangrene,natural causes,confirmed,10087,10087,"27 years, 225 days",medalist; painter,,,,,,,
Evelina de Rothschild,https://en.wikipedia.org/wiki/Evelina_de_Rothschild,Q5416246,1839-08-25,1866-12-04,puerperal disorders,natural causes,confirmed,9963,9963,"27 years, 101 days",,,,,,,,
Ada Buisson,https://en.wikipedia.org/wiki/Ada_Buisson,Q64685559,1839-03-26,1866-12-27,,,confirmed,10138,10138,"27 years, 276 days",novelist,,,,,,,
Charles H. Marsh,https://en.wikipedia.org/wiki/Charles_H._Marsh,Q5078594,1840,1867-01-25,tuberculosis,natural causes,possible,9521,9886,"26 years, 25 days to 27 years, 24 days",military personnel,,,,,,,
John D. Barry,https://en.wikipedia.org/wiki/John_D._Barry,Q1458345,1839-06-21,1867-03-24,,,confirmed,10138,10138,"27 years, 276 days",military personnel,,,,,,,
Takasugi Shinsaku,https://en.wikipedia.org/wiki/Takasugi_Shinsaku,Q700310,1839-09-27,1867-05-17,tuberculosis,natural causes,confirmed,10094,10094,"27 years, 232 days",samurai,,,,,,,
Bella Zilfa Spencer,https://en.wikipedia.org/wiki/Bella_Zilfa_Spencer,Q110548796,1840-03-01,1867-08-01,,,confirmed,10014,10014,"27 years, 153 days",writer,,,,,,,
Michael O'Laughlen,https://en.wikipedia.org/wiki/Michael_O%27Laughlen,Q3308415,1840-06-03,1867-09-23,yellow fever,natural causes,confirmed,9973,9973,"27 years, 112 days",politician,,,,,,,
Arthur Benni,https://en.wikipedia.org/wiki/Arthur_Benni,Q4083835,1839-12-09,1867-11-27; 1868-01-09,,,possible,10203,10258,"27 years, 341 days to 28 years, 31 days",journalist; opinion journalist,,,,,,,
Edward Duffy,https://en.wikipedia.org/wiki/Edward_Duffy_(Fenian),Q5342657,1840,1868-01,,,possible,9862,10257,"27 years, 1 day to 28 years, 30 days",revolutionary,,,,,,,
Thomas Duckett Junior,https://en.wikipedia.org/wiki/Thomas_Duckett_Junior,Q138427261,1840,1868,,,possible,9862,10592,"27 years, 1 day to 28 years, 365 days",,,,,,,,
Samuel Hodge,https://en.wikipedia.org/wiki/Samuel_Hodge,Q7411707,1840,1868-01-14,,,possible,9875,10240,"27 years, 14 days to 28 years, 13 days",soldier,,,,,,,
Michael Barrett,https://en.wikipedia.org/wiki/Michael_Barrett_(Fenian),Q6828457,1841,1868-05-26,hanging to death,capital punishment,possible,9643,10007,"26 years, 147 days to 27 years, 146 days",Fenian; murderer,,,,,,,
Harada Sanosuke,https://en.wikipedia.org/wiki/Harada_Sanosuke,Q637568,1840,1868-07-06,,,possible,10049,10414,"27 years, 188 days to 28 years, 187 days",samurai,,,,,,,
Dmitry Pisarev,https://en.wikipedia.org/wiki/Dmitry_Pisarev,Q378753,1840-10-14,1868-07-16,drowning,accidental death,confirmed,10137,10137,"27 years, 276 days",essayist; journalist; literary critic; literary historian; writer,,,,,,,
Archibald Alexander Speirs,https://en.wikipedia.org/wiki/Archibald_Alexander_Speirs,Q4786200,1840,1868-12-30,,,possible,10226,10591,"27 years, 365 days to 28 years, 364 days",politician,,,,,,,
John Dean Blythe,https://en.wikipedia.org/wiki/John_Dean_Blythe,Q6228999,1842,1869,,,possible,9498,10226,"26 years, 1 day to 27 years, 364 days",writer,,,,,,,
George Kennedy,https://en.wikipedia.org/wiki/George_Kennedy_(cricketer),Q76914913,1841,1869-03-06,hyperthermia,,possible,9927,10291,"27 years, 65 days to 28 years, 64 days",cricketer,,,,,,,
Edward Follett,https://en.wikipedia.org/wiki/Edward_Follett,Q106782789,1842-02-16,1869-06-06,,,confirmed,9972,9972,"27 years, 110 days",cricketer,,,,,,,
Muhammad bin Khalifa Al Khalifa,https://en.wikipedia.org/wiki/Muhammad_bin_Khalifa_Al_Khalifa,Q6402269,1842,1869-12,,,possible,9832,10226,"26 years, 335 days to 27 years, 364 days",Amir; politician,,,,,,,
Christopher James Davis,https://en.wikipedia.org/wiki/Christopher_James_Davis,Q2966606,1842,1870,smallpox,natural causes,possible,9863,10591,"27 years, 1 day to 28 years, 364 days",physician,,,,,,,
Thomas Scott,https://en.wikipedia.org/wiki/Thomas_Scott_(Orangeman),Q721259,1842,1870-03-04,gunshot wound,capital punishment,possible,9925,10289,"27 years, 63 days to 28 years, 62 days",,,,,,,,
Donato Mármol,https://en.wikipedia.org/wiki/Donato_M%C3%A1rmol,Q5813359,1843-02-14,1870-06-26,brain fever,natural causes,confirmed,9994,9994,"27 years, 132 days",military personnel; politician,,,,,,,
Isaiah L. Lyons,https://en.wikipedia.org/wiki/Isaiah_L._Lyons,Q105477190,1843,1871,,,possible,9863,10591,"27 years, 1 day to 28 years, 364 days",pharmacist; politician,,,,,,,
Tryon Reakirt,https://en.wikipedia.org/wiki/Tryon_Reakirt,Q3541206,1844-04-21,1871,,,possible,9751,10115,"26 years, 255 days to 27 years, 254 days",entomologist; lepidopterist; zoologist,,,,,,,
William Warner,https://en.wikipedia.org/wiki/William_Warner_(cricketer),Q42295443,1844,1871,,,possible,9497,10226,"26 years, 1 day to 27 years, 364 days",cricketer,,,,,,,
Cayo Miltos,https://en.wikipedia.org/wiki/Cayo_Miltos,Q5055422,1843-04-22,1871-01-07,,,confirmed,10122,10122,"27 years, 260 days",judge; politician,,,,,,,
Henri Regnault,https://en.wikipedia.org/wiki/Henri_Regnault,Q553571,1843-10-31,1871-01-19,gunshot wound,,confirmed,9942,9942,"27 years, 80 days",painter; visual artist,,,,,,,
William Martin,https://en.wikipedia.org/wiki/William_Martin_(English_cricketer),Q8015177,1844-02-19,1871-05-27,,,confirmed,9959,9959,"27 years, 97 days",cricketer,,,,,,,
Hugh McKee,https://en.wikipedia.org/wiki/Hugh_McKee,Q5931824,1844-04-23,1871-06-11,,,confirmed,9910,9910,"27 years, 49 days",military officer,,,,,,,
Louis Rossel,https://en.wikipedia.org/wiki/Louis_Rossel,Q709672,1844-09-09,1871-11-28,gunshot wound,capital punishment,confirmed,9941,9941,"27 years, 80 days",military officer; politician,,,,,,,
Mehmed Šakir Kurtćehajić,https://en.wikipedia.org/wiki/Mehmed_%C5%A0akir_Kurt%C4%87ehaji%C4%87,Q25555043,1844,1872,,,possible,9862,10592,"27 years, 1 day to 28 years, 365 days",editor; journalist; publisher; writer,,,,,,,
Yoarashi Okinu,https://en.wikipedia.org/wiki/Yoarashi_Okinu,Q8054199,1845,1872-03-28,decapitation,,possible,9584,9948,"26 years, 88 days to 27 years, 87 days",geisha,,,,,,,
George Fletcher,https://en.wikipedia.org/wiki/George_Fletcher_(baseball),Q5539322,1845-04-21,1872-06-21,,,confirmed,9923,9923,"27 years, 61 days",baseball player,,,,,,,
Charles Hillyer,https://en.wikipedia.org/wiki/Charles_Hillyer_(cricketer),Q28924270,1845-08-04,1872-10-04,,,confirmed,9923,9923,"27 years, 61 days",cricketer,,,,,,,
Ioannis Zacharias,https://en.wikipedia.org/wiki/Ioannis_Zacharias,Q3154052,1845,1873,,,possible,9863,10591,"27 years, 1 day to 28 years, 364 days",painter,,,,,,,
J. Goldsteen Dupree,https://en.wikipedia.org/wiki/J._Goldsteen_Dupree,Q105225456,1846,1873,,,possible,9498,10226,"26 years, 1 day to 27 years, 364 days",politician,,,,,,,
Robert Tanner Freeman,https://en.wikipedia.org/wiki/Robert_Tanner_Freeman,Q7350276,1846,1873,,,possible,9498,10226,"26 years, 1 day to 27 years, 364 days",dentist,,,,,,,
William Ralph Featherston,https://en.wikipedia.org/wiki/William_Ralph_Featherston,Q5726742,1846,1873,,,possible,9498,10226,"26 years, 1 day to 27 years, 364 days",hymnwriter,,,,,,,
Bernabé Varona,https://en.wikipedia.org/wiki/Bernab%C3%A9_Varona,Q56843914,1845,1873-11-04,,,possible,10170,10534,"27 years, 308 days to 28 years, 307 days",military personnel,,,,,,,
Charles Drake,https://en.wikipedia.org/wiki/Charles_F._Tyrwhitt-Drake,Q18575962,1846,1874,,,possible,9863,10591,"27 years, 1 day to 28 years, 364 days",explorer; naturalist,,,,,,,
Hattie Shepparde,https://en.wikipedia.org/wiki/Hattie_Shepparde,Q69226541,1846,1874,,,possible,9863,10591,"27 years, 1 day to 28 years, 364 days",actor,,,,,,,
Holger Roed,https://en.wikipedia.org/wiki/Holger_Roed,Q4994411,1846-11-02,1874-02-20,,,confirmed,9972,9972,"27 years, 110 days",painter,,,,,,,
Václav F. Kumpošt,https://en.wikipedia.org/wiki/V%C3%A1clav_F._Kumpo%C5%A1t,Q11985460,1846-09-28,1874-02-26,tuberculosis,natural causes,confirmed,10013,10013,"27 years, 151 days",editing staff; journalist; naturalist,,,,,,,
Karl Jansson,https://en.wikipedia.org/wiki/Karl_Emanuel_Jansson,Q2342320,1846-07-07,1874-06-01,tuberculosis,natural causes,confirmed,10191,10191,"27 years, 329 days",painter,,,,,,,
Maksymilian Gierymski,https://en.wikipedia.org/wiki/Maksymilian_Gierymski,Q1886542,1846-10-09,1874-09-16,tuberculosis,natural causes,confirmed,10204,10204,"27 years, 342 days",artist; draftsperson; landscape painter; painter,,,,,,,
Rose La Touche,https://en.wikipedia.org/wiki/Rose_La_Touche,Q4251787,1848,1875,,,possible,9497,10226,"26 years, 1 day to 27 years, 364 days",model,,,,,,,
Charlie Hodes,https://en.wikipedia.org/wiki/Charlie_Hodes,Q5085031,1848,1875-02-14,,,possible,9541,9906,"26 years, 45 days to 27 years, 44 days",baseball player,,,,,,,
Carvick Thompson,https://en.wikipedia.org/wiki/Carvick_Thompson,Q28648757,1847-07-05,1875-03-28,,,confirmed,10128,10128,"27 years, 266 days",cricketer,,,,,,,
Teriitua Tuavira Pōmare,https://en.wikipedia.org/wiki/Teriitua_Tuavira_P%C5%8Dmare,Q1033682,1847-12-17,1875-04-09,,,confirmed,9975,9975,"27 years, 113 days",aristocrat,,,,,,,
Jean Seignemartin,https://en.wikipedia.org/wiki/Jean_Seignemartin,Q3174601,1848-04-17,1875-11-29,tuberculosis,natural causes,confirmed,10087,10087,"27 years, 226 days",painter,,,,,,,
Thomas W. Piper,https://en.wikipedia.org/wiki/Thomas_W._Piper,Q61962342,1849-04-22,1876,,,possible,9750,10115,"26 years, 254 days to 27 years, 253 days",serial killer,,,,,,,
Alfred Anderson,https://en.wikipedia.org/wiki/Alfred_Anderson_(pianist),Q96002230,1848,1876-03-22,,,possible,9943,10308,"27 years, 82 days to 28 years, 81 days",,,,,,,,
Johnny Dolan,https://en.wikipedia.org/wiki/Johnny_Dolan,Q6266601,1849,1876-04-21,hanging to death,capital punishment,possible,9608,9972,"26 years, 112 days to 27 years, 111 days",,,,,,,,
Georgi Obretenov,https://en.wikipedia.org/wiki/Georgi_Obretenov,Q1509232,1849,1876-05-10,,suicide,possible,9627,9991,"26 years, 131 days to 27 years, 130 days",revolutionary,,,,,,,
Neşerek Kadın,https://en.wikipedia.org/wiki/Ne%C5%9Ferek_Kad%C4%B1n,Q4981139,1848,1876-06-11,puerperal disorders,natural causes,possible,10024,10389,"27 years, 163 days to 28 years, 162 days",,,,,,,,
Narcisa Pérez Reoyo,https://en.wikipedia.org/wiki/Narcisa_P%C3%A9rez_Reoyo,Q25510438,1849-05-04,1876-06-19,,,confirmed,9908,9908,"27 years, 46 days",poet; writer,,,,,,,
Boston Custer,https://en.wikipedia.org/wiki/Boston_Custer,Q4947874,1848-10-31,1876-06-25,,death in battle,confirmed,10099,10099,"27 years, 238 days",military personnel,,,,,,,
Henry Moore Harrington,https://en.wikipedia.org/wiki/Henry_Moore_Harrington,Q5725996,1849-04-30,1876-06-25,,death in battle,confirmed,9918,9918,"27 years, 56 days",military personnel,,,,,,,
J. W. Schull,https://en.wikipedia.org/wiki/J._W._Schull,Q115556873,1849,1876-07-30,,,possible,9708,10072,"26 years, 212 days to 27 years, 211 days",,,,,,,,
Marguerite Priola,https://en.wikipedia.org/wiki/Marguerite_Priola,Q110739134,1849-10-02,1876-10-27,,,confirmed,9887,9887,"27 years, 25 days",actor; opera singer,,,,,,,
Teresa Manganiello,https://en.wikipedia.org/wiki/Teresa_Manganiello,Q541740,1849-01-01,1876-11-04,,,confirmed,10169,10169,"27 years, 308 days",religious,,,,,,,
Şehzade Mehmed Burhaneddin,https://en.wikipedia.org/wiki/%C5%9Eehzade_Mehmed_Burhaneddin_(son_of_Abdulmejid_I),Q6022826,1849-05-22,1876-11-04,,,confirmed,10028,10028,"27 years, 166 days",,,,,,,,
Albert Falvey Webster,https://en.wikipedia.org/wiki/Albert_Falvey_Webster,Q4710185,1848,1876-12-27,,,possible,10223,10588,"27 years, 362 days to 28 years, 361 days",writer,,,,,,,
William Munster,https://en.wikipedia.org/wiki/William_Felix_Munster,Q26701887,1849,1877,,,possible,9863,10591,"27 years, 1 day to 28 years, 364 days",politician,,,,,,,
Crazy Horse,https://en.wikipedia.org/wiki/Crazy_Horse,Q44555,1849-12-04,1877-09-05,stab wound,,confirmed,10137,10137,"27 years, 275 days",politician; traditional leader or chief,,,,,,,
Cornelius Donahue,https://en.wikipedia.org/wiki/Cornelius_Donahue,Q5171354,1850,1878,,,possible,9863,10591,"27 years, 1 day to 28 years, 364 days",,,,,,,,
William Bairstow Ingham,https://en.wikipedia.org/wiki/William_Bairstow_Ingham,Q21539183,1850-06-04,1878,,,possible,10073,10437,"27 years, 211 days to 28 years, 210 days",,,,,,,,
Severino Albarracín,https://en.wikipedia.org/wiki/Severino_Albarrac%C3%ADn,Q11949608,1851,1878-02-05,,,possible,9533,9897,"26 years, 36 days to 27 years, 35 days",politician; school teacher,,,,,,,
Cuthbert Ottaway,https://en.wikipedia.org/wiki/Cuthbert_Ottaway,Q593843,1850-07-19,1878-04-02,,natural causes,confirmed,10119,10119,"27 years, 257 days",association football player; barrister; cricketer,,,,,,,
Friedrich Brüggemann,https://en.wikipedia.org/wiki/Friedrich_Br%C3%BCggemann,Q5503771,1850-07-13,1878-04-07,lung disease,natural causes,confirmed,10130,10130,"27 years, 268 days",entomologist; ornithologist; zoologist,,,,,,,
Sam Bass,https://en.wikipedia.org/wiki/Sam_Bass_(outlaw),Q2330543,1851-07-21,1878-07-21,,,confirmed,9862,9862,"27 years, 0 days",cowboy,,,,,,,
Selina Wadge,https://en.wikipedia.org/wiki/Selina_Wadge,Q140645677,1850,1878-08-15,,,possible,10089,10453,"27 years, 227 days to 28 years, 226 days",,,,,,,,
William Wyatt Pinching,https://en.wikipedia.org/wiki/William_Wyatt_Pinching,Q8020612,1851-03-24,1878-08-16,,,confirmed,10007,10007,"27 years, 145 days",rugby union player,,,,,,,
Christian Rutenberg,https://en.wikipedia.org/wiki/Christian_Rutenberg,Q15624698,1851-06-11,1878-08-25,,homicide,confirmed,9937,9937,"27 years, 75 days",botanist; naturalist; ophthalmologist,,,,,,,
Bill Longley,https://en.wikipedia.org/wiki/Bill_Longley_(gunfighter),Q4909942,1851-10-06,1878-10-11,hanging to death,capital punishment,confirmed,9867,9867,"27 years, 5 days",,,,,,,,
Marie Fox,https://en.wikipedia.org/wiki/Marie_Fox,Q6455955,1850-12-21; 1851,1878-12-26,,,possible,9857,10232,"26 years, 360 days to 28 years, 5 days",writer,,,,,,,
Hooker Jim,https://en.wikipedia.org/wiki/Hooker_Jim,Q4502253,1851,1879,,,possible,9863,10591,"27 years, 1 day to 28 years, 364 days",warrior,,,,,,,
Minnie Walton,https://en.wikipedia.org/wiki/Minnie_Walton,Q26709004,1852,1879,,,possible,9497,10226,"26 years, 1 day to 27 years, 364 days",stage actor,,,,,,,
Francis Pickering,https://en.wikipedia.org/wiki/Francis_Pickering,Q5482190,1851-08-04,1879-03-11,,,confirmed,10081,10081,"27 years, 219 days",cricketer,,,,,,,
Levi Richardson,https://en.wikipedia.org/wiki/Levi_Richardson,Q16063487,1851,1879-04-05,,,possible,9957,10321,"27 years, 95 days to 28 years, 94 days",,,,,,,,
Laurens Reinhart Koolemans Beynen,https://en.wikipedia.org/wiki/L._R._Koolemans_Beynen,Q132704595,1852-03-11,1879-11-11,,,confirmed,10106,10106,"27 years, 245 days",naval officer,,,,,,,
Józef Pławiński,https://en.wikipedia.org/wiki/J%C3%B3zef_P%C5%82awi%C5%84ski,Q11731218,1853,1880-08-08,,,possible,9717,10081,"26 years, 221 days to 27 years, 220 days",composer; politician,,,,,,,
Jabez William Clay,https://en.wikipedia.org/wiki/Jabez_William_Clay,Q16857202,1852,1880-10-01,pneumonia,natural causes,possible,10136,10501,"27 years, 275 days to 28 years, 274 days",,,,,,,,
Rikard Jorgovanić,https://en.wikipedia.org/wiki/Rikard_Jorgovani%C4%87,Q7334006,1853-04-10,1880-10-24,,,confirmed,10059,10059,"27 years, 197 days",poet; writer,,,,,,,
Edward Wilkinson,https://en.wikipedia.org/wiki/Edward_Wilkinson_(cricketer),Q39089743,1853-10-16,1881-02-08,drowning,,confirmed,9977,9977,"27 years, 115 days",cricketer,,,,,,,
Harry Constable,https://en.wikipedia.org/wiki/Harry_Constable,Q16063292,1854,1881-02-17,,,possible,9545,9909,"26 years, 48 days to 27 years, 47 days",jockey,,,,,,,
Sophia Perovskaya,https://en.wikipedia.org/wiki/Sophia_Perovskaya,Q1823663,1853-09-25,1881-04-03,hanging to death,capital punishment,confirmed,10040,10040,"27 years, 178 days",revolutionary; women's rights activist,,,,,,,
Spiro Crne,https://en.wikipedia.org/wiki/Spiro_Crne,Q12294597,1854,1881-04-22,,,possible,9609,9973,"26 years, 112 days to 27 years, 111 days",,,,,,,,
Nikolai Kibalchich,https://en.wikipedia.org/wiki/Nikolai_Kibalchich,Q723519,1853-10-31,1881-04-15,hanging to death,capital punishment,confirmed,10028,10028,"27 years, 166 days",chemist; inventor; journalist; politician; revolutionary; scientist,,,,,,,
Dolores Paterno,https://en.wikipedia.org/wiki/Dolores_Paterno,Q5289549,1854-03-10,1881-07-03,,,confirmed,9977,9977,"27 years, 115 days",composer,,,,,,,
William Tattenbaum,https://en.wikipedia.org/wiki/William_Tattenbaum,Q4020168,1853,1881-11-09,,,possible,10175,10539,"27 years, 313 days to 28 years, 312 days",cowboy,,,,,,,
Milica Ninković,https://en.wikipedia.org/wiki/Milica_Ninkovi%C4%87,Q42796574,1854-01-30,1881-11-18,,,confirmed,10154,10154,"27 years, 292 days",translator,,,,,,,
Emily Astor,https://en.wikipedia.org/wiki/Emily_Astor,Q75413993,1854,1881-11-21,,,possible,9822,10186,"26 years, 325 days to 27 years, 324 days",,,,,,,,
Charles Putnam,https://en.wikipedia.org/wiki/Charles_F._Putnam,Q5081781,1854-12-01,1882,,,possible,9893,10257,"27 years, 31 days to 28 years, 30 days",military officer,,,,,,,
Tenpai Wangchuk,"https://en.wikipedia.org/wiki/Tenpai_Wangchuk,_8th_Panchen_Lama",Q2300087,1855,1882,,,possible,9498,10226,"26 years, 1 day to 27 years, 364 days",Buddhist monk; writer,,,,,,,
Edward Crofton,https://en.wikipedia.org/wiki/Edward_Crofton_(cricketer),Q5342460,1854-09-07,1882-05-15,,,confirmed,10112,10112,"27 years, 250 days",cricket umpire; cricketer,,,,,,,
Joseph Vandevelde,https://en.wikipedia.org/wiki/Joseph_Vandevelde,Q100699481,1855-01-05,1882-05-23,,,confirmed,10000,10000,"27 years, 138 days",explorer; soldier,,,,,,,
Kathleen Newton,https://en.wikipedia.org/wiki/Kathleen_Newton,Q6376858,1854,1882-11-09,,,possible,10175,10539,"27 years, 313 days to 28 years, 312 days",art model; model,,,,,,,
Ármin Klein,https://en.wikipedia.org/wiki/%C3%81rmin_Klein,Q120200700,1855,1883,,,possible,9863,10591,"27 years, 1 day to 28 years, 364 days",,,,,,,,
William Alexander Forbes,https://en.wikipedia.org/wiki/William_Alexander_Forbes,Q2345740,1855-06-25,1883-01-14,,,confirmed,10065,10065,"27 years, 203 days",ornithologist; zoologist,,,,,,,
Charles McKay,https://en.wikipedia.org/wiki/Charles_McKay,Q5080841,1855-04-21,1883-04-19,,,confirmed,10225,10225,"27 years, 363 days",explorer; naturalist,,,,,,,
Charlie Guth,https://en.wikipedia.org/wiki/Charlie_Guth,Q5084958,1856,1883-07-05,,,possible,9682,10047,"26 years, 186 days to 27 years, 185 days",baseball player,,,,,,,
Marie Litta,https://en.wikipedia.org/wiki/Marie_Litta,Q101500419,1856-06-01,1883-07-07,,,confirmed,9897,9897,"27 years, 36 days",opera singer,,,,,,,
Louis Thuillier,https://en.wikipedia.org/wiki/Louis_Thuillier,Q3263187,1856-05-04,1883-09-19,cholera,natural causes,confirmed,9999,9999,"27 years, 138 days",biologist; physicist,,,,,,,
George Coulthard,https://en.wikipedia.org/wiki/George_Coulthard,Q5538152,1856-08-01,1883-10-22,tuberculosis,natural causes,confirmed,9943,9943,"27 years, 82 days",Australian rules football player; cricket umpire; cricketer; tobacconist,,,,,,,
Robert Hedley,https://en.wikipedia.org/wiki/Robert_Hedley,Q7345373,1857-01-17,1884-01-29,drowning,accidental death,confirmed,9873,9873,"27 years, 12 days",association football player; engineer,,,,,,,
John Morrissey,https://en.wikipedia.org/wiki/John_Morrissey_(baseball),Q6249535,1856-12-30,1884-04-29,tuberculosis,natural causes,confirmed,9982,9982,"27 years, 121 days",baseball player,,,,,,,
Henry Newton Brown,https://en.wikipedia.org/wiki/Henry_Newton_Brown,Q3538023,1857,1884-04-30,,homicide,possible,9617,9981,"26 years, 121 days to 27 years, 120 days",cowboy,,,,,,,
Bill Smiley,https://en.wikipedia.org/wiki/Bill_Smiley,Q4910908,1856,1884-07-11,,,possible,10054,10419,"27 years, 193 days to 28 years, 192 days",baseball player,,,,,,,
Janey Tetary,https://en.wikipedia.org/wiki/Janey_Tetary,Q109197284,1856,1884-09-26,gunshot wound,death in battle,possible,10131,10496,"27 years, 270 days to 28 years, 269 days",indentured servant; women's rights activist,,,,,,,
Louis-Gustave Amelot,https://en.wikipedia.org/wiki/Louis-Gustave_Amelot,Q99033252,1857,1884-12-01,,,possible,9832,10196,"26 years, 336 days to 27 years, 335 days",engineer,,,,,,,
Damodar K. Mavalankar,https://en.wikipedia.org/wiki/Damodar_K._Mavalankar,Q2144732,1857,1885,,,possible,9863,10591,"27 years, 1 day to 28 years, 364 days",theosophist; writer,,,,,,,
Ludwig Kraus,https://en.wikipedia.org/wiki/Ludwig_Kraus,Q94833062,1857-04-09,1885-01-01,,,confirmed,10129,10129,"27 years, 267 days",mathematician,,,,,,,
Robert D. Yates,https://en.wikipedia.org/wiki/Robert_D._Yates,Q7343349,1857,1885,,,possible,9863,10591,"27 years, 1 day to 28 years, 364 days",athlete; physician,,,,,,,
Zaicheng,https://en.wikipedia.org/wiki/Zaicheng,Q8171945,1858; 1858-09-12,1885; 1885-07-21,,,possible,9498,10226,"26 years, 1 day to 27 years, 364 days",politician,,,,,,,
Alfonso XII of Spain,https://en.wikipedia.org/wiki/Alfonso_XII,Q32347,1857-11-28,1885-11-25,dysentery; tuberculosis,natural causes,confirmed,10224,10224,"27 years, 362 days",sovereign,,,,,,,
Mordecai Zvi Mane,https://en.wikipedia.org/wiki/Mordechai_Tzvi_Maneh,Q6633218,1859; 1859-05-05,1886; 1886-10-15,pulmonary tuberculosis,natural causes,possible,9498,10226,"26 years, 1 day to 27 years, 364 days",art historian; literary scholar; painter; poet; writer,,,,,,,
Constance de Castelbajac,https://en.wikipedia.org/wiki/Constance_de_Castelbajac,Q24578874,1859-07-26,1886-07-28,,,confirmed,9864,9864,"27 years, 2 days",diarist,,,,,,,
Niwa Nagahiro,https://en.wikipedia.org/wiki/Niwa_Nagahiro,Q7041864,1859-04-17,1886-07-29,,,confirmed,9965,9965,"27 years, 103 days",samurai,,,,,,,
Frank McIntyre,https://en.wikipedia.org/wiki/Frank_McIntyre_(baseball),Q5488321,1859-07-12,1887-07-08,,,confirmed,10223,10223,"27 years, 361 days",baseball player,,,,,,,
Josephine Wessely,https://en.wikipedia.org/wiki/Josephine_Wessely,Q390428,1860-03-18,1887-08-12,leukemia,natural causes,confirmed,10008,10008,"27 years, 147 days",actor; singer; stage actor,,,,,,,
Jules Laforgue,https://en.wikipedia.org/wiki/Jules_Laforgue,Q380275,1860-08-16,1887-08-20,tuberculosis,natural causes,confirmed,9865,9865,"27 years, 4 days",poet; prose writer; translator,,,,,,,
Franz Winkelmeier,https://en.wikipedia.org/wiki/Franz_Winkelmeier,Q85011,1860-04-27,1887-08-24,tuberculosis,natural causes,confirmed,9980,9980,"27 years, 119 days",artist,,,,,,,
Frederick Lucas,https://en.wikipedia.org/wiki/Frederick_Lucas_(Sussex_cricketer),Q15999896,1860-02-03,1887-11-07,,,confirmed,10139,10139,"27 years, 277 days",cricketer,,,,,,,
Marian Collier (painter),https://en.wikipedia.org/wiki/Marian_Collier_(painter),Q21456660,1859,1887-11-19,,,possible,10185,10549,"27 years, 323 days to 28 years, 322 days",painter,,,,,,,
Étienne Wasserzug,https://en.wikipedia.org/wiki/%C3%89tienne_Wasserzug,Q24249538,1860-08-01,1888,,,possible,10014,10379,"27 years, 153 days to 28 years, 152 days",biologist,,,,,,,
Danny Lyons,https://en.wikipedia.org/wiki/Danny_Lyons,Q5220573,1860,1888-08-21,hanging to death,capital punishment,possible,10095,10460,"27 years, 234 days to 28 years, 233 days",,,,,,,,
Len Sowders,https://en.wikipedia.org/wiki/Len_Sowders,Q6521965,1861-06-29,1888-11-19,,,confirmed,10005,10005,"27 years, 143 days",baseball player,,,,,,,
Jovo Ivanišević,https://en.wikipedia.org/wiki/Jovo_Ivani%C5%A1evi%C4%87,Q6296845,1861,1889,drowning,accidental death,possible,9863,10591,"27 years, 1 day to 28 years, 364 days",composer,,,,,,,
Katsu Goto,https://en.wikipedia.org/wiki/Katsu_Goto,Q6378050,1862,1889,,homicide,possible,9498,10226,"26 years, 1 day to 27 years, 364 days",trade unionist,,,,,,,
"Prince Laiq Ali Khan, 2nd Prince Salar Jung","https://en.wikipedia.org/wiki/Mir_Laiq_Ali_Khan,_Salar_Jung_II",Q1520211,1862,1889-07,,,possible,9679,10073,"26 years, 182 days to 27 years, 211 days",diplomat; politician,,,,,,,
Lev Kogan-Bernshteyn,https://en.wikipedia.org/wiki/Lev_Kogan-Bernstein,Q4226017,1862,1889-08-07,,,possible,9716,10080,"26 years, 219 days to 27 years, 218 days",revolutionary,,,,,,,
Joseph Needham,https://en.wikipedia.org/wiki/Joseph_Needham_(cricketer),Q6285769,1862-01-09,1889-08-30,,,confirmed,10095,10095,"27 years, 233 days",cricketer,,,,,,,
Amy Levy,https://en.wikipedia.org/wiki/Amy_Levy,Q275367,1861-11-10,1889-09-10,asphyxia,suicide,confirmed,10166,10166,"27 years, 304 days",novelist; poet; writer,,,,,,,
Fitz Boothby,https://en.wikipedia.org/wiki/Fitz_Boothby,Q20713139,1861,1889-09-26,,,possible,10131,10495,"27 years, 269 days to 28 years, 268 days",golfer,,,,,,,
Nadezhda Sigida,https://en.wikipedia.org/wiki/Nadezhda_Sigida,Q4418646,1862,1889-11-08,intoxication,suicide,possible,9809,10173,"26 years, 312 days to 27 years, 311 days",politician,,,,,,,
Joseph Vermillion,https://en.wikipedia.org/wiki/Lynching_of_Joseph_Vermillion,Q20050691,1862,1889-12-03,,,possible,9834,10198,"26 years, 337 days to 27 years, 336 days",,,,,,,,
Giuseppe Brentano,https://en.wikipedia.org/wiki/Giuseppe_Brentano,Q1528187,1862-04-14,1889-12-31,,,confirmed,10123,10123,"27 years, 261 days",architect,,,,,,,
Abu Turab Ghaffari,https://en.wikipedia.org/wiki/Abu_Torab_Ghaffari,Q17991176,1863,1890,,,possible,9498,10226,"26 years, 1 day to 27 years, 364 days",painter,,,,,,,
Anna Broms,https://en.wikipedia.org/wiki/Anna_Broms,Q16164878,1862,1890,,,possible,9863,10591,"27 years, 1 day to 28 years, 364 days",nurse; pedagogue,,,,,,,
Hugh Tennent,https://en.wikipedia.org/wiki/Hugh_Tennent,Q5932849,1863,1890,,,possible,9498,10226,"26 years, 1 day to 27 years, 364 days",businessperson,,,,,,,
Gerald Hornby,https://en.wikipedia.org/wiki/Gerald_Hornby,Q94377137,1862-06-09,1890-02-09,,,confirmed,10107,10107,"27 years, 245 days",cricketer,,,,,,,
Alexandru Al. Ioan Cuza,https://en.wikipedia.org/wiki/Alexandru_Al._Ioan_Cuza,Q4721088,1863-03-12,1890-03-29,tuberculosis,natural causes,confirmed,9879,9879,"27 years, 17 days",politician,,,,,,,
Joseph Merrick,https://en.wikipedia.org/wiki/Joseph_Merrick,Q215762,1862-08-05,1890-04-11,,,confirmed,10111,10111,"27 years, 249 days",artist,,,,,,,
José María Panganiban,https://en.wikipedia.org/wiki/Jos%C3%A9_Mar%C3%ADa_Panganiban,Q6279472,1863-02-01,1890-08-19,tuberculosis,natural causes,confirmed,10061,10061,"27 years, 199 days",journalist; linguist,,,,,,,
Frank Bell,https://en.wikipedia.org/wiki/Frank_Bell_(baseball),Q16062436,1863,1891-04-14,,homicide,possible,9966,10330,"27 years, 104 days to 28 years, 103 days",baseball player,,,,,,,
Jim Fogarty,https://en.wikipedia.org/wiki/Jim_Fogarty,Q6195017,1864-02-12,1891-05-20,tuberculosis,natural causes,confirmed,9959,9959,"27 years, 97 days",baseball player,,,,,,,
Albert Aldridge,https://en.wikipedia.org/wiki/Albert_Aldridge,Q2830914,1864-04-13,1891-06-22,,,confirmed,9931,9931,"27 years, 70 days",association football player,,,,,,,
Alexandre Levy,https://en.wikipedia.org/wiki/Alexandre_Levy,Q1362619,1864-11-10,1892-01-17; 1892-11-17,,,possible,9929,10234,"27 years, 68 days to 28 years, 7 days",composer; journalist; pianist,,,,,,,
Fred O'Neill,https://en.wikipedia.org/wiki/Fred_O%27Neill,Q5496017,1865,1892-03-07,,,possible,9563,9927,"26 years, 67 days to 27 years, 66 days",baseball player,,,,,,,
Ned Bligh,https://en.wikipedia.org/wiki/Ned_Bligh,Q6985929,1864-06-30,1892-04-18,typhoid fever,natural causes,confirmed,10154,10154,"27 years, 293 days",baseball player,,,,,,,
Frank Millard,https://en.wikipedia.org/wiki/Frank_Millard_(baseball),Q5488442,1865-07-04,1892-07-04,,,confirmed,9862,9862,"27 years, 0 days",baseball player,,,,,,,
Albert Aurier,https://en.wikipedia.org/wiki/Albert_Aurier,Q2714600,1865-05-05,1892-10-05,typhoid fever,natural causes,confirmed,10015,10015,"27 years, 153 days",art collector; art critic; journalist; poet; writer,,,,,,,
Kate Morgan,https://en.wikipedia.org/wiki/Kate_Morgan,Q6375672,1864,1892-11-28,,,possible,10194,10559,"27 years, 333 days to 28 years, 332 days",maid,,,,,,,
John G. Owens,https://en.wikipedia.org/wiki/John_G._Owens,Q15129922,1865-09-27,1893-02-18,,,confirmed,10006,10006,"27 years, 144 days",anthropologist; archaeologist,,,,,,,
Élida Passo,https://en.wikipedia.org/wiki/%C3%89lida_Passo,Q9098793,1866,1893-05-07,tuberculosis,natural causes,possible,9624,9988,"26 years, 127 days to 27 years, 126 days",pharmacist,,,,,,,
Si Pitung,https://en.wikipedia.org/wiki/Si_Pitung,Q4334472,1866,1893-11,shootout,homicide,possible,9802,10195,"26 years, 305 days to 27 years, 333 days",bandit; resistance fighter,,,,,,,
Eugenio Ruspoli,https://en.wikipedia.org/wiki/Eugenio_Ruspoli,Q3059613,1866-01-06,1893-12-04,animal attack,,confirmed,10194,10194,"27 years, 332 days",biologist; explorer; naturalist,,,,,,,
Sandy Ferguson,https://en.wikipedia.org/wiki/Sandy_Ferguson_(footballer),Q7417246,1867,1894,,,possible,9498,10226,"26 years, 1 day to 27 years, 364 days",association football coach; association football player,,,,,,,
Frank Lenz,https://en.wikipedia.org/wiki/Frank_Lenz_(cyclist),Q1443278,1867-02-15,1894-05,,,confirmed,9937,9967,"27 years, 75 days to 27 years, 105 days",sport cyclist,,,,,,,
Bone Baev,https://en.wikipedia.org/wiki/Bone_Baev,Q21162207,1867,1894-05-19,,,possible,9636,10000,"26 years, 139 days to 27 years, 138 days",geologist; mineralogist; zoologist,,,,,,,
William M. Dalton,https://en.wikipedia.org/wiki/William_M._Dalton,Q8014866,1866,1894-06-08,gunshot wound,,possible,10021,10385,"27 years, 159 days to 28 years, 158 days",,,,,,,,
Tom Murray,https://en.wikipedia.org/wiki/Tom_Murray_(baseball),Q7816984,1866,1894-06-20,,,possible,10033,10397,"27 years, 171 days to 28 years, 170 days",baseball player,,,,,,,
Nick Reeder,https://en.wikipedia.org/wiki/Nick_Reeder,Q7027797,1867-03-22,1894-09-26,,,confirmed,10050,10050,"27 years, 188 days",baseball player,,,,,,,
"Francis Douglas, Viscount Drumlanrig","https://en.wikipedia.org/wiki/Francis_Douglas,_Viscount_Drumlanrig",Q5480759,1867-02-03,1894-10-19,,,confirmed,10120,10120,"27 years, 258 days",politician,,,,,,,
Seo Jae-chang,https://en.wikipedia.org/wiki/Seo_Jae-chang,Q8766277,1866,1894-12-13,decapitation,homicide,possible,10209,10573,"27 years, 347 days to 28 years, 346 days",politician,,,,,,,
Andy Bowen,https://en.wikipedia.org/wiki/Andy_Bowen,Q525430,1867-05-03,1894-12-15,,,confirmed,10088,10088,"27 years, 226 days",boxer,,,,,,,
Fred Barrett,https://en.wikipedia.org/wiki/Fred_Barrett_(jockey),Q16066686,1867,1895-01-21,,,possible,9883,10247,"27 years, 21 days to 28 years, 20 days",jockey,,,,,,,
Charlie McKeahnie,https://en.wikipedia.org/wiki/Charlie_McKeahnie,Q5085229,1868-04-29,1895-08-03,,,confirmed,9957,9957,"27 years, 96 days",,,,,,,,
Katie Kehm Smith,https://en.wikipedia.org/wiki/Katie_Kehm_Smith,Q123823031,1868,1895-09-18,,,possible,9757,10122,"26 years, 261 days to 27 years, 260 days",,,,,,,,
Kid Summers,https://en.wikipedia.org/wiki/Kid_Summers,Q6404549,1868,1895-10-16,,,possible,9785,10150,"26 years, 289 days to 27 years, 288 days",baseball player,,,,,,,
Lu Haodong,https://en.wikipedia.org/wiki/Lu_Haodong,Q1060106,1868-09-30,1895-11-07,,capital punishment,confirmed,9899,9899,"27 years, 38 days",draftsperson,,,,,,,
Ernest Hiscock,https://en.wikipedia.org/wiki/Ernest_Hiscock,Q98149384,1868-04-09,1895-12-16,,,confirmed,10112,10112,"27 years, 251 days",cricketer,,,,,,,
Sarah Brown,https://en.wikipedia.org/wiki/Sarah_Brown_(model),Q16841274,1869,1896-02-12,,,possible,9539,9903,"26 years, 43 days to 27 years, 42 days",art model,,,,,,,
Olof Sager-Nelson,https://en.wikipedia.org/wiki/Olof_Sager-Nelson,Q6166788,1868-09-13,1896-04-10,tuberculosis,natural causes,confirmed,10071,10071,"27 years, 210 days",painter,,,,,,,
Arthur Linton,https://en.wikipedia.org/wiki/Arthur_Linton,Q710424,1868-11-28,1896-07-23,typhoid fever,natural causes,confirmed,10099,10099,"27 years, 238 days",sport cyclist,,,,,,,
Fred Higginbotham,https://en.wikipedia.org/wiki/Fred_Higginbotham,Q16059873,1868,1896-09-07,,,possible,10112,10477,"27 years, 251 days to 28 years, 250 days",ice hockey player; lacrosse player,,,,,,,
Paolo Lega,https://en.wikipedia.org/wiki/Paolo_Lega,Q10344275,1868-12-09,1896-09-25,,,confirmed,10152,10152,"27 years, 291 days",anarchist; politician,,,,,,,
Annie Lewis,https://en.wikipedia.org/wiki/Annie_Lewis,Q4769355,1869-01-01,1896-10-05,,,confirmed,10139,10139,"27 years, 278 days",actor; stage actor,,,,,,,
Giuseppe Marchetti,https://en.wikipedia.org/wiki/Giuseppe_Marchetti_(priest),Q65047035,1869-10-03,1896-12-14,,,confirmed,9934,9934,"27 years, 72 days",priest,,,,,,,
Mariia Fedosiivna Vetrova,https://en.wikipedia.org/wiki/Mariia_Vetrova,Q4110066,1870-01-03,1897-02-12,,,confirmed,9902,9902,"27 years, 40 days",politician; revolutionary; teacher,,,,,,,
Marcela Marcelo,https://en.wikipedia.org/wiki/Marcela_Marcelo,Q54670063,1869,1897-03-21,,,possible,9942,10306,"27 years, 80 days to 28 years, 79 days",revolutionary,,,,,,,
Bill Quarles,https://en.wikipedia.org/wiki/Bill_Quarles,Q4910570,1869,1897-03-25,,,possible,9946,10310,"27 years, 84 days to 28 years, 83 days",baseball player,,,,,,,
Willie John O'Connell,https://en.wikipedia.org/wiki/Willie_John_O%27Connell,Q8021607,1869,1897-04-25,,,possible,9977,10341,"27 years, 115 days to 28 years, 114 days",hurler,,,,,,,
Alberto Rodríguez Acosta,https://en.wikipedia.org/wiki/Alberto_Rodr%C3%ADguez_Acosta,Q56844100,1869,1897-05-18,,,possible,10000,10364,"27 years, 138 days to 28 years, 137 days",military personnel,,,,,,,
John Gilroy,https://en.wikipedia.org/wiki/John_Gilroy_(baseball),Q6235410,1869-10-26,1897-08-04,,,confirmed,10144,10144,"27 years, 282 days",baseball player,,,,,,,
Knut Frænkel,https://en.wikipedia.org/wiki/Knut_Fr%C3%A6nkel,Q1341315,1870-02-14,1897-10,,,confirmed,10091,10121,"27 years, 229 days to 27 years, 259 days",adventurer; balloonist; civil engineer; engineer; explorer; polar explorer,,,,,,,
Byron Drury,https://en.wikipedia.org/wiki/Byron_Drury_(cricketer),Q101229832,1870-10-03,1897-10-12,,,confirmed,9871,9871,"27 years, 9 days",cricketer,,,,,,,
Joe Sullivan,https://en.wikipedia.org/wiki/Joe_Sullivan_(shortstop),Q6212556,1870-01-06,1897-11-02,,,confirmed,10162,10162,"27 years, 300 days",baseball player,,,,,,,
Winslow Terrill,https://en.wikipedia.org/wiki/Winslow_Terrill,Q102304133,1870,1897-11-05,,,possible,9806,10170,"26 years, 309 days to 27 years, 308 days",baseball player,,,,,,,
Frank McGinn (baseball),https://en.wikipedia.org/wiki/Frank_McGinn_(baseball),Q5488298,1869,1897-11-19,,,possible,10185,10549,"27 years, 323 days to 28 years, 322 days",baseball player,,,,,,,
Clonard Keating,https://en.wikipedia.org/wiki/Clonard_Keating,Q5134961,1871-12-13,1898,,death in battle,possible,9516,9880,"26 years, 19 days to 27 years, 18 days",military personnel,,,,,,,
Fred Thompson,"https://en.wikipedia.org/wiki/Fred_Thompson_(footballer,_born_1870)",Q66011912,1870,1898,,,possible,9863,10591,"27 years, 1 day to 28 years, 364 days",association football player,,,,,,,
George Campbell,"https://en.wikipedia.org/wiki/George_Campbell_(footballer,_born_1864)",Q5537642,1871-03-28,1898,,,possible,9776,10140,"26 years, 279 days to 27 years, 278 days",association football coach; association football player,,,,,,,
Hanna K. Korany,https://en.wikipedia.org/wiki/Hanna_K._Korany,Q12250090,1870,1898,,,possible,9863,10591,"27 years, 1 day to 28 years, 364 days",writer,,,,,,,
Theodore Durrant,https://en.wikipedia.org/wiki/Theodore_Durrant,Q7781761,1871,1898-01-07,hanging to death,capital punishment,possible,9504,9868,"26 years, 7 days to 27 years, 6 days",serial killer,,,,,,,
William McCauley,https://en.wikipedia.org/wiki/William_McCauley_(American_football),Q8015334,1871,1898-03-23,,,possible,9579,9943,"26 years, 82 days to 27 years, 81 days",American football player; head coach,,,,,,,
J.J. Goodwin,https://en.wikipedia.org/wiki/J._J._Goodwin,Q13217461,1870-09-20,1898-06-02,,,confirmed,10117,10117,"27 years, 255 days",writer,,,,,,,
"Allyn Capron, Jr.",https://en.wikipedia.org/wiki/Allyn_K._Capron,Q4733455,1871-06-24,1898-06-24,gunshot wound,homicide,confirmed,9862,9862,"27 years, 0 days",military personnel,,,,,,,
Nikolaj Evgrafovič Fedoseev,https://en.wikipedia.org/wiki/Nikolai_Fedoseev,Q3876937,1871-05-09,1898-07-04,,,confirmed,9918,9918,"27 years, 56 days",politician; revolutionary,,,,,,,
R. Scott Fishe,https://en.wikipedia.org/wiki/R._Scott_Fishe,Q7273989,1871-02-12,1898-08-31,,suicide,confirmed,10062,10062,"27 years, 200 days",actor; opera singer,,,,,,,
Louise Tunison,https://en.wikipedia.org/wiki/Louise_Tunison,Q106833239,1872,1899,,,possible,9497,10226,"26 years, 1 day to 27 years, 364 days",composer; songwriter,,,,,,,
Ernest Moffitt,https://en.wikipedia.org/wiki/Ernest_Moffitt,Q5393569,1871-09-15,1899-03-23,,,confirmed,10051,10051,"27 years, 189 days",draftsperson; graphic artist; painter,,,,,,,
Anatoly Vaneyev,https://en.wikipedia.org/wiki/Anatoly_Vaneyev,Q426425,1872-03-09,1899-09-20,tuberculosis,natural causes,confirmed,10056,10056,"27 years, 195 days",politician,,,,,,,
Frank Butler,https://en.wikipedia.org/wiki/Frank_Butler_(pitcher),Q5485582,1872,1899-09-24,,,possible,9763,10128,"26 years, 267 days to 27 years, 266 days",baseball player,,,,,,,
Şehzade Mehmed Şevket,https://en.wikipedia.org/wiki/%C5%9Eehzade_Mehmed_%C5%9Eevket,Q6025967,1872-06-05,1899-10-22,,,confirmed,10000,10000,"27 years, 139 days",naval officer; pianist,,,,,,,
Frederick Hugh Sherston Roberts,"https://en.wikipedia.org/wiki/Frederick_Roberts_(VC,_born_1872)",Q5498069,1872-01-08,1899-12-17,,,confirmed,10205,10205,"27 years, 343 days",soldier,,,,,,,
Henri Evenepoel,https://en.wikipedia.org/wiki/Henri_Evenepoel,Q2980574,1872-10-03,1899-12-27,typhoid fever,natural causes,confirmed,9946,9946,"27 years, 85 days",draftsperson; painter; photographer; poster artist; printmaker,,,,,,,
Jimmy Collins,"https://en.wikipedia.org/wiki/Jimmy_Collins_(footballer,_born_1872)",Q85236517,1872,1900,,,possible,9862,10591,"27 years, 1 day to 28 years, 364 days",association football player,,,,,,,
Jimmy Haydock,https://en.wikipedia.org/wiki/Jimmy_Haydock,Q66819536,1872,1900,,,possible,9862,10591,"27 years, 1 day to 28 years, 364 days",association football player,,,,,,,
Jim Rogers,https://en.wikipedia.org/wiki/Jim_Rogers_(baseball),Q16030352,1872-04-09,1900-01-21,,,confirmed,10148,10148,"27 years, 287 days",baseball player,,,,,,,
Rudolph J. Nunnemacher,https://en.wikipedia.org/wiki/Rudolph_J._Nunnemacher,Q17421691,1872-02-26,1900-01-29,,,confirmed,10199,10199,"27 years, 337 days",businessperson,,,,,,,
Jack Dunlop,https://en.wikipedia.org/wiki/Jack_Dunlop,Q6112221,1872,1900-02-24,,,possible,9916,10281,"27 years, 55 days to 28 years, 54 days",cowboy,,,,,,,
Amandina of Schakkebroek,https://en.wikipedia.org/wiki/Amandina_of_Schakkebroek,Q2380319,1872-12-28,1900-07-09,decapitation,capital punishment,confirmed,10054,10054,"27 years, 193 days",missionary; nun,,,,,,,
Henry Stanley,https://en.wikipedia.org/wiki/Henry_Stanley_(cricketer),Q5728629,1873-08-20,1900-09-14,,,confirmed,9886,9886,"27 years, 25 days",cricketer,,,,,,,
Frank Mycroft,https://en.wikipedia.org/wiki/Frank_Mycroft,Q5488602,1873-06-30,1900-09-26,,,confirmed,9949,9949,"27 years, 88 days",cricketer,,,,,,,
John Warren,https://en.wikipedia.org/wiki/John_Warren_(South_African_cricketer),Q23692178,1873-02-08,1900-12-12,,,confirmed,10168,10168,"27 years, 307 days",cricketer,,,,,,,
Leo Pokrowsky,https://en.wikipedia.org/wiki/Leo_Pokrowsky,Q6524144,1873,1900-12-25,,,possible,9855,10219,"26 years, 359 days to 27 years, 358 days",military personnel,,,,,,,
Bessie Wentworth,https://en.wikipedia.org/wiki/Bessie_Wentworth,Q94383826,1873,1901-01-06,,,possible,9867,10231,"27 years, 6 days to 28 years, 5 days",comedian; singer,,,,,,,
John Barry,https://en.wikipedia.org/wiki/John_Barry_(VC),Q6220898,1873-02-01,1901-01-08,,,confirmed,10202,10202,"27 years, 341 days",military personnel,,,,,,,
Tom O'Brien,https://en.wikipedia.org/wiki/Tom_O%27Brien_(outfielder),Q7817075,1873-02-20,1901-02-03,,,confirmed,10209,10209,"27 years, 348 days",baseball player,,,,,,,
Charles Snyder,https://en.wikipedia.org/wiki/Charles_Snyder_(baseball),Q5082565,1873,1901-03-03,,,possible,9923,10287,"27 years, 62 days to 28 years, 61 days",baseball player,,,,,,,
William H. Wilson,https://en.wikipedia.org/wiki/William_H._Wilson_(New_York_politician),Q20880933,1873,1901-03-27,,,possible,9947,10311,"27 years, 86 days to 28 years, 85 days",politician,,,,,,,
William Rooney,https://en.wikipedia.org/wiki/William_Rooney,Q8017749,1873-09-29,1901-05-27,,,confirmed,10101,10101,"27 years, 240 days",,,,,,,,
Henri Helle,https://en.wikipedia.org/wiki/Henri_Helle,Q388191,1873-09-04,1901-06-21,,,confirmed,10151,10151,"27 years, 290 days",archer,,,,,,,
Doc McJames,https://en.wikipedia.org/wiki/Doc_McJames,Q5287091,1874-08-27,1901-09-23,,accidental death,confirmed,9888,9888,"27 years, 27 days",baseball player,,,,,,,
Alfred Tysoe,https://en.wikipedia.org/wiki/Alfred_Tysoe,Q710521,1874-03-21,1901-10-26,,natural causes,confirmed,10080,10080,"27 years, 219 days",middle-distance runner,,,,,,,
John Corcoran,https://en.wikipedia.org/wiki/John_Corcoran_(baseball),Q6227111,1873,1901-11-22,,,possible,10187,10551,"27 years, 326 days to 28 years, 325 days",baseball player,,,,,,,
Henry Albert Harper,https://en.wikipedia.org/wiki/Henry_Albert_Harper,Q5717163,1873-12-09,1901-12-06,,,confirmed,10223,10223,"27 years, 362 days",journalist,,,,,,,
Anna Benjamin,https://en.wikipedia.org/wiki/Anna_Benjamin,Q124499099,1874,1902,,,possible,9862,10590,"27 years, 1 day to 28 years, 364 days",journalist; photographer; photojournalist,,,,,,,
Jones Hewson,https://en.wikipedia.org/wiki/Jones_Hewson,Q13107212,1874-09-02,1902,tuberculosis,natural causes,possible,9982,10346,"27 years, 121 days to 28 years, 120 days",opera singer,,,,,,,
Mathias Kneißl,https://en.wikipedia.org/wiki/Mathias_Knei%C3%9Fl,Q45537,1875,1902,decapitation,capital punishment,possible,9497,10225,"26 years, 1 day to 27 years, 364 days",joiner; robber,,,,,,,
Alberta Virginia Scott,https://en.wikipedia.org/wiki/Alberta_Virginia_Scott,Q28608906,1875-08-25,1902-08-30,,,confirmed,9866,9866,"27 years, 5 days",teacher,,,,,,,
Francis George Atkinson,https://en.wikipedia.org/wiki/Francis_George_Atkinson,Q5481051,1874,1902-12-06,,,possible,10201,10565,"27 years, 340 days to 28 years, 339 days",,,,,,,,
Edward C. Robertson,https://en.wikipedia.org/wiki/Edward_C._Robertson,Q62596548,1876,1903,,,possible,9496,10225,"26 years, 1 day to 27 years, 364 days",American football player,,,,,,,
Emma Clarke,https://en.wikipedia.org/wiki/Emma_Clarke_(footballer),Q29045603,1876,1903,,,possible,9496,10225,"26 years, 1 day to 27 years, 364 days",association football player,,,,,,,
Nellie Keeler,https://en.wikipedia.org/wiki/Nellie_Keeler,Q6990109,1875-04-06,1903,tuberculosis,natural causes,possible,10131,10495,"27 years, 270 days to 28 years, 269 days",circus performer,,,,,,,
Viktor Pisarzhevsky,https://en.wikipedia.org/wiki/Viktor_Pisarzhevsky,Q137674363,1876,1903,,,possible,9496,10225,"26 years, 1 day to 27 years, 364 days",botanist,,,,,,,
Henry Taylor,"https://en.wikipedia.org/wiki/Henry_Taylor_(cricketer,_born_1875)",Q41757042,1875-06-01,1903-05-29,,,confirmed,10223,10223,"27 years, 362 days",cricketer,,,,,,,
Lado Ketskhoveli,https://en.wikipedia.org/wiki/Lado_Ketskhoveli,Q4219887,1876-01-14,1903-08-30,,,confirmed,10090,10090,"27 years, 228 days",politician; revolutionary,,,,,,,
Ted Hall,https://en.wikipedia.org/wiki/Ted_Hall_(footballer),Q7693252,1876-02-08,1903-12-30,,,confirmed,10186,10186,"27 years, 325 days",Australian rules football player; Australian rules football umpire,,,,,,,
David P. Wheeler,https://en.wikipedia.org/wiki/David_P._Wheeler,Q116163984,1876,1904,,,possible,9861,10591,"27 years, 1 day to 28 years, 365 days",military personnel,,,,,,,
Howard Harvey,https://en.wikipedia.org/wiki/Howard_Harvey,Q5919861,1877-10-21,1904,,,possible,9567,9932,"26 years, 72 days to 27 years, 71 days",association football player,,,,,,,
Walter Grimwood Doggett,https://en.wikipedia.org/wiki/Walter_Grimwood_Doggett,Q122587503,1876-09,1904-01-03,,,confirmed,9955,9984,"27 years, 95 days to 27 years, 124 days",naturalist; photographer; watercolorist,,,,,,,
Vangelis Natsis,https://en.wikipedia.org/wiki/Evangelos_Natsis,Q3394720,1876,1904-05-14,,,possible,9995,10360,"27 years, 135 days to 28 years, 134 days",,,,,,,,
Anđelko Aleksić,https://en.wikipedia.org/wiki/An%C4%91elko_Aleksi%C4%87,Q11213766,1876,1904-05-27,,,possible,10008,10373,"27 years, 148 days to 28 years, 147 days",,,,,,,,
Jose Clemente Zulueta,https://en.wikipedia.org/wiki/Jose_Clemente_Zulueta,Q110245525,1876-11-23,1904-09-10,,,confirmed,10152,10152,"27 years, 292 days",historian; writer,,,,,,,
Ștefan Petică,https://en.wikipedia.org/wiki/%C8%98tefan_Petic%C4%83,Q397146,1877-01-20,1904-10-17,tuberculosis,natural causes,confirmed,10131,10131,"27 years, 271 days",journalist; poet; writer,,,,,,,
Isabelle Eberhardt,https://en.wikipedia.org/wiki/Isabelle_Eberhardt,Q271903,1877-02-17,1904-10-21,drowning,accidental death,confirmed,10107,10107,"27 years, 247 days",explorer; journalist; writer,,,,,,,
Frank Bedingfield,https://en.wikipedia.org/wiki/Frank_Bedingfield,Q5485267,1877,1904-11-03,,,possible,9803,10167,"26 years, 308 days to 27 years, 307 days",association football player,,,,,,,
Jimmy Michael,https://en.wikipedia.org/wiki/Jimmy_Michael,Q935055,1877-08-18,1904-11-21,,,confirmed,9956,9956,"27 years, 95 days",sport cyclist,,,,,,,
J. T. Parks,https://en.wikipedia.org/wiki/J._T._Parks,Q137598825,1878-08-01,1905,,,possible,9649,10013,"26 years, 153 days to 27 years, 152 days",lawyer,,,,,,,
Otto Wonderly,https://en.wikipedia.org/wiki/Otto_Wonderly,Q7109887,1878,1905-04-02,,,possible,9588,9952,"26 years, 92 days to 27 years, 91 days",jockey,,,,,,,
Vojvoda Dragomir,https://en.wikipedia.org/wiki/Vojvoda_Dragomir,Q794765,1877,1905-04-14,,,possible,9965,10329,"27 years, 104 days to 28 years, 103 days",military personnel,,,,,,,
Nikola Karev,https://en.wikipedia.org/wiki/Nikola_Karev,Q1396875,1877-11-23,1905-04-27,,death in battle,confirmed,10016,10016,"27 years, 155 days",teacher,,,,,,,
Francis Portman,https://en.wikipedia.org/wiki/Francis_Portman,Q5482224,1878-03-24,1905-05-02,,,confirmed,9900,9900,"27 years, 39 days",cricketer,,,,,,,
Ivan Kalyayev,https://en.wikipedia.org/wiki/Ivan_Kalyayev,Q1380555,1877-07-06,1905-05-23,hanging to death,capital punishment,confirmed,10182,10182,"27 years, 321 days",journalist; poet; revolutionary; writer,,,,,,,
William Duval,https://en.wikipedia.org/wiki/William_Duval_(ice_hockey),Q8008161,1877-08-03,1905-06-07,,,confirmed,10169,10169,"27 years, 308 days",ice hockey player,,,,,,,
Hryhorii Vakulenchuk,https://en.wikipedia.org/wiki/Grigory_Vakulenchuk,Q4102660,1877,1905-06-27,gunshot wound,,possible,10039,10403,"27 years, 178 days to 28 years, 177 days",military personnel,,,,,,,
Otilie Suková,https://en.wikipedia.org/wiki/Otilie_Sukov%C3%A1,Q60467588,1878-06-06,1905-07-05; 1905-07-06,,,confirmed,9890,9891,"27 years, 29 days to 27 years, 30 days",composer; pianist,,,,,,,
Alma Frances McCollum,https://en.wikipedia.org/wiki/Alma_Frances_McCollum,Q69251811,1879,1906,,,possible,9497,10225,"26 years, 1 day to 27 years, 364 days",poet,,,,,,,
Sammy McClure,https://en.wikipedia.org/wiki/Sammy_McClure,Q97119959,1878-02-11,1906,,,possible,10185,10549,"27 years, 324 days to 28 years, 323 days",association football player,,,,,,,
Tarfah bint Abdullah Al Sheikh,https://en.wikipedia.org/wiki/Tarfa_bint_Abdullah_Al_Sheikh,Q25336671,1878,1906,,,possible,9862,10590,"27 years, 1 day to 28 years, 364 days",,,,,,,,
Tuman Tumian,https://en.wikipedia.org/wiki/Tuman_Tumyan,Q13052959,1879,1906,,death in battle,possible,9497,10225,"26 years, 1 day to 27 years, 364 days",fedayeen; public figure,,,,,,,
Ernst Schultz,https://en.wikipedia.org/wiki/Ernst_Schultz,Q428434,1879-05-15,1906-06-20,drowning,accidental death,confirmed,9897,9897,"27 years, 36 days",sprinter,,,,,,,
Alf Dear,https://en.wikipedia.org/wiki/Alf_Dear,Q21070294,1878-09-30,1906-08-29,,,confirmed,10194,10194,"27 years, 333 days",Australian rules football player,,,,,,,
Charles-Robert Faidide,https://en.wikipedia.org/wiki/Charles-Robert_Faidide,Q3666324,1880,1907,,,possible,9496,10225,"26 years, 1 day to 27 years, 364 days",athletics competitor,,,,,,,
René Pottier,https://en.wikipedia.org/wiki/Ren%C3%A9_Pottier,Q337113,1879-06-06,1907-01-25,hanging to death,suicide,confirmed,10094,10094,"27 years, 233 days",sport cyclist,,,,,,,
George S. Stillman,https://en.wikipedia.org/wiki/George_S._Stillman,Q5544202,1879-12-13,1907-03-15,,,confirmed,9953,9953,"27 years, 92 days",athletics competitor; head coach,,,,,,,
Maie Saqui,https://en.wikipedia.org/wiki/Maie_Saqui,Q63725679,1880,1907-03-27,,,possible,9581,9946,"26 years, 86 days to 27 years, 85 days",actor,,,,,,,
George Blundell,https://en.wikipedia.org/wiki/George_Blundell,Q18641366,1879-06-30,1907-06-15,,,confirmed,10211,10211,"27 years, 350 days",Australian rules football player,,,,,,,
Tellos Agras,https://en.wikipedia.org/wiki/Tellos_Agras,Q1363018,1880-02-17,1907-07-07,hanging to death,capital punishment,confirmed,10001,10001,"27 years, 140 days",military personnel; writer,,,,,,,
John H. Furse,https://en.wikipedia.org/wiki/John_H._Furse,Q6236839,1880-04-20,1907-09-30,,,confirmed,10023,10023,"27 years, 163 days",military officer,,,,,,,
Dora Brilliant,https://en.wikipedia.org/wiki/Dora_Brilliant,Q276147,1879,1907-10,,,possible,10135,10529,"27 years, 274 days to 28 years, 303 days",revolutionary,,,,,,,
Ross Gilmore Marvin,https://en.wikipedia.org/wiki/Ross_Gilmore_Marvin,Q7369354,1880-01-28,1908,,,possible,10199,10564,"27 years, 338 days to 28 years, 338 days",civil engineer; engineer; explorer,,,,,,,
Charlie Jones,"https://en.wikipedia.org/wiki/Charlie_Jones_(rugby_union,_born_1880)",Q65042821,1880,1908-03-06,,,possible,9926,10291,"27 years, 66 days to 28 years, 65 days",rugby union player,,,,,,,
Louis Chauvin,https://en.wikipedia.org/wiki/Louis_Chauvin,Q718370,1881-03-13,1908-03-26,,,confirmed,9874,9874,"27 years, 13 days",composer; pianist,,,,,,,
J. William Williams,https://en.wikipedia.org/wiki/J._William_Williams,Q6107478,1880-09-12,1908-05-10,,,confirmed,10101,10101,"27 years, 241 days",head coach,,,,,,,
Osaburo Noguchi,https://en.wikipedia.org/wiki/Osaburo_Noguchi,Q11612418,1880,1908-07-02,,,possible,10044,10409,"27 years, 184 days to 28 years, 183 days",,,,,,,,
Harry Thorpe,https://en.wikipedia.org/wiki/Harry_Thorpe,Q10507420,1880,1908-09-16,,,possible,10120,10485,"27 years, 260 days to 28 years, 259 days",association football player,,,,,,,
Pearl Fuller,https://en.wikipedia.org/wiki/Pearl_Fuller,Q7158081,1881-03-29,1908-09-27,,,confirmed,10043,10043,"27 years, 182 days",American football coach; mining engineer,,,,,,,
Mícheál Breathnach,https://en.wikipedia.org/wiki/M%C3%ADche%C3%A1l_Breathnach,Q13157590,1881-09-16,1908-09-28,,,confirmed,9873,9873,"27 years, 12 days",translator; writer,,,,,,,
Catherine Lynch,https://en.wikipedia.org/wiki/Catherine_Lynch,Q49995733,1880,1908-10-19,,,possible,10153,10518,"27 years, 293 days to 28 years, 292 days",domestic worker; prostitute,,,,,,,
Artúr Coray,https://en.wikipedia.org/wiki/Art%C3%BAr_Coray,Q715986,1881-07-16,1909-02-27,,,confirmed,10087,10087,"27 years, 226 days",athletics competitor,,,,,,,
Oscar Westerberg,https://en.wikipedia.org/wiki/Oscar_Westerberg,Q7106315,1882-07-08,1909-09-07,,,confirmed,9922,9922,"27 years, 61 days",baseball player,,,,,,,
Axel Jansson,https://en.wikipedia.org/wiki/Axel_Jansson_(sport_shooter),Q2562034,1882-04-24,1909-09-22,,,confirmed,10012,10012,"27 years, 151 days",sport shooter,,,,,,,
Benbadhanabongse,https://en.wikipedia.org/wiki/Benbadhanabongse,Q4886884,1882-09-13,1909-11-11,lung disease,natural causes,confirmed,9920,9920,"27 years, 59 days",songwriter,,,,,,,
Jimmy Sebring,https://en.wikipedia.org/wiki/Jimmy_Sebring,Q6201249,1882-03-22,1909-12-22,nephritis,natural causes,confirmed,10136,10136,"27 years, 275 days",baseball player,,,,,,,
"""Steeplejack"" Charles Miller",https://en.wikipedia.org/wiki/%22Steeplejack%22_Charles_Miller,Q25982913,1882,1910,,,possible,9862,10590,"27 years, 1 day to 28 years, 364 days",,,,,,,,
Alberto Yarini,https://en.wikipedia.org/wiki/Alberto_Yarini,Q17490603,1882,1910,,homicide,possible,9862,10590,"27 years, 1 day to 28 years, 364 days",procurer,,,,,,,
Alexander Semenyuta,https://en.wikipedia.org/wiki/Oleksandr_Semenyuta,Q26769488,1883,1910,,,possible,9497,10225,"26 years, 1 day to 27 years, 364 days",revolutionary,,,,,,,
Nikifor Efremovich Vilonov,https://en.wikipedia.org/wiki/Nikifor_Vilonov,Q4111279,1883-02-21,1910-05-01,,,confirmed,9930,9930,"27 years, 69 days",philosopher,,,,,,,
Carron O Lodge,https://en.wikipedia.org/wiki/Carron_Lodge,Q5046684,1883,1910-06-24,,,possible,9671,10035,"26 years, 175 days to 27 years, 174 days",painter,,,,,,,
Gaspare Torretta,https://en.wikipedia.org/wiki/Gaspare_Torretta,Q5526591,1883-05-29,1910-07-05,,,confirmed,9898,9898,"27 years, 37 days",athletics competitor; sprinter,,,,,,,
James Francis Durham,https://en.wikipedia.org/wiki/Jimmy_Durham,Q131825636,1883,1910-08-08,,,possible,9716,10080,"26 years, 220 days to 27 years, 219 days",soldier,,,,,,,
Micky Dore,https://en.wikipedia.org/wiki/Micky_Dore,Q6838905,1883-07-01,1910-08-13,,,confirmed,9904,9904,"27 years, 43 days",rugby league player; rugby union player,,,,,,,
José Gallego Mateo,https://en.wikipedia.org/wiki/Pepete_(Jos%C3%A9_Gallego_Mateo),Q3375025,1883-03-19,1910-09-07,animal attack,,confirmed,10033,10033,"27 years, 172 days",matador,,,,,,,
Dee Williams,https://en.wikipedia.org/wiki/Dee_Williams_(baseball),Q108616454,1884,1911,,,possible,9496,10225,"26 years, 1 day to 27 years, 364 days",baseball player,,,,,,,
Elizabeth Beardsley Butler,https://en.wikipedia.org/wiki/Elizabeth_Beardsley_Butler,Q5362396,1884-12-01,1911,tuberculosis,natural causes,possible,9526,9890,"26 years, 31 days to 27 years, 30 days",economist; writer,,,,,,,
Henry Clay Beattie Jr.,https://en.wikipedia.org/wiki/Henry_Clay_Beattie_Jr.,Q141061347,1884,1911,,,possible,9496,10225,"26 years, 1 day to 27 years, 364 days",,,,,,,,
Dick Scott,https://en.wikipedia.org/wiki/Dick_Scott_(right-handed_pitcher),Q5273351,1883-02-05,1911-01-18,,suicide,confirmed,10208,10208,"27 years, 347 days",baseball player,,,,,,,
Ram Singh,https://en.wikipedia.org/wiki/Ram_Singh_of_Dholpur,Q7288600,1883-05-26,1911-03-29,,,confirmed,10168,10168,"27 years, 307 days",,,,,,,,
Léon Lemartin,https://en.wikipedia.org/wiki/L%C3%A9on_Lemartin,Q3271147,1883-10-20,1911-06-18,,accidental death,confirmed,10102,10102,"27 years, 241 days",aircraft pilot; engineer; military flight engineer,,,,,,,
Carlos Tenaud,https://en.wikipedia.org/wiki/Carlos_Tenaud,Q16604181,1884-07-10,1911-09-07,,,confirmed,9919,9919,"27 years, 59 days",aircraft pilot,,,,,,,
George Borup,https://en.wikipedia.org/wiki/George_Borup,Q96484430,1885,1912,drowning,,possible,9496,10225,"26 years, 1 day to 27 years, 365 days",explorer; geologist,,,,,,,
Herbert Schröder-Stranz,https://en.wikipedia.org/wiki/Herbert_Schr%C3%B6der-Stranz,Q100786,1884-06-09,1912,,,possible,10066,10431,"27 years, 206 days to 28 years, 205 days",explorer; military officer; scientist,,,,,,,
Spiro Bellkameni,https://en.wikipedia.org/wiki/Spiro_Bellkameni,Q7578161,1885,1912,,,possible,9496,10225,"26 years, 1 day to 27 years, 365 days",revolutionary,,,,,,,
Graham Gilmour,https://en.wikipedia.org/wiki/Graham_Gilmour,Q16058472,1885,1912-02-17,,,possible,9543,9907,"26 years, 48 days to 27 years, 47 days",aircraft pilot,,,,,,,
Harry Elkins Widener,https://en.wikipedia.org/wiki/Harry_Elkins_Widener,Q511212,1885-01-03,1912-04-15,,,confirmed,9963,9963,"27 years, 103 days",bibliophile,,,,,,,
Juozas Montvila,https://en.wikipedia.org/wiki/Juozas_Montvila,Q4301999,1885-01-03,1912-04-15,,,confirmed,9963,9963,"27 years, 103 days",Catholic priest,,,,,,,
Stefan Izbinsky,https://en.wikipedia.org/wiki/Stefan_Izbinsky,Q7606140,1884-07-17,1912-04-28,,,confirmed,10146,10146,"27 years, 286 days",chess player,,,,,,,
George David Silva,https://en.wikipedia.org/wiki/George_David_Silva,Q5538397,1884,1912-06-10,hanging to death,capital punishment,possible,10022,10387,"27 years, 162 days to 28 years, 161 days",,,,,,,,
Joe Kutina,https://en.wikipedia.org/wiki/Joe_Kutina,Q6210803,1885-01-16,1912-09-13,,,confirmed,10101,10101,"27 years, 241 days",baseball player,,,,,,,
Lewis C. Rockwell,https://en.wikipedia.org/wiki/Lewis_C._Rockwell,Q105365929,1884-11-23,1912-09-28,,,confirmed,10170,10170,"27 years, 310 days",U.S. Army soldier,,,,,,,
Charles Millsom,https://en.wikipedia.org/wiki/Charles_Millsom,Q23617398,1885-07-06,1912-12-21,,,confirmed,10029,10029,"27 years, 168 days",Australian rules football player,,,,,,,
Guy Roxby,https://en.wikipedia.org/wiki/Guy_Roxby,Q85557115,1886,1913,typhoid fever,natural causes,possible,9497,10225,"26 years, 1 day to 27 years, 364 days",priest,,,,,,,
Léon Lacombe,https://en.wikipedia.org/wiki/L%C3%A9on_Lacombe,Q115937445,1885-04-12,1913-04-05,falling from height,suicide,confirmed,10219,10219,"27 years, 358 days",coal miner,,,,,,,
Miroslav Kraljević,https://en.wikipedia.org/wiki/Miroslav_Kraljevi%C4%87,Q1266673,1885-12-14,1913-04-16,tuberculosis,natural causes,confirmed,9984,9984,"27 years, 123 days",artist; graphic artist; painter; printmaker; sculptor,,,,,,,
"John Leslie-Melville, 12th Earl of Leven","https://en.wikipedia.org/wiki/John_Leslie-Melville,_12th_Earl_of_Leven",Q75286111,1886-04-05,1913-06-11,,,confirmed,9928,9928,"27 years, 67 days",,,,,,,,
Sha Gan,https://en.wikipedia.org/wiki/Sha_Gan,Q10310892,1885,1913-07-10,,homicide,possible,10052,10416,"27 years, 191 days to 28 years, 190 days",revolutionary,,,,,,,
Louis Moilanen,https://en.wikipedia.org/wiki/Louis_Moilanen,Q6687828,1886-01-05,1913-09-16,,,confirmed,10115,10115,"27 years, 254 days",,,,,,,,
Paul Preuss,https://en.wikipedia.org/wiki/Paul_Preuss_(climber),Q78941,1886-08-19,1913-10-03,,,confirmed,9906,9906,"27 years, 45 days",biologist; mountaineer; rock climber,,,,,,,
Albert Jewell,https://en.wikipedia.org/wiki/Albert_Jewell,Q4710577,1886,1913-10-13,,,possible,9782,10146,"26 years, 286 days to 27 years, 285 days",aircraft pilot,,,,,,,
Jarl Hulldén,https://en.wikipedia.org/wiki/Jarl_Hulld%C3%A9n,Q1142570,1885-12-26,1913-10-18,,,confirmed,10157,10157,"27 years, 296 days",sailor,,,,,,,
John Love Jones,https://en.wikipedia.org/wiki/John_Love_Jones,Q6245362,1885,1913-12-21,,,possible,10216,10580,"27 years, 355 days to 28 years, 354 days",association football player,,,,,,,
Alejandro Bello Silva,https://en.wikipedia.org/wiki/Alejandro_Bello,Q4714491,1887-04-27,1914,,,possible,9745,10109,"26 years, 249 days to 27 years, 248 days",aircraft pilot; military personnel,,,,,,,
Danica Jovanović,https://en.wikipedia.org/wiki/Danica_Jovanovi%C4%87,Q16081050,1886,1914,,,possible,9862,10590,"27 years, 1 day to 28 years, 364 days",painter,,,,,,,
Leopold Hojtasch,https://en.wikipedia.org/wiki/Leopold_Hojtasch,Q28871759,1887-10-13,1914,,,possible,9576,9940,"26 years, 80 days to 27 years, 79 days",association football player,,,,,,,
Frank Cirofici,https://en.wikipedia.org/wiki/Frank_Cirofici,Q5485847,1887,1914-04-13,electrocution,capital punishment,possible,9599,9963,"26 years, 103 days to 27 years, 102 days",gangster,,,,,,,
Ruth L. Trufant,https://en.wikipedia.org/wiki/Ruth_L._Trufant,Q112761969,1886,1914-04-26,,,possible,9977,10341,"27 years, 116 days to 28 years, 115 days",actor; singer,,,,,,,
Delmira Agustini,https://en.wikipedia.org/wiki/Delmira_Agustini,Q239458,1886-10-24,1914-07-06,,femicide,confirmed,10116,10116,"27 years, 255 days",poet; writer,,,,,,,
James Dickson Innes,https://en.wikipedia.org/wiki/James_Dickson_Innes,Q3404191,1887-02-27,1914-08-22,tuberculosis,natural causes,confirmed,10037,10037,"27 years, 176 days",painter,,,,,,,
Adolphe Reinach,https://en.wikipedia.org/wiki/Adolphe_Reinach,Q4684437,1887-01-12,1914-08-30,,death in battle,confirmed,10091,10091,"27 years, 230 days",archaeologist; classical scholar; Egyptologist; hellenist; historian,,,,,,,
Jindřich Prucha,https://en.wikipedia.org/wiki/Jind%C5%99ich_Prucha,Q12024834,1886-09-29,1914-09-01,,,confirmed,10198,10198,"27 years, 337 days",musician; painter; visual artist,,,,,,,
Johannes Schneider,https://en.wikipedia.org/wiki/Johannes_Schneider,Q1418420,1887-08-05,1914-09-08,,,confirmed,9895,9895,"27 years, 34 days",association football player,,,,,,,
Pyotr Nesterov,https://en.wikipedia.org/wiki/Pyotr_Nesterov,Q966524,1887-02-27,1914-09-08,,,confirmed,10055,10055,"27 years, 193 days",aircraft pilot; design engineer; military personnel,,,,,,,
Alain-Fournier,https://en.wikipedia.org/wiki/Alain-Fournier,Q298394,1886-10-03,1914-09-22,,,confirmed,10215,10215,"27 years, 354 days",novelist; writer,,,,,,,
August Macke,https://en.wikipedia.org/wiki/August_Macke,Q33981,1887-01-03,1914-09-26,,death in battle,confirmed,10127,10127,"27 years, 266 days",architectural drafter; draftsperson; graphic artist; painter; scenographer; sculptor,,,,,,,
Fran Galović,https://en.wikipedia.org/wiki/Fran_Galovi%C4%87,Q12347933,1887-07-20,1914-10-26,wounded in action,death in battle,confirmed,9959,9959,"27 years, 98 days",poet; science fiction writer; writer,,,,,,,
John Gregory,"https://en.wikipedia.org/wiki/John_Gregory_(cricketer,_born_1887)",Q11148391,1887-04-22,1914-10-27,,,confirmed,10049,10049,"27 years, 188 days",cricketer,,,,,,,
"Charles Pelham, Lord Worsley","https://en.wikipedia.org/wiki/Charles_Pelham,_Lord_Worsley",Q5081571,1887-08-14,1914-10-30,,death in battle,confirmed,9938,9938,"27 years, 77 days",aristocrat; military personnel,,,,,,,
Georg Trakl,https://en.wikipedia.org/wiki/Georg_Trakl,Q78476,1887-02-03,1914-11-03,drug overdose,suicide,confirmed,10134,10134,"27 years, 273 days",pharmacist; poet; writer,,,,,,,
Harry Turner (American football),https://en.wikipedia.org/wiki/Harry_Turner_(American_football),Q16058885,1887-03-05,1914-11-15,,,confirmed,10116,10116,"27 years, 255 days",American football player,,,,,,,
Frank Alexander de Pass,https://en.wikipedia.org/wiki/Frank_de_Pass,Q5484982,1887-04-26,1914-11-25,,,confirmed,10074,10074,"27 years, 213 days",military personnel,,,,,,,
Jean de La Ville de Mirmont,https://en.wikipedia.org/wiki/Jean_de_La_Ville_de_Mirmont,Q3175496,1886-12-02,1914-11-28,,,confirmed,10222,10222,"27 years, 361 days",poet,,,,,,,
Marc Pourpe,https://en.wikipedia.org/wiki/Marc_Pourpe,Q15229615,1887-05-17,1914-12-02,,death in battle,confirmed,10060,10060,"27 years, 199 days",aircraft pilot,,,,,,,
Abdul Salam Barzani,https://en.wikipedia.org/wiki/Abd_al-Salam_Barzani,Q66458954,1887,1914-12-14,,,possible,9844,10208,"26 years, 348 days to 27 years, 347 days",Tribal Leadership,,,,,,,
Artur Sigizmundovič Hominskij,https://en.wikipedia.org/wiki/Artur_Khominsky,Q18405455,1888-01-17,1915,,,possible,9845,10209,"26 years, 349 days to 27 years, 348 days",poet; writer,,,,,,,
Frank Lone Star,https://en.wikipedia.org/wiki/Frank_Lone_Star,Q5488001,1887,1915,,,possible,9862,10590,"27 years, 1 day to 28 years, 364 days",American football player,,,,,,,
"George Venables-Vernon, 8th Baron Vernon","https://en.wikipedia.org/wiki/George_Venables-Vernon,_8th_Baron_Vernon",Q21682517,1888-09,1915,dysentery,natural causes,possible,9588,9981,"26 years, 93 days to 27 years, 121 days",diplomat; large estate owner,,,,,,,
Herman Donners,https://en.wikipedia.org/wiki/Herman_Donners,Q1949716,1888-08-05,1915,,,possible,9644,10008,"26 years, 149 days to 27 years, 148 days",swimmer; water polo player,,,,,,,
Jak Sayabalyan,https://en.wikipedia.org/wiki/Jacques_Sayabalian,Q15429208,1888-06,1915,Armenian Genocide,homicide,possible,9680,10073,"26 years, 185 days to 27 years, 213 days",journalist; translator; writer,,,,,,,
Luciano Orlando,https://en.wikipedia.org/wiki/Luciano_Orlando,Q45182815,1887,1915,,,possible,9862,10590,"27 years, 1 day to 28 years, 364 days",docent; mathematician; physicist,,,,,,,
Maria Gramegna,https://en.wikipedia.org/wiki/Maria_Gramegna,Q3847303,1887-05-11,1915-01-13,,,confirmed,10108,10108,"27 years, 247 days",mathematician,,,,,,,
Marc Hall,https://en.wikipedia.org/wiki/Marc_Hall_(baseball),Q6755600,1887-08-12,1915-02-24,,,confirmed,10057,10057,"27 years, 196 days",baseball player,,,,,,,
Frederick Burr,https://en.wikipedia.org/wiki/Frederick_Burr,Q5497447,1887-08-02,1915-03-12,,,confirmed,10083,10083,"27 years, 222 days",cricketer,,,,,,,
Rupert Brooke,https://en.wikipedia.org/wiki/Rupert_Brooke,Q366086,1887-08-03,1915-04-23,sepsis,natural causes,confirmed,10124,10124,"27 years, 263 days",poet; writer,,,,,,,
Frank Edward Stubbs,https://en.wikipedia.org/wiki/Frank_Edward_Stubbs,Q4438888,1888-03-12,1915-04-25,,,confirmed,9904,9904,"27 years, 44 days",military personnel,,,,,,,
Henri Piet,https://en.wikipedia.org/wiki/Henri_Piet,Q5715646,1888-01-02,1915-04-26,,,confirmed,9975,9975,"27 years, 114 days",boxer,,,,,,,
William Barnard Rhodes-Moorhouse,https://en.wikipedia.org/wiki/William_Barnard_Rhodes-Moorhouse,Q8005084,1887-09-26,1915-04-27,,,confirmed,10074,10074,"27 years, 213 days",air force; aircraft pilot; racing automobile driver,,,,,,,
John Lynn,https://en.wikipedia.org/wiki/John_Lynn_(VC),Q6245619,1887,1915-05-03,,,possible,9984,10348,"27 years, 123 days to 28 years, 122 days",military personnel,,,,,,,
George Molineux,https://en.wikipedia.org/wiki/George_Molineux,Q20712203,1887,1915-05-05,,,possible,9986,10350,"27 years, 125 days to 28 years, 124 days",cricketer; military officer,,,,,,,
Edward Frederick Robert Bage,https://en.wikipedia.org/wiki/Bob_Bage,Q5343008,1888-04-17,1915-05-07,,,confirmed,9880,9880,"27 years, 20 days",astronomer; engineer,,,,,,,
Walter Lyon,https://en.wikipedia.org/wiki/Walter_Lyon_(poet),Q7965506,1887,1915-05-08,,,possible,9989,10353,"27 years, 128 days to 28 years, 127 days",lawyer; poet,,,,,,,
Bobby Houston,"https://en.wikipedia.org/wiki/Bobby_Houston_(footballer,_born_1889)",Q60761615,1888,1915-05-09,,,possible,9624,9989,"26 years, 129 days to 27 years, 128 days",association football player; military personnel,,,,,,,
Harold Wesley George,https://en.wikipedia.org/wiki/Harold_Wesley_George,Q5662716,1887,1915-05-10,,,possible,9991,10355,"27 years, 130 days to 28 years, 129 days",rugby union player,,,,,,,
Albert Eutrope,https://en.wikipedia.org/wiki/Albert_Eutropius,Q2831155,1888-01-10,1915-05-26,,,confirmed,9997,9997,"27 years, 136 days",rugby union player,,,,,,,
Julian Grenfell,https://en.wikipedia.org/wiki/Julian_Grenfell,Q6307214,1888-03-30,1915-05-26,,death in battle,confirmed,9917,9917,"27 years, 57 days",military personnel; poet,,,,,,,
Calle Nilsson,https://en.wikipedia.org/wiki/Carl_Nilsson_(runner),Q5021853,1888-05-18,1915-06-23,,,confirmed,9896,9896,"27 years, 36 days",marathon runner,,,,,,,
G. C. Cox,https://en.wikipedia.org/wiki/C._C._Cox,Q5512164,1887-10-17,1915-07-03; 1915-07-04,,,confirmed,10120,10121,"27 years, 259 days to 27 years, 260 days",engineer,,,,,,,
Druce Brandt,https://en.wikipedia.org/wiki/Druce_Brandt,Q80983061,1887-10-20,1915-07-06,,,confirmed,10120,10120,"27 years, 259 days",cricketer; military personnel,,,,,,,
Frank Tarr,https://en.wikipedia.org/wiki/Frank_Tarr,Q16059091,1887-08-14,1915-07-18,,,confirmed,10199,10199,"27 years, 338 days",rugby union player,,,,,,,
Sid O'Neill,https://en.wikipedia.org/wiki/Sid_O%27Neill,Q7507862,1888-07-04,1915-08-07,,,confirmed,9894,9894,"27 years, 34 days",Australian rules football player,,,,,,,
Henry Moseley,https://en.wikipedia.org/wiki/Henry_Moseley,Q310759,1887-11-23,1915-08-10,gunshot wound,,confirmed,10121,10121,"27 years, 260 days",chemist; engineer; physicist,,,,,,,
Edward Gordon Williams,https://en.wikipedia.org/wiki/Edward_Williams_(rower),Q2000822,1888-07-20,1915-08-12,,,confirmed,9883,9883,"27 years, 23 days",rower,,,,,,,
Charles Collet,https://en.wikipedia.org/wiki/Charles_Collet,Q5076378,1888-02-04,1915-08-19,,,confirmed,10057,10057,"27 years, 196 days",military personnel,,,,,,,
Blaine Thomas,https://en.wikipedia.org/wiki/Blaine_Thomas,Q4923983,1888-08,1915-08-21,,,possible,9850,9880,"26 years, 355 days to 27 years, 20 days",baseball player,,,,,,,
George Duffin,https://en.wikipedia.org/wiki/George_Duffin,Q133963362,1887-10-14,1915-08-22,,,confirmed,10173,10173,"27 years, 312 days",rugby league player; rugby union player,,,,,,,
Luigi Ferraris,https://en.wikipedia.org/wiki/Luigi_Ferraris_(footballer),Q3839629,1887-11-18,1915-08-23,,,confirmed,10139,10139,"27 years, 278 days",association football player,,,,,,,
John Aidan Liddell,https://en.wikipedia.org/wiki/John_Aidan_Liddell,Q6218326,1888-08-03,1915-08-31,,,confirmed,9888,9888,"27 years, 28 days",military personnel,,,,,,,
Billy Borland,https://en.wikipedia.org/wiki/Billy_Borland,Q27178182,1888-08-21,1915-09-25,,,confirmed,9895,9895,"27 years, 35 days",association football player,,,,,,,
George Legge,https://en.wikipedia.org/wiki/George_Legge_(footballer),Q27830693,1887,1915-09-25,,,possible,10129,10493,"27 years, 268 days to 28 years, 267 days",association football player,,,,,,,
John Young,"https://en.wikipedia.org/wiki/John_Young_(footballer,_born_1888)",Q60754523,1888,1915-09-25,,,possible,9763,10128,"26 years, 268 days to 27 years, 267 days",association football player,,,,,,,
Charles Oldaker,https://en.wikipedia.org/wiki/Charles_Oldaker,Q65557106,1887,1915-09-26,,,possible,10130,10494,"27 years, 269 days to 28 years, 268 days",artistic gymnast; gymnast,,,,,,,
Arthur Jaques,https://en.wikipedia.org/wiki/Arthur_Jaques,Q4799247,1888-03-07,1915-09-27,,,confirmed,10064,10064,"27 years, 204 days",cricketer,,,,,,,
Bernard Holloway,https://en.wikipedia.org/wiki/Bernard_Holloway,Q16059029,1888-01-13,1915-09-27,,,confirmed,10118,10118,"27 years, 257 days",cricketer,,,,,,,
James Armstrong,"https://en.wikipedia.org/wiki/James_Armstrong_(footballer,_born_1887)",Q27830760,1888,1915-10-10,,,possible,9778,10143,"26 years, 283 days to 27 years, 282 days",association football player,,,,,,,
Nelle Rodd,https://en.wikipedia.org/wiki/Nelle_Rodd,Q130302601,1887,1915-10-10,,,possible,10144,10508,"27 years, 283 days to 28 years, 282 days",cartoonist; children's book illustrator; painter,,,,,,,
Margaret Rogers,https://en.wikipedia.org/wiki/Margaret_Rogers_(nurse),Q27469895,1887-12-11,1915-10-23,,,confirmed,10177,10177,"27 years, 316 days",nurse,,,,,,,
Gerry Hazlitt,https://en.wikipedia.org/wiki/Gerry_Hazlitt,Q5552790,1888-09-04,1915-10-30,,,confirmed,9916,9916,"27 years, 56 days",cricketer,,,,,,,
Carlo Galletti,https://en.wikipedia.org/wiki/Carlo_Galletti,Q3659390,1888,1915-11,,,possible,9800,10194,"26 years, 305 days to 27 years, 333 days",association football player,,,,,,,
Vishnu Ganesh Pingle,https://en.wikipedia.org/wiki/Vishnu_Ganesh_Pingle,Q7935970,1888; 1889-01-02,1915-11-16,hanging to death,capital punishment,possible,9813,10180,"26 years, 318 days to 27 years, 319 days",revolutionary,,,,,,,
Scipio Slataper,https://en.wikipedia.org/wiki/Scipio_Slataper,Q1683317,1888-07-14,1915-12-03,,,confirmed,10002,10002,"27 years, 142 days",writer,,,,,,,
Anton Wegscheider,https://en.wikipedia.org/wiki/Anton_Wegscheider,Q28871764,1889,1916,,,possible,9496,10225,"26 years, 1 day to 27 years, 365 days",association football player,,,,,,,
Frederick Mors,https://en.wikipedia.org/wiki/Frederick_Mors,Q5498430,1889-10-02,1916,,,possible,9586,9951,"26 years, 91 days to 27 years, 90 days",serial killer,,,,,,,
Harold Meadowcroft,https://en.wikipedia.org/wiki/Harold_Meadowcroft,Q22097711,1889,1916,,,possible,9496,10225,"26 years, 1 day to 27 years, 365 days",association football player,,,,,,,
Jatra Bhagat,https://en.wikipedia.org/wiki/Jatra_Bhagat,Q12427875,1888,1916,,,possible,9861,10591,"27 years, 1 day to 28 years, 365 days",revolutionary,,,,,,,
Neville Usborne,https://en.wikipedia.org/wiki/Neville_Usborne,Q16059206,1888; 1888-02-27,1916; 1916-02-21,,,possible,9861,10591,"27 years, 1 day to 28 years, 365 days",aircraft pilot,,,,,,,
Nikolay Radkevich,https://en.wikipedia.org/wiki/Nikolay_Radkevich,Q4387737,1888,1916,,,possible,9861,10591,"27 years, 1 day to 28 years, 365 days",serial killer,,,,,,,
Norman Wood,"https://en.wikipedia.org/wiki/Norman_Wood_(footballer,_born_1890)",Q22019637,1889,1916,,,possible,9496,10225,"26 years, 1 day to 27 years, 365 days",association football player,,,,,,,
Paddy McGuire,https://en.wikipedia.org/wiki/Paddy_McGuire_(footballer),Q22087030,1889,1916,,,possible,9496,10225,"26 years, 1 day to 27 years, 365 days",association football player,,,,,,,
Sa'ad bin Abdul-Rahman,https://en.wikipedia.org/wiki/Sa%27ad_bin_Abdul_Rahman_Al_Saud,Q6799038,1888,1916,,,possible,9861,10591,"27 years, 1 day to 28 years, 365 days",,,,,,,,
Sidney Wheelhouse,https://en.wikipedia.org/wiki/Sidney_Wheelhouse,Q22019590,1888,1916,,,possible,9861,10591,"27 years, 1 day to 28 years, 365 days",association football player,,,,,,,
Dave Howie,https://en.wikipedia.org/wiki/Dave_Howie,Q5229005,1888-05-12,1916-01-19,,,confirmed,10112,10112,"27 years, 252 days",rugby union player,,,,,,,
Robert Stafford Arthur Palmer,https://en.wikipedia.org/wiki/Robert_Palmer_(British_writer),Q55496872,1888-09-26,1916-01-21,,died of wounds,confirmed,9977,9977,"27 years, 117 days",soldier,,,,,,,
Bernard Nevile,https://en.wikipedia.org/wiki/Bernard_Nevile,Q4893467,1888-08-01,1916-02-11,,,confirmed,10054,10054,"27 years, 194 days",cricketer,,,,,,,
Frank Cannon,https://en.wikipedia.org/wiki/Frank_Cannon_(footballer),Q10469188,1888-11-08,1916-02-15,,,confirmed,9959,9959,"27 years, 99 days",association football player,,,,,,,
William Murphy,https://en.wikipedia.org/wiki/William_Murphy_(rower),Q47492447,1889-02-09,1916-02-18,,,confirmed,9869,9869,"27 years, 9 days",rower,,,,,,,
Alexander Cowie,https://en.wikipedia.org/wiki/Alexander_Cowie,Q4718648,1889-02-27,1916-04-07,,,confirmed,9900,9900,"27 years, 40 days",cricketer,,,,,,,
Clinton H. Stagg,https://en.wikipedia.org/wiki/Clinton_H._Stagg,Q5134127,1888-11,1916-05-03,traffic collision,accidental death,confirmed,10015,10044,"27 years, 155 days to 27 years, 184 days",journalist; novelist; screenwriter,,,,,,,
José García Calderón,https://en.wikipedia.org/wiki/Jos%C3%A9_Garc%C3%ADa_Calder%C3%B3n,Q63247089,1888-07-22,1916-05-05,,,confirmed,10148,10148,"27 years, 288 days",writer,,,,,,,
Conn Colbert,https://en.wikipedia.org/wiki/Con_Colbert,Q3321067,1888-10-19,1916-05-08,gunshot wound,,confirmed,10062,10062,"27 years, 202 days",politician,,,,,,,
Victor Hayward,https://en.wikipedia.org/wiki/Victor_Hayward,Q942945,1888,1916-05-08,,,possible,9989,10354,"27 years, 129 days to 28 years, 128 days",explorer,,,,,,,
Felix Tekusch,https://en.wikipedia.org/wiki/Felix_Tekusch,Q29188245,1889-05-11,1916-05-21,,,confirmed,9871,9871,"27 years, 10 days",association football player,,,,,,,
Paul Dupré,https://en.wikipedia.org/wiki/Paul_Dupr%C3%A9,Q20708009,1888-06-29,1916-05-31,,,confirmed,10197,10197,"27 years, 337 days",rugby union player,,,,,,,
Charlie Calladine,"https://en.wikipedia.org/wiki/Charlie_Calladine_(footballer,_born_1888)",Q104177037,1888,1916-06-01,,,possible,10013,10378,"27 years, 153 days to 28 years, 152 days",association football player; engineer; military personnel,,,,,,,
Francis Gillespie,https://en.wikipedia.org/wiki/Francis_Gillespie,Q28935183,1889-03-26,1916-06-18,,,confirmed,9945,9945,"27 years, 84 days",cricketer,,,,,,,
John Dodge,https://en.wikipedia.org/wiki/John_Dodge_(baseball),Q6229594,1889-04-27,1916-06-19,,,confirmed,9914,9914,"27 years, 53 days",baseball player,,,,,,,
Page Peters,https://en.wikipedia.org/wiki/Page_Peters,Q117901063,1889,1916-06-22,,,possible,9669,10033,"26 years, 174 days to 27 years, 173 days",actor; film actor,,,,,,,
Maurice Vinot,https://en.wikipedia.org/wiki/Maurice_Vinot,Q3301507,1888-11-03,1916-06-23,,,confirmed,10093,10093,"27 years, 233 days",actor; film actor,,,,,,,
Charles Franklin Niles,https://en.wikipedia.org/wiki/Charles_Franklin_Niles,Q29261554,1888,1916-06-26,,,possible,10038,10403,"27 years, 178 days to 28 years, 177 days",aircraft pilot,,,,,,,
Guido Negri,https://en.wikipedia.org/wiki/Guido_Negri,Q94533297,1888-08-25,1916-06-27,,,confirmed,10167,10167,"27 years, 307 days",military personnel; soldier,,,,,,,
David Izatt,https://en.wikipedia.org/wiki/David_Izatt,Q26998040,1889,1916-07-01,,,possible,9678,10042,"26 years, 183 days to 27 years, 182 days",association football player,,,,,,,
Jimmy Maxwell,https://en.wikipedia.org/wiki/Jimmy_Maxwell_(footballer),Q91261305,1889,1916-07-01,,,possible,9678,10042,"26 years, 183 days to 27 years, 182 days",association football player,,,,,,,
John Leslie Green,https://en.wikipedia.org/wiki/John_Leslie_Green,Q6244647,1888-12-04,1916-07-01,,,confirmed,10070,10070,"27 years, 210 days",military physician,,,,,,,
Colin M. Selbie,https://en.wikipedia.org/wiki/Colin_M._Selbie,Q19840699,1889-02-24,1916-07-14,,,confirmed,10001,10001,"27 years, 141 days",marine biologist; zoologist,,,,,,,
Hugh Plowman,https://en.wikipedia.org/wiki/Hugh_Plowman,Q16059216,1889-04-21,1916-07-19,,,confirmed,9950,9950,"27 years, 89 days",Australian rules football player,,,,,,,
Bill Nolan,"https://en.wikipedia.org/wiki/Bill_Nolan_(footballer,_born_1888)",Q4910349,1888-09-04,1916-07-23,,,confirmed,10183,10183,"27 years, 323 days",Australian rules football player,,,,,,,
Claude Newberry,https://en.wikipedia.org/wiki/Claude_Newberry,Q5128979,1889,1916-08-01,,,possible,9709,10073,"26 years, 214 days to 27 years, 213 days",cricketer,,,,,,,
Alan Scrivener Lloyd,https://en.wikipedia.org/wiki/Alan_Scrivener_Lloyd,Q137579178,1888-10-15,1916-08-04,,,confirmed,10154,10154,"27 years, 294 days",military personnel,,,,,,,
Basil Hallam,https://en.wikipedia.org/wiki/Basil_Hallam,Q4867173,1889-04-03,1916-08-20,,,confirmed,10000,10000,"27 years, 139 days",stage actor,,,,,,,
Harold Cressy,https://en.wikipedia.org/wiki/Harold_Cressy,Q17626567,1889-02-01,1916-08-23,pneumonia,natural causes,confirmed,10064,10064,"27 years, 204 days",teacher,,,,,,,
Émile Steffe,https://en.wikipedia.org/wiki/%C3%89mile_Steffe,Q65557986,1889-05-10,1916-08-24,,,confirmed,9967,9967,"27 years, 106 days",artistic gymnast; gymnast,,,,,,,
John Fitzhardinge Paul Butler,https://en.wikipedia.org/wiki/John_Fitzhardinge_Paul_Butler,Q6233337,1888-12-20,1916-09-05,,,confirmed,10120,10120,"27 years, 260 days",military personnel,,,,,,,
Leslie Coulson,https://en.wikipedia.org/wiki/Leslie_Coulson,Q6530730,1889-07-19,1916-10-08,,,confirmed,9942,9942,"27 years, 81 days",journalist; writer,,,,,,,
Tony Jannus,https://en.wikipedia.org/wiki/Tony_Jannus,Q5828186,1889-07-22,1916-10-12,,accidental death,confirmed,9943,9943,"27 years, 82 days",aircraft pilot,,,,,,,
Richard McFadden,https://en.wikipedia.org/wiki/Richard_McFadden,Q7327736,1889,1916-10-23,,,possible,9792,10156,"26 years, 297 days to 27 years, 296 days",association football player,,,,,,,
Maxime Lenoir,https://en.wikipedia.org/wiki/Maxime_Lenoir,Q3302633,1888-12-22,1916-10-25,,accidental death,confirmed,10168,10168,"27 years, 308 days",flying ace,,,,,,,
Joe Smith,"https://en.wikipedia.org/wiki/Joe_Smith_(football_half-back,_born_1889)",Q16059234,1889,1916-11-13,,,possible,9813,10177,"26 years, 318 days to 27 years, 317 days",association football player,,,,,,,
Joseph Smith,"https://en.wikipedia.org/wiki/Joseph_Smith_(footballer,_born_1888)",Q6287054,1888,1916-11-13,,,possible,10178,10543,"27 years, 318 days to 28 years, 317 days",association football player,,,,,,,
Stefan Kirmaier,https://en.wikipedia.org/wiki/Stefan_Kirmaier,Q7606160,1889-07-28,1916-11-22,,death in battle,confirmed,9978,9978,"27 years, 117 days",flying ace,,,,,,,
Dorrit Weixler,https://en.wikipedia.org/wiki/Dorrit_Weixler,Q105901,1888-12-18,1916-11-30,,,confirmed,10208,10208,"27 years, 348 days",film actor,,,,,,,
Paddy Rowan,https://en.wikipedia.org/wiki/Paddy_Rowan,Q7123616,1889-05-28,1916-12-05,,,confirmed,10052,10052,"27 years, 191 days",Australian rules football player,,,,,,,
John Nason,https://en.wikipedia.org/wiki/John_Nason,Q15999922,1889-08-04,1916-12-26,,,confirmed,10005,10005,"27 years, 144 days",cricketer,,,,,,,
Jean Larribau,https://en.wikipedia.org/wiki/L%C3%A9on_Jean_Larribau,Q3173014,1889-03-02,1916-12-31,,,confirmed,10165,10165,"27 years, 304 days",rugby union player,,,,,,,
Aleksei Karakosov,https://en.wikipedia.org/wiki/Aleksei_Karakosov,Q4213922,1890,1917,,,possible,9497,10225,"26 years, 1 day to 27 years, 364 days",association football player,,,,,,,
Bernard Adams,https://en.wikipedia.org/wiki/Bernard_Adams_(writer),Q112072715,1890,1917,,,possible,9497,10225,"26 years, 1 day to 27 years, 364 days",military personnel,,,,,,,
Ivan Vorontsov,https://en.wikipedia.org/wiki/Ivan_Vorontsov,Q4125764,1890,1917,,,possible,9497,10225,"26 years, 1 day to 27 years, 364 days",association football player,,,,,,,
James Brannick,https://en.wikipedia.org/wiki/James_Brannick,Q22017332,1889,1917,,,possible,9862,10590,"27 years, 1 day to 28 years, 364 days",association football player,,,,,,,
Kurt Linck,https://en.wikipedia.org/wiki/Kurt_Linck,Q6446864,1889,1917,,,possible,9862,10590,"27 years, 1 day to 28 years, 364 days",writer,,,,,,,
Kálmán Szury,https://en.wikipedia.org/wiki/K%C3%A1lm%C3%A1n_Szury,Q1300803,1889-02-04,1917,,,possible,10192,10556,"27 years, 332 days to 28 years, 330 days",association football player,,,,,,,
William Thomas Fitzsimons,https://en.wikipedia.org/wiki/William_T._Fitzsimons,Q8019063,1889; 1889-04-18,1917; 1917-09-04,,,possible,9862,10590,"27 years, 1 day to 28 years, 364 days",military personnel,,,,,,,
Yakov Yakovlevich Elsis,https://en.wikipedia.org/wiki/Yakov_Yakovlevich_Elsis,Q120281395,1890,1917,,,possible,9497,10225,"26 years, 1 day to 27 years, 364 days",,,,,,,,
Bruce Sloss,https://en.wikipedia.org/wiki/Bruce_Sloss,Q4978292,1889-01-21,1917-01-04,,,confirmed,10209,10209,"27 years, 349 days",Australian rules football player,,,,,,,
William McAlmon,https://en.wikipedia.org/wiki/William_McAlmon,Q55978973,1889-06-19,1917-01-04; 1917-01-06,diabetes,natural causes,confirmed,10060,10062,"27 years, 199 days to 27 years, 201 days",American football player,,,,,,,
Laurence Gatenby,https://en.wikipedia.org/wiki/Laurence_Gatenby,Q23002872,1889-04-10,1917-01-14,,,confirmed,10140,10140,"27 years, 279 days",cricketer,,,,,,,
Avshalom Feinberg,https://en.wikipedia.org/wiki/Avshalom_Feinberg,Q64573,1889-10-23,1917-01-20,gunshot wound,,confirmed,9950,9950,"27 years, 89 days",spy,,,,,,,
William Beattie,https://en.wikipedia.org/wiki/Billy_Beattie,Q16198325,1889,1917-01-27,,,possible,9888,10252,"27 years, 27 days to 28 years, 26 days",rugby league player,,,,,,,
Frank Goodden,https://en.wikipedia.org/wiki/Frank_Goodden,Q5486898,1889-10-03,1917-01-28,,,confirmed,9978,9978,"27 years, 117 days",aircraft pilot,,,,,,,
Ernesto Herrera,https://en.wikipedia.org/wiki/Ernesto_Herrera_(playwright),Q1356773,1889-03-20,1917-02-19,,,confirmed,10197,10197,"27 years, 336 days",journalist; playwright; writer,,,,,,,
Jim Mackie,https://en.wikipedia.org/wiki/Jim_Mackie,Q6196546,1889-12-31,1917-03-20,,,confirmed,9940,9940,"27 years, 79 days",Australian rules football player,,,,,,,
Carolina Muzzilli,https://en.wikipedia.org/wiki/Carolina_Muzzilli,Q13220576,1889-11-17,1917-03-23,tuberculosis,natural causes,confirmed,9987,9987,"27 years, 126 days",journalist; politician; writer,,,,,,,
Collie Martin,https://en.wikipedia.org/wiki/Collie_Martin,Q5147150,1890-03-19,1917-03-26,,,confirmed,9868,9868,"27 years, 7 days",association football player,,,,,,,
Willie Jensen,https://en.wikipedia.org/wiki/Willie_Jensen,Q8021600,1889-11-17,1917-03-27,,,confirmed,9991,9991,"27 years, 130 days",baseball player,,,,,,,
Jack Boyle,https://en.wikipedia.org/wiki/Jack_Boyle_(third_baseman),Q6111356,1889-07-09,1917-04-03,,,confirmed,10129,10129,"27 years, 268 days",baseball player,,,,,,,
Harry Gildea,https://en.wikipedia.org/wiki/Harry_Gildea,Q19560569,1890,1917-04-09,,,possible,9595,9959,"26 years, 99 days to 27 years, 98 days",association football coach; association football player,,,,,,,
Sep Ledger,https://en.wikipedia.org/wiki/Sep_Ledger,Q7451715,1889-04-29,1917-04-13,,,confirmed,10210,10210,"27 years, 349 days",rugby union player,,,,,,,
Grigoriy Nikitin,https://en.wikipedia.org/wiki/Grigori_Nikitin,Q4213223,1889,1917-04-03,,death in battle,possible,9967,10331,"27 years, 106 days to 28 years, 105 days",association football player,,,,,,,
John Cunningham,https://en.wikipedia.org/wiki/John_Cunningham_(VC_1917),Q6227897,1890,1917-04-16,,,possible,9602,9966,"26 years, 106 days to 27 years, 105 days",military personnel,,,,,,,
William Stuart,"https://en.wikipedia.org/wiki/William_Stuart_(cricketer,_born_1889)",Q106484300,1889-06-08,1917-04-23,,,confirmed,10180,10180,"27 years, 319 days",cricketer; military personnel,,,,,,,
John Christie Wright,https://en.wikipedia.org/wiki/John_Christie_Wright,Q6226049,1889-08-22,1917-05-02,,,confirmed,10114,10114,"27 years, 253 days",sculptor,,,,,,,
Harold Corbett,https://en.wikipedia.org/wiki/Harold_Corbett,Q5660346,1890,1917-05-03,,,possible,9619,9983,"26 years, 123 days to 27 years, 122 days",rugby league player,,,,,,,
Maurice Coxhead,https://en.wikipedia.org/wiki/Maurice_Coxhead,Q28945947,1889-05-24,1917-05-03,,,confirmed,10205,10205,"27 years, 344 days",cricketer,,,,,,,
Stan Martin,https://en.wikipedia.org/wiki/Stan_Martin,Q16059341,1889-11-23,1917-05-03,,,confirmed,10022,10022,"27 years, 161 days",Australian rules football player,,,,,,,
Victor Carlstrom,https://en.wikipedia.org/wiki/Victor_Carlstrom,Q5603494,1890-04-13,1917-05-09,aircraft crash,,confirmed,9887,9887,"27 years, 26 days",aircraft pilot,,,,,,,
Didier Lecour Grandmaison,https://en.wikipedia.org/wiki/Didier_Lecour_Grandmaison,Q5274177,1889-05-18,1917-05-10,,,confirmed,10218,10218,"27 years, 357 days",captain; fighter pilot; Flieger; flying ace,,,,,,,
Edmund Nathanael,https://en.wikipedia.org/wiki/Edmund_Nathanael,Q5339688,1889-12-18,1917-05-11,,death in battle,confirmed,10005,10005,"27 years, 144 days",flying ace,,,,,,,
George Arthur Smith,"https://en.wikipedia.org/wiki/George_Smith_(footballer,_born_1890)",Q3760430,1890-02-15,1917-05-15,,,confirmed,9950,9950,"27 years, 89 days",association football coach; association football player,,,,,,,
Angus McLeod,https://en.wikipedia.org/wiki/Angus_McLeod_(footballer),Q27828177,1890-01-11,1917-05-16,,,confirmed,9986,9986,"27 years, 125 days",association football player,,,,,,,
George Wallace Bollinger,https://en.wikipedia.org/wiki/George_Wallace_Bollinger,Q5545833,1890-04-10,1917-06-10,,,confirmed,9922,9922,"27 years, 61 days",author; diarist; soldier; writer,,,,,,,
Georg Zeumer,https://en.wikipedia.org/wiki/Georg_Zeumer,Q95252265,1890-03-07,1917-06-17,,,confirmed,9963,9963,"27 years, 102 days",airman; military personnel,,,,,,,
Frank Shanley,https://en.wikipedia.org/wiki/Frank_Shanley,Q59919429,1889,1917-07-04,,,possible,10046,10410,"27 years, 185 days to 28 years, 184 days",association football player; military personnel,,,,,,,
Tommy Strong,https://en.wikipedia.org/wiki/Tommy_Strong,Q22162768,1890,1917-07-15,,,possible,9692,10056,"26 years, 196 days to 27 years, 195 days",association football player,,,,,,,
Genrikh Genrikhovich Manizer,https://en.wikipedia.org/wiki/Genrikh_Genrikhovich_Manizer,Q10293361,1889-10-03,1917-07-04,typhus,natural causes,confirmed,10136,10136,"27 years, 274 days",scientist,,,,,,,
Al Palzer,https://en.wikipedia.org/wiki/Al_Palzer,Q4704579,1890-01-01,1917-07-26,,,confirmed,10067,10067,"27 years, 206 days",boxer,,,,,,,
Ellis Vair Reid,https://en.wikipedia.org/wiki/Ellis_Vair_Reid,Q5366007,1889-10-31,1917-07-28,,,confirmed,10131,10131,"27 years, 270 days",aircraft pilot,,,,,,,
Herbert Bailey,https://en.wikipedia.org/wiki/Herbert_Bailey,Q98078522,1889-12-05,1917-07-31,,,confirmed,10099,10099,"27 years, 238 days",cricketer,,,,,,,
Bertram Best-Dunkley,https://en.wikipedia.org/wiki/Bertram_Best-Dunkley,Q4895746,1890-08-03,1917-08-05,,,confirmed,9863,9863,"27 years, 2 days",military officer,,,,,,,
Francis Dominic Casey,https://en.wikipedia.org/wiki/Francis_Casey,Q5480749,1890-08-03,1917-08-11,,,confirmed,9869,9869,"27 years, 8 days",aircraft pilot,,,,,,,
Vladimir Gaćinović,https://en.wikipedia.org/wiki/Vladimir_Ga%C4%87inovi%C4%87,Q12749871,1890-05-25,1917-08-11,poisoning,homicide,confirmed,9939,9939,"27 years, 78 days",anarchist; revolutionary; student; writer,,,,,,,
Otto Jäger,https://en.wikipedia.org/wiki/Otto_J%C3%A4ger,Q1227055,1890-04-06,1917-08-19,,death in battle,confirmed,9996,9996,"27 years, 135 days",flying ace; military officer,,,,,,,
Pat Flanagan,https://en.wikipedia.org/wiki/Pat_Flanagan_(English_footballer),Q7143456,1889-09-20,1917-08-31,dysentery,natural causes,confirmed,10206,10206,"27 years, 345 days",association football player,,,,,,,
Ivar Sandström,https://en.wikipedia.org/wiki/Ivar_Sandstr%C3%B6m,Q6093235,1889-09-18,1917-09-02,aviation accident,accidental death,confirmed,10210,10210,"27 years, 349 days",aircraft pilot; military personnel,,,,,,,
Tom McCluskey,https://en.wikipedia.org/wiki/Tom_McCluskey,Q7816774,1890-08-31,1917-10-04,,,confirmed,9895,9895,"27 years, 34 days",Australian rules football player,,,,,,,
Sarah Aaronsohn,https://en.wikipedia.org/wiki/Sarah_Aaronsohn,Q258656,1890-01-05; 1890-01-06,1917-10-09,gunshot wound,suicide,confirmed,10137,10138,"27 years, 276 days to 27 years, 277 days",spy,,,,,,,
George McLay,https://en.wikipedia.org/wiki/George_McLay,Q26998109,1889,1917-10-22,,,possible,10156,10520,"27 years, 295 days to 28 years, 294 days",association football player,,,,,,,
Harry Crank,https://en.wikipedia.org/wiki/Harry_Crank,Q93961165,1890,1917-10-22,,,possible,9791,10155,"26 years, 295 days to 27 years, 294 days",competitive diver,,,,,,,
Les James,https://en.wikipedia.org/wiki/Les_James,Q6529636,1890-06-29,1917-10-22,,,confirmed,9976,9976,"27 years, 115 days",Australian rules football player,,,,,,,
Steve Jackson,https://en.wikipedia.org/wiki/Steve_Jackson_(footballer),Q104839495,1890,1917-10-26,,,possible,9795,10159,"26 years, 299 days to 27 years, 298 days",association football player; military personnel,,,,,,,
Paul Pavelka,https://en.wikipedia.org/wiki/Paul_Pavelka,Q124282711,1890-10-26,1917-11-12,,,confirmed,9878,9878,"27 years, 17 days",aircraft pilot; enlisted navy sailor,,,,,,,
William Douglas,"https://en.wikipedia.org/wiki/William_Douglas_(footballer,_born_1890)",Q106091153,1890-08-09,1917-11-12,,,confirmed,9956,9956,"27 years, 95 days",association football player; military personnel,,,,,,,
Hans Hoyer,https://en.wikipedia.org/wiki/Hans_Hoyer,Q5650161,1890-09-20,1917-11-15,,death in battle,confirmed,9917,9917,"27 years, 56 days",military personnel,,,,,,,
John Shiwak,https://en.wikipedia.org/wiki/John_Shiwak,Q6257723,1889,1917-11-20,,,possible,10185,10549,"27 years, 324 days to 28 years, 323 days",military personnel,,,,,,,
Frederick Henry Johnson,https://en.wikipedia.org/wiki/Frederick_Henry_Johnson,Q5498003,1890-08-15,1917-11-26,,,confirmed,9964,9964,"27 years, 103 days",engineer; military personnel,,,,,,,
Rudolf Wendelmuth,https://en.wikipedia.org/wiki/Rudolf_Wendelmuth,Q7377359,1890-07-28,1917-11-30,,death in battle,confirmed,9986,9986,"27 years, 125 days",military personnel,,,,,,,
Yosef Lishansky,https://en.wikipedia.org/wiki/Yosef_Lishansky,Q2314674,1890,1917-12-16,hanging to death,capital punishment,possible,9846,10210,"26 years, 350 days to 27 years, 349 days",spy,,,,,,,
Kosta Vojinović,https://en.wikipedia.org/wiki/Kosta_Vojinovi%C4%87,Q15629233,1890; 1891-05-13,1917-12-23,,,possible,9720,10217,"26 years, 224 days to 27 years, 356 days",gendarme; merchant; military officer; military personnel,,,,,,,
Giuseppe Caimi,https://en.wikipedia.org/wiki/Giuseppe_Caimi,Q1490393,1890-12-19,1917-12-26,,death in battle,confirmed,9868,9868,"27 years, 7 days",association football player,,,,,,,
Arthur Bateman,https://en.wikipedia.org/wiki/Arthur_Bateman_(cricketer),Q4797948,1890-10-30,1918,,,possible,9924,10288,"27 years, 63 days to 28 years, 62 days",cricketer; military physician,,,,,,,
Charles W. Plummer,https://en.wikipedia.org/wiki/Charles_W._Plummer,Q16059520,1890,1918,,,possible,9862,10590,"27 years, 1 day to 28 years, 364 days",aircraft pilot; polo player,,,,,,,
David McWalter,https://en.wikipedia.org/wiki/David_McWalter,Q26998161,1891,1918,,,possible,9497,10225,"26 years, 1 day to 27 years, 364 days",association football player,,,,,,,
Fanny Kaplan,https://en.wikipedia.org/wiki/Fanny_Kaplan,Q139696,1890; 1890-02-10,1918; 1918-09-03,execution by shooting,capital punishment,possible,9862,10590,"27 years, 1 day to 28 years, 364 days",politician; terrorist,,,,,,,
Jacky Morkel,https://en.wikipedia.org/wiki/Jacky_Morkel,Q3157487,1890-11-13,1918,,,possible,9910,10274,"27 years, 49 days to 28 years, 48 days",cricketer; rugby union player,,,,,,,
Julius West,https://en.wikipedia.org/wiki/Julius_West,Q19370740,1891,1918,,,possible,9497,10225,"26 years, 1 day to 27 years, 364 days",writer,,,,,,,
Rudolf Weber,https://en.wikipedia.org/wiki/Rudolf_Weber_(aviator),Q752860,1890-08-31,1918,,,possible,9984,10348,"27 years, 123 days to 28 years, 122 days",aircraft pilot,,,,,,,
Marjory Edwards,https://en.wikipedia.org/wiki/Marjory_Edwards,Q96279308,1891,1918-01-04,measles,natural causes,possible,9500,9864,"26 years, 4 days to 27 years, 3 days",nurse,,,,,,,
Hans Kummetz,https://en.wikipedia.org/wiki/Hans_Kummetz,Q5650352,1890-04-29,1918-01-11,,death in battle,confirmed,10118,10118,"27 years, 257 days",military personnel,,,,,,,
Vasily Tchernetzov,https://en.wikipedia.org/wiki/Vasily_Chernetsov,Q4513428,1890-04-03,1918-01-23; 1919-01-05,,,possible,10144,10504,"27 years, 282 days to 28 years, 277 days",military officer; military personnel,,,,,,,
Herman Karl Haeberlin,https://en.wikipedia.org/wiki/Herman_Karl_Haeberlin,Q1610281,1890-09-11,1918-02-12,,,confirmed,10015,10015,"27 years, 154 days",anthropologist; ethnologist; linguist,,,,,,,
Hans-Joachim Buddecke,https://en.wikipedia.org/wiki/Hans-Joachim_Buddecke,Q95514,1890-08-22,1918-03-10,,death in battle,confirmed,10061,10061,"27 years, 200 days",fighter pilot,,,,,,,
Attilio Imolesi,https://en.wikipedia.org/wiki/Attilio_Imolesi,Q780891,1890-10-11,1918-03-11,,,confirmed,10012,10012,"27 years, 151 days",aircraft pilot,,,,,,,
Hans Bethge,https://en.wikipedia.org/wiki/Hans_Bethge_(aviator),Q88772,1890-12-06,1918-03-17,,death in battle,confirmed,9962,9962,"27 years, 101 days",fighter pilot,,,,,,,
Noel Forbes Humphreys,https://en.wikipedia.org/wiki/Noel_Forbes_Humphreys,Q7046945,1890-12-01,1918-03-27,,,confirmed,9977,9977,"27 years, 116 days",rugby union player,,,,,,,
Ron Larking,https://en.wikipedia.org/wiki/Ron_Larking,Q7364061,1890-09-10,1918-04-01,traffic collision,,confirmed,10064,10064,"27 years, 203 days",Australian rules football player,,,,,,,
Isaac Rosenberg,https://en.wikipedia.org/wiki/Isaac_Rosenberg,Q1673451,1890-11-25,1918-04-03,,,confirmed,9990,9990,"27 years, 129 days",artist; head teacher; painter; poet; writer,,,,,,,
Ed Wilkinson,https://en.wikipedia.org/wiki/Ed_Wilkinson,Q5335585,1890-06-20,1918-04-09,,,confirmed,10154,10154,"27 years, 293 days",baseball player,,,,,,,
Ernest Gowenlock,https://en.wikipedia.org/wiki/Ernest_Gowenlock,Q16059468,1890,1918-04-10,,,possible,9961,10325,"27 years, 100 days to 28 years, 99 days",rugby league player,,,,,,,
Trimbak Bapuji Thombre,https://en.wikipedia.org/wiki/Trimbak_Bapuji_Thombre,Q55739,1890-08-13,1918-05-05,,,confirmed,10126,10126,"27 years, 265 days",poet; writer,,,,,,,
Kurt Grasshoff,https://en.wikipedia.org/wiki/Kurt_Grasshoff,Q16059469,1891-01-24,1918-06-12,,death in battle,confirmed,10000,10000,"27 years, 139 days",airman,,,,,,,
Attilio Deffenu,https://en.wikipedia.org/wiki/Attilio_Deffenu,Q3629229,1890-12-28,1918-06-16,,,confirmed,10031,10031,"27 years, 170 days",journalist; trade unionist; writer,,,,,,,
Clive Crowley,https://en.wikipedia.org/wiki/Clive_Crowley,Q17510012,1890-08-02,1918-06-25,,,confirmed,10188,10188,"27 years, 327 days",cattle husbandry,,,,,,,
Arch Freeman,https://en.wikipedia.org/wiki/Arch_Freeman,Q18719258,1890,1918-06-27,,,possible,10039,10403,"27 years, 178 days to 28 years, 177 days",aircraft pilot,,,,,,,
Jacques Gérard,https://en.wikipedia.org/wiki/Jacques_G%C3%A9rard,Q6120625,1890-10-26,1918-07-03,,,confirmed,10111,10111,"27 years, 250 days",flying ace,,,,,,,
Wilhelm Reinhard,https://en.wikipedia.org/wiki/Wilhelm_Reinhard_(pilot),Q87010,1891-03-12,1918-07-03,,,confirmed,9974,9974,"27 years, 113 days",aircraft pilot; military personnel,,,,,,,
Claude Thomas,https://en.wikipedia.org/wiki/Claude_Thomas_(footballer),Q5129045,1891-04-15,1918-07-05,,,confirmed,9942,9942,"27 years, 81 days",Australian rules football player,,,,,,,
Prince Constantine Constantinovich of Russia,https://en.wikipedia.org/wiki/Prince_Constantine_Constantinovich_of_Russia,Q704489,1891-01-01,1918-07-18,,homicide,confirmed,10059,10059,"27 years, 198 days",military officer; military personnel; politician,,,,,,,
John Knox MacArthur,https://en.wikipedia.org/wiki/John_Knox_MacArthur,Q6243362,1891-01-14,1918-07-20; 1918-08-09,,,confirmed,10048,10068,"27 years, 187 days to 27 years, 207 days",flying ace,,,,,,,
Harry Miner,https://en.wikipedia.org/wiki/Harry_Miner,Q16059508,1891-06-24,1918-08-08,,,confirmed,9906,9906,"27 years, 45 days",military personnel,,,,,,,
Bert Cadotte,https://en.wikipedia.org/wiki/Bert_Cadotte,Q16067618,1891-01-02,1918-08-10,,,confirmed,10081,10081,"27 years, 220 days",ice hockey player,,,,,,,
Edward Lyman Abbott,https://en.wikipedia.org/wiki/Edward_Lyman_Abbott,Q5344239,1891-05-01,1918-08-14,,,confirmed,9966,9966,"27 years, 105 days",military personnel,,,,,,,
Samuel Forsyth,https://en.wikipedia.org/wiki/Samuel_Forsyth,Q7411397,1891-04-03,1918-08-24,,,confirmed,10004,10004,"27 years, 143 days",military personnel,,,,,,,
Roy McGiffin,https://en.wikipedia.org/wiki/Roy_McGiffin,Q7373150,1891,1918-08-30,,,possible,9738,10102,"26 years, 242 days to 27 years, 241 days",ice hockey player,,,,,,,
Sofia Galechko,https://en.wikipedia.org/wiki/Sofia_Halechko,Q12094041,1891-05-03,1918-08-31,drowning,,confirmed,9981,9981,"27 years, 120 days",military personnel; soldier; student,,,,,,,
Alexander Buckley,https://en.wikipedia.org/wiki/Alexander_Buckley,Q4718466,1891-07-22,1918-09-01,,,confirmed,9902,9902,"27 years, 41 days",military personnel,,,,,,,
Philip Bainbridge,https://en.wikipedia.org/wiki/Philip_Bainbrigge_(died_1918),Q47164818,1891,1918-09-18,,,possible,9757,10121,"26 years, 261 days to 27 years, 260 days",,,,,,,,
Richard Herron,https://en.wikipedia.org/wiki/Richard_Herron,Q7326428,1890,1918-09-19,,,possible,10123,10487,"27 years, 262 days to 28 years, 261 days",association football player,,,,,,,
Fritz Rumey,https://en.wikipedia.org/wiki/Fritz_Rumey,Q67301,1891-03-03,1918-09-27,,death in battle,confirmed,10069,10069,"27 years, 208 days",fighter pilot,,,,,,,
Andy Jackson,"https://en.wikipedia.org/wiki/Andy_Jackson_(footballer,_born_1890)",Q22018736,1891,1918-09-30,,,possible,9769,10133,"26 years, 273 days to 27 years, 272 days",association football player,,,,,,,
Arthur O'Hara Wood,https://en.wikipedia.org/wiki/Arthur_O%27Hara_Wood,Q710891,1890,1918-10,aircraft crash,accidental death,possible,10135,10529,"27 years, 274 days to 28 years, 303 days",physician; tennis player,,,,,,,
Roderick Ogle Bell-Irving,https://en.wikipedia.org/wiki/Roderick_Ogle_Bell-Irving,Q7356663,1891-01-15,1918-10-01,,,confirmed,10120,10120,"27 years, 259 days",military personnel,,,,,,,
Leslie Russell Blake,https://en.wikipedia.org/wiki/Leslie_Russell_Blake,Q138964129,1890-10-28,1918-10-03,,,confirmed,10201,10201,"27 years, 340 days",geologist; surveyor,,,,,,,
Walter Sutherland,https://en.wikipedia.org/wiki/Walter_Sutherland_(rugby_union),Q7966234,1890-10-19,1918-10-04,,,confirmed,10211,10211,"27 years, 350 days",rugby union player,,,,,,,
Farley William Moody,https://en.wikipedia.org/wiki/Farley_Moody,Q18639551,1891-09-18,1918-10-11,,,confirmed,9884,9884,"27 years, 23 days",American football player,,,,,,,
Wallace Lloyd Algie,https://en.wikipedia.org/wiki/Wallace_Lloyd_Algie,Q7962842,1891-06-10,1918-10-11,,,confirmed,9984,9984,"27 years, 123 days",military personnel,,,,,,,
James Davison Heriot,https://en.wikipedia.org/wiki/James_D._Heriot,Q6132134,1890-11-02,1918-10-12,,,confirmed,10205,10205,"27 years, 344 days",military personnel,,,,,,,
Mikael Hestdahl,https://en.wikipedia.org/wiki/Mikael_Hestdahl,Q16059477,1890-11-13,1918-10-13,,,confirmed,10195,10195,"27 years, 334 days",amateur wrestler,,,,,,,
Kenneth Rand,https://en.wikipedia.org/wiki/Kenneth_Rand,Q6390629,1891-05-08,1918-10-15,,,confirmed,10021,10021,"27 years, 160 days",poet,,,,,,,
Sam Campbell,https://en.wikipedia.org/wiki/Sam_Campbell_(footballer),Q7407289,1891-03-12,1918-10-21,,,confirmed,10084,10084,"27 years, 223 days",Australian rules football player,,,,,,,
Gilbert de Guingand,https://en.wikipedia.org/wiki/Gilbert_de_Guingand,Q5561299,1891-07-21,1918-10-22,,accidental death,confirmed,9954,9954,"27 years, 93 days",flying ace,,,,,,,
Myrtle Gonzalez,https://en.wikipedia.org/wiki/Myrtle_Gonzalez,Q3331648,1891-09-28,1918-10-22,1918–1920 flu pandemic,natural causes,confirmed,9885,9885,"27 years, 24 days",actor; film actor; stage actor,,,,,,,
Henry James Nicholas,https://en.wikipedia.org/wiki/Henry_James_Nicholas,Q5723866,1891-06-11,1918-10-23,,,confirmed,9995,9995,"27 years, 134 days",military personnel,,,,,,,
Minik Wallace,https://en.wikipedia.org/wiki/Minik_Wallace,Q1357979,1890,1918-10-29,1918–1920 flu pandemic; influenza,natural causes,possible,10163,10527,"27 years, 302 days to 28 years, 301 days",interpreter,,,,,,,
Cesca Chenevix Trench,https://en.wikipedia.org/wiki/Cesca_Chenevix_Trench,Q5065536,1891-02-03,1918-10-30,,,confirmed,10130,10130,"27 years, 269 days",artist; caricaturist; painter,,,,,,,
Fred Houghton,https://en.wikipedia.org/wiki/Fred_Houghton,Q27178373,1890,1918-11-15,,,possible,10180,10544,"27 years, 319 days to 28 years, 318 days",association football player,,,,,,,
Richard Sandford,https://en.wikipedia.org/wiki/Richard_Sandford,Q7328883,1891-05-11,1918-11-23,typhoid fever,natural causes,confirmed,10057,10057,"27 years, 196 days",submariner,,,,,,,
Fred Perrett,https://en.wikipedia.org/wiki/Fred_Perrett,Q5496060,1891-05-09,1918-12-01,,,confirmed,10067,10067,"27 years, 206 days",rugby league player; rugby union player,,,,,,,
Heinrich Ziegler,https://en.wikipedia.org/wiki/Heinrich_Ziegler,Q5700437,1891-08-31,1918-12-03,,,confirmed,9955,9955,"27 years, 94 days",fencer,,,,,,,
W. R. A. Dawson,https://en.wikipedia.org/wiki/W._R._A._Dawson,Q16059443,1891-06-23,1918-12-03,,,confirmed,10024,10024,"27 years, 163 days",military personnel,,,,,,,
Reginald George Malcolm,https://en.wikipedia.org/wiki/Reginald_George_Malcolm,Q7308707,1891-01-14,1918-12-16,,,confirmed,10197,10197,"27 years, 336 days",military personnel,,,,,,,
Aristidis Moraitinis,https://en.wikipedia.org/wiki/Aristeidis_Moraitinis_(aviator),Q2861383,1891-02-03,1918-12-22,,accidental death,confirmed,10183,10183,"27 years, 322 days",military personnel; soldier,,,,,,,
Al Jawhara bint Musaed Al Jiluwi,https://en.wikipedia.org/wiki/Al_Jawhara_bint_Musaed_Al_Saud,Q4704130,1891,1919,1918–1920 flu pandemic; influenza,natural causes,possible,9862,10590,"27 years, 1 day to 28 years, 364 days",,,,,,,,
Alexander Evenson,https://en.wikipedia.org/wiki/Alexander_Evenson,Q2656175,1892-05-17,1919,,,possible,9724,10088,"26 years, 229 days to 27 years, 228 days",chess player,,,,,,,
Elsie Duval,https://en.wikipedia.org/wiki/Elsie_Duval,Q56452322,1892,1919,,,possible,9496,10225,"26 years, 1 day to 27 years, 364 days",suffragette; women's rights activist,,,,,,,
Leslie William Burbidge,https://en.wikipedia.org/wiki/Leslie_William_Burbidge,Q11812014,1891-03-10,1919,,,possible,10158,10522,"27 years, 297 days to 28 years, 296 days",flying ace,,,,,,,
Ksenia Ge,https://en.wikipedia.org/wiki/Ksenia_Ge,Q26769500,1892,1919-01-22,,,possible,9517,9882,"26 years, 22 days to 27 years, 21 days",military personnel,,,,,,,
Charles McCarron,https://en.wikipedia.org/wiki/Charles_McCarron,Q5080777,1891,1919-01-28,,,possible,9889,10253,"27 years, 28 days to 28 years, 27 days",composer; lyricist,,,,,,,
Howard Harker,https://en.wikipedia.org/wiki/Howard_Harker,Q5919847,1891-05-12,1919-02-27,1918–1920 flu pandemic; influenza,natural causes,confirmed,10152,10152,"27 years, 291 days",military personnel,,,,,,,
Israel Wachser,https://en.wikipedia.org/wiki/Israel_Wachser,Q104203742,1892,1919-05-24,,,possible,9639,10004,"26 years, 144 days to 27 years, 143 days",teacher; writer,,,,,,,
Louis LeCocq,https://en.wikipedia.org/wiki/Louis_LeCocq,Q6687633,1892-03-27,1919-05-30; 1919-05-31,,,confirmed,9924,9925,"27 years, 64 days to 27 years, 65 days",engineer; racing automobile driver,,,,,,,
Charles Hammann,https://en.wikipedia.org/wiki/Charles_Hammann,Q5078735,1892-03-16,1919-06-14,,,confirmed,9950,9950,"27 years, 90 days",aircraft pilot; military officer,,,,,,,
Malayanil,https://en.wikipedia.org/wiki/Malayanil,Q29038391,1892,1919-06-24,,,possible,9670,10035,"26 years, 175 days to 27 years, 174 days",poet; short story writer; writer,,,,,,,
Oskar Bider,https://en.wikipedia.org/wiki/Oskar_Bider,Q688419,1891-07-12,1919-07-07,,accidental death,confirmed,10221,10221,"27 years, 360 days",aircraft pilot; farmer,,,,,,,
Philip Kingsford,https://en.wikipedia.org/wiki/Philip_Kingsford,Q7183901,1891-08-10,1919-07-26,,,confirmed,10211,10211,"27 years, 350 days",athletics competitor,,,,,,,
Mishka Yaponchik,https://en.wikipedia.org/wiki/Mishka_Yaponchik,Q1973277,1891-10-30,1919-08-04,,,confirmed,10139,10139,"27 years, 278 days",military personnel; robber,,,,,,,
Dick Wynn,https://en.wikipedia.org/wiki/Dick_Wynn,Q22162797,1892,1919-08-09,,,possible,9716,10081,"26 years, 221 days to 27 years, 220 days",association football player,,,,,,,
Herbert Stanley Morris,https://en.wikipedia.org/wiki/Herbert_Stanley_Morris,Q16043776,1892,1919-08-14,,,possible,9721,10086,"26 years, 226 days to 27 years, 225 days",botanist,,,,,,,
Hans von Freden,https://en.wikipedia.org/wiki/Hans_von_Freden,Q5650885,1892-03-18,1919-10-30,,,confirmed,10086,10086,"27 years, 226 days",flying ace,,,,,,,
Aleksandr Gavrilov,https://en.wikipedia.org/wiki/Aleksandr_Gavrilov_(revolutionary),Q19908177,1891,1919-11-21,,,possible,10186,10550,"27 years, 325 days to 28 years, 324 days",revolutionary,,,,,,,
John Alcock,https://en.wikipedia.org/wiki/John_Alcock_(RAF_officer),Q435971,1892-11-05,1919-12-18,aviation accident,accidental death,confirmed,9903,9903,"27 years, 43 days",air force officer; aircraft pilot,,,,,,,
József Cserny,https://en.wikipedia.org/wiki/J%C3%B3zsef_Cserny,Q872358,1892-03-18; 1892-05-18,1919-12-18,hanging to death,capital punishment,confirmed,10074,10135,"27 years, 214 days to 27 years, 275 days",cobbler; revolutionary,,,,,,,
Bernard Cantor,https://en.wikipedia.org/wiki/Bernard_Cantor,Q111457549,1892,1920,,,possible,9861,10591,"27 years, 1 day to 28 years, 365 days",rabbi,,,,,,,
Elinor Jenkins,https://en.wikipedia.org/wiki/Elinor_Jenkins,Q115856243,1893,1920,,,possible,9496,10225,"26 years, 1 day to 27 years, 365 days",poet; writer,,,,,,,
Haji Huseyn Afandiyev,https://en.wikipedia.org/wiki/Haji_Huseyn_Afandiyev,Q130372551,1893,1920,,,possible,9496,10225,"26 years, 1 day to 27 years, 365 days",politician,,,,,,,
Suzanne Grandais,https://en.wikipedia.org/wiki/Suzanne_Grandais,Q3505962,1893-06-14,1920,traffic collision,accidental death,possible,9696,10061,"26 years, 201 days to 27 years, 200 days",actor,,,,,,,
Antoinette Bonner,https://en.wikipedia.org/wiki/Antoinette_Bonner,Q107470247,1892,1920-03-05,,,possible,9925,10290,"27 years, 65 days to 28 years, 64 days",thief,,,,,,,
Jimmy McKnight,https://en.wikipedia.org/wiki/James_McKnight_(footballer),Q91261304,1892-05-02,1920-03-16,,,confirmed,10179,10179,"27 years, 319 days",association football player,,,,,,,
Ralph Beardsley,https://en.wikipedia.org/wiki/Ralph_Beardsley,Q16043458,1892-12-10,1920-03-18,,,confirmed,9959,9959,"27 years, 99 days",engineer; racing driver,,,,,,,
Museyib bey Akhijanov,https://en.wikipedia.org/wiki/Museyib_bey_Akhijanov,Q12842469,1892-10-12,1920-06-06,,,confirmed,10098,10098,"27 years, 238 days",,,,,,,,
Luka Bondarets,https://en.wikipedia.org/wiki/Luka_Bondarets,Q4093228,1892,1920-06-25,,,possible,10037,10402,"27 years, 177 days to 28 years, 176 days",military personnel; revolutionary,,,,,,,
Jean Arpheuil,https://en.wikipedia.org/wiki/Jean_Arpheuil,Q6170136,1892-10-06,1920-06-26,1918–1920 flu pandemic,natural causes,confirmed,10124,10124,"27 years, 264 days",,,,,,,,
William C. Maxwell,https://en.wikipedia.org/wiki/William_C._Maxwell,Q8006354,1892-11-09,1920-08-12; 1920-08-20,,,confirmed,10137,10145,"27 years, 277 days to 27 years, 285 days",aircraft pilot,,,,,,,
Ignacy Skorupka,https://en.wikipedia.org/wiki/Ignacy_Skorupka,Q674790,1893-07-31,1920-08-14,,death in battle,confirmed,9875,9875,"27 years, 14 days",Catholic priest; chaplain; military chaplain; priest,,,,,,,
Robert Harron,https://en.wikipedia.org/wiki/Robert_Harron,Q1344716,1893-04-12,1920-09-05,,suicide,confirmed,10007,10007,"27 years, 146 days",actor; film actor,,,,,,,
Alexander of Greece,https://en.wikipedia.org/wiki/Alexander_of_Greece,Q151742,1893-08-01,1920-10-25,sepsis,natural causes,confirmed,9946,9946,"27 years, 85 days",politician,,,,,,,
Conor Clune,https://en.wikipedia.org/wiki/Conor_Clune,Q5162213,1893,1920-11-21,,,possible,9821,10185,"26 years, 326 days to 27 years, 325 days",,,,,,,,
Dick McKee,https://en.wikipedia.org/wiki/Dick_McKee,Q4587023,1893-04-04,1920-11-21,,,confirmed,10092,10092,"27 years, 231 days",,,,,,,,
Francis Crake,https://en.wikipedia.org/wiki/Francis_Crake,Q16043490,1893,1920-11-28,,,possible,9828,10192,"26 years, 333 days to 27 years, 332 days",,,,,,,,
Simon Karetnik,https://en.wikipedia.org/wiki/Semen_Karetnyk,Q2301978,1893,1920-11-28,,execution by firing squad,possible,9828,10192,"26 years, 333 days to 27 years, 332 days",revolutionary,,,,,,,
William Sidebottom,https://en.wikipedia.org/wiki/William_Sidebottom_(RAF_officer),Q8018424,1893-10-11,1920-12-08,,death in battle,confirmed,9919,9919,"27 years, 58 days",military personnel,,,,,,,
Leopoldine Kasparek,https://en.wikipedia.org/wiki/Leopoldine_Kasparek,Q115786167,1893,1921,,,possible,9862,10590,"27 years, 1 day to 28 years, 364 days",,,,,,,,
Michael Moran,https://en.wikipedia.org/wiki/Michael_Moran_(Tuam),Q16037840,1893,1921,,homicide,possible,9862,10590,"27 years, 1 day to 28 years, 364 days",,,,,,,,
Pyotr Kuryshko,https://en.wikipedia.org/wiki/Pyotr_Kuryshko,Q7263168,1894,1921,,,possible,9497,10225,"26 years, 1 day to 27 years, 364 days",,,,,,,,
Torokul Dzhanuzakov,https://en.wikipedia.org/wiki/Torokul_Dzhanuzakov,Q20625861,1893,1921,,,possible,9862,10590,"27 years, 1 day to 28 years, 364 days",politician,,,,,,,
Horace Fairhurst,https://en.wikipedia.org/wiki/Horace_Fairhurst,Q1115621,1893-06-02,1921-01-07,,,confirmed,10080,10080,"27 years, 219 days",association football player,,,,,,,
Gunnar Thorsteinsson,https://en.wikipedia.org/wiki/Gunnar_Thorsteinsson,Q16425819,1894,1921-03-04,,,possible,9559,9923,"26 years, 63 days to 27 years, 62 days",association football player,,,,,,,
Nils-Erik Haglund,https://en.wikipedia.org/wiki/Nils-Erik_Haglund,Q16582367,1893-06-19,1921-03-19,,,confirmed,10134,10134,"27 years, 273 days",swimmer,,,,,,,
Ug Zelmad,https://en.wikipedia.org/wiki/Ug_Zelmad,Q20789805,1894; 1894-03-08,1921-03-27,,,possible,9582,9946,"26 years, 86 days to 27 years, 85 days",revolutionary,,,,,,,
Claire Rochester,https://en.wikipedia.org/wiki/Claire_Rochester,Q5125299,1893-05-10,1921-04-16,,,confirmed,10202,10202,"27 years, 341 days",singer; Ziegfeld girl,,,,,,,
Luca Caragiale,https://en.wikipedia.org/wiki/Luca_Caragiale,Q6695864,1893-07-03,1921-06-07,pneumonia,natural causes,confirmed,10200,10200,"27 years, 339 days",linguist; novelist; poet; translator,,,,,,,
António Stromp,https://en.wikipedia.org/wiki/Ant%C3%B3nio_Stromp,Q9158202,1894-06-02,1921-07-06,,,confirmed,9895,9895,"27 years, 34 days",athletics competitor,,,,,,,
Olaf Iversen,https://en.wikipedia.org/wiki/Olaf_Iversen,Q3881454,1894-08-27,1921-09-11,,,confirmed,9876,9876,"27 years, 15 days",association football player,,,,,,,
Bernard Barny de Romanet,https://en.wikipedia.org/wiki/Bernard_Barny_de_Romanet,Q2897498,1894-01-28,1921-09-23,,accidental death,confirmed,10099,10099,"27 years, 238 days",flying ace,,,,,,,
Shalva Kikodze,https://en.wikipedia.org/wiki/Shalva_Kikodze,Q4220438,1894-05-27,1921-11-07,,,confirmed,10025,10025,"27 years, 164 days",painter,,,,,,,
William Thomas Barnes,https://en.wikipedia.org/wiki/William_Thomas_Barnes,Q8019297,1894-03-10,1921-11-28,,,confirmed,10124,10124,"27 years, 263 days",aircraft pilot; military officer,,,,,,,
Edmund Tempest,https://en.wikipedia.org/wiki/Edmund_Tempest,Q5339856,1894-10-30,1921-12-17,,,confirmed,9909,9909,"27 years, 48 days",flying ace,,,,,,,
Konstantinas Avižienis,https://en.wikipedia.org/wiki/Konstantinas_Avi%C5%BEienis,Q130379805,1894-04-17,1922-01-22,,,confirmed,10141,10141,"27 years, 280 days",,,,,,,,
Zahida Khatun Sherwani,https://en.wikipedia.org/wiki/Zahida_Khatun_Sherwani,Q23766039,1894-12-18,1922-02-02,,,confirmed,9907,9907,"27 years, 46 days",poet,,,,,,,
Sotero Aranguren,https://en.wikipedia.org/wiki/Sotero_Aranguren,Q3818559,1894-05-07,1922-02-26,,,confirmed,10156,10156,"27 years, 295 days",association football player,,,,,,,
William Laurentz,https://en.wikipedia.org/wiki/William_Laurentz,Q3568777,1895-02-26,1922-03-07,,,confirmed,9870,9870,"27 years, 9 days",tennis player,,,,,,,
Lothar von Richthofen,https://en.wikipedia.org/wiki/Lothar_von_Richthofen,Q60392,1894-09-27,1922-07-04,aviation accident,accidental death,confirmed,10141,10141,"27 years, 280 days",flying ace,,,,,,,
Rocco Valenti,https://en.wikipedia.org/wiki/Rocco_Valenti,Q630198,1895,1922-08-11,,,possible,9719,10083,"26 years, 223 days to 27 years, 222 days",criminal,,,,,,,
Austin McHenry,https://en.wikipedia.org/wiki/Austin_McHenry,Q4823195,1895-09-22,1922-11-22; 1922-11-27,brain cancer,natural causes,confirmed,9922,9927,"27 years, 61 days to 27 years, 66 days",baseball player,,,,,,,
Aída Peláez de Villa Urrutia,https://en.wikipedia.org/wiki/A%C3%ADda_Pel%C3%A1ez_de_Villa_Urrutia,Q16534994,1895-02-05,1923,,,possible,10191,10555,"27 years, 330 days to 28 years, 329 days",journalist; suffragette; writer,,,,,,,
Timothy Lyons,https://en.wikipedia.org/wiki/Timothy_Lyons,Q114000661,1895,1923-04-16,,,possible,9967,10331,"27 years, 106 days to 28 years, 105 days",,,,,,,,
Simon Bagration-Mukhraneli,https://en.wikipedia.org/wiki/Simon_Bagration,Q12869292,1895,1923-05-20,,capital punishment,possible,10001,10365,"27 years, 140 days to 28 years, 139 days",military personnel; royalty,,,,,,,
John Österholm,https://en.wikipedia.org/wiki/John_%C3%96sterholm_(footballer),Q16338326,1896-06-14,1923-10-19,,,confirmed,9987,9987,"27 years, 127 days",association football player,,,,,,,
Harvey Darvill,https://en.wikipedia.org/wiki/Harvey_Darvill,Q107463706,1896-04-07,1924,,,possible,10129,10494,"27 years, 269 days to 28 years, 268 days",association football player,,,,,,,
Pham Hong Thai,https://en.wikipedia.org/wiki/Ph%E1%BA%A1m_H%E1%BB%93ng_Th%C3%A1i,Q988310,1896,1924,,,possible,9861,10591,"27 years, 1 day to 28 years, 365 days",politician,,,,,,,
Frank Troup,https://en.wikipedia.org/wiki/Frank_Troup,Q16031334,1896-09-27,1924-01-19,,,confirmed,9974,9974,"27 years, 114 days",cricketer,,,,,,,
Gregorio Suberviola Baigorri,https://en.wikipedia.org/wiki/Gregorio_Suberviola,Q20002757,1896-05-09,1924-03-13,gunshot wound,,confirmed,10169,10169,"27 years, 309 days",anarcho-syndicalist,,,,,,,
Frank O'Keeffe,https://en.wikipedia.org/wiki/Frank_O%27Keeffe,Q5488756,1896-05-11,1924-03-26,peritonitis,natural causes,confirmed,10180,10180,"27 years, 320 days",cricketer,,,,,,,
Edward Illingworth,https://en.wikipedia.org/wiki/Edward_Illingworth,Q21061779,1896-04-11,1924-04-02,,,confirmed,10217,10217,"27 years, 357 days",cricketer,,,,,,,
Arnold Loosemore,https://en.wikipedia.org/wiki/Arnold_Loosemore,Q4795150,1896-06-07,1924-04-10,tuberculosis,natural causes,confirmed,10168,10168,"27 years, 308 days",military personnel,,,,,,,
Robert Howell Craster Usher,https://en.wikipedia.org/wiki/Robert_Howell_Craster_Usher,Q18011935,1897,1924-06-05,,,possible,9652,10016,"26 years, 157 days to 27 years, 156 days",,,,,,,,
Lavinia Schulz,https://en.wikipedia.org/wiki/Lavinia_Schulz,Q1763865,1896-06-23,1924-06-19,,,confirmed,10222,10222,"27 years, 362 days",actor; costume designer; dancer,,,,,,,
Paul Mauch,https://en.wikipedia.org/wiki/Paul_Mauch,Q1034127,1897-05-08,1924-07-15,,,confirmed,9929,9929,"27 years, 68 days",association football player,,,,,,,
Harold Albert Kullberg,https://en.wikipedia.org/wiki/Harold_Albert_Kullberg,Q5659911,1896-09-10,1924-08-05,,,confirmed,10190,10190,"27 years, 330 days",flying ace,,,,,,,
Giovanni Ancilotto,https://en.wikipedia.org/wiki/Giovanni_Ancillotto,Q1010618,1896-11-15,1924-10-18,traffic collision,,confirmed,10198,10198,"27 years, 338 days",aircraft pilot,,,,,,,
Jakob Franz Alexander Kern,https://en.wikipedia.org/wiki/Franz_Alexander_Kern,Q89047,1897-04-11,1924-10-20,,,confirmed,10053,10053,"27 years, 192 days",Catholic priest,,,,,,,
Damerla Rama Rao,https://en.wikipedia.org/wiki/Damerla_Rama_Rao,Q5212173,1897,1925,,,possible,9862,10590,"27 years, 1 day to 28 years, 364 days",painter,,,,,,,
Nino Castelli,https://en.wikipedia.org/wiki/Nino_Castelli,Q1993090,1898,1925,,,possible,9497,10225,"26 years, 1 day to 27 years, 364 days",cross-country skier; Nordic combined skier; rower; ski jumper,,,,,,,
Syd Mellor,https://en.wikipedia.org/wiki/Syd_Mellor,Q7659713,1898,1925,,,possible,9497,10225,"26 years, 1 day to 27 years, 364 days",association football player,,,,,,,
Wong Sau Ying,https://en.wikipedia.org/wiki/Wong_Sau_Ying,Q107676334,1898,1925,hanging to death,suicide,possible,9497,10225,"26 years, 1 day to 27 years, 364 days",anarchist; terrorist,,,,,,,
Angelo Genna,https://en.wikipedia.org/wiki/Angelo_Genna,Q18715747,1898-02-03,1925-05-26,,,confirmed,9973,9973,"27 years, 112 days",,,,,,,,
Wang Jinmei,https://en.wikipedia.org/wiki/Wang_Jinmei_(revolutionary),Q8299153,1898,1925-08-19,,,possible,9727,10091,"26 years, 231 days to 27 years, 230 days",revolutionary,,,,,,,
Paul Torchy,https://en.wikipedia.org/wiki/Paul_Torchy,Q2062799,1897,1925-09-19,,,possible,10123,10487,"27 years, 262 days to 28 years, 261 days",racing automobile driver; racing driver,,,,,,,
Pierre Lienert,https://en.wikipedia.org/wiki/Pierre_Lienert,Q3385963,1898-10-07,1926,,,possible,9947,10311,"27 years, 86 days to 28 years, 85 days",association football player,,,,,,,
Geoffrey Hemming,https://en.wikipedia.org/wiki/Geoffrey_Hemming,Q5534657,1898-04-03,1926-02-26,,,confirmed,10190,10190,"27 years, 329 days",aircraft pilot,,,,,,,
Thomas Smith,https://en.wikipedia.org/wiki/Thomas_Smith_(Queensland_cricketer),Q16030922,1898-09-19,1926-03-06,,,confirmed,10029,10029,"27 years, 168 days",cricketer,,,,,,,
Spencer,https://en.wikipedia.org/wiki/Spencer_(Spanish_footballer),Q5833405,1898-07-20,1926-03-14,appendicitis,natural causes,confirmed,10098,10098,"27 years, 237 days",association football player,,,,,,,
Guglielmo Brezzi,https://en.wikipedia.org/wiki/Guglielmo_Brezzi,Q1467135,1898-12-24,1926-04-07,,,confirmed,9965,9965,"27 years, 104 days",association football player,,,,,,,
Harry Robinson,https://en.wikipedia.org/wiki/Harry_Robinson_(RAF_officer),Q5671993,1898-12-25,1926-06-02,,,confirmed,10020,10020,"27 years, 159 days",flying ace,,,,,,,
Reginald Brading,https://en.wikipedia.org/wiki/Reginald_Brading,Q7308619,1899-05-04,1926-07-26,,,confirmed,9944,9944,"27 years, 83 days",flying ace,,,,,,,
Edward Curtis,https://en.wikipedia.org/wiki/Edward_Curtis_(athlete),Q43375550,1899-02-01,1926-11-18,,,confirmed,10151,10151,"27 years, 290 days",middle-distance runner; military personnel,,,,,,,
Campbell MacKenzie-Richards,https://en.wikipedia.org/wiki/Campbell_MacKenzie-Richards,Q5028110,1900,1927,,,possible,9497,10225,"26 years, 1 day to 27 years, 364 days",aircraft pilot,,,,,,,
Helen Howard,https://en.wikipedia.org/wiki/Helen_Howard,Q72723442,1899-05-02,1927-03-13,,,confirmed,10176,10176,"27 years, 315 days",actor,,,,,,,
Albert Van Coile,https://en.wikipedia.org/wiki/Albert_Van_Coile,Q360933,1900-03-27,1927-04-04,,,confirmed,9869,9869,"27 years, 8 days",association football player,,,,,,,
Claiborne Walker,https://en.wikipedia.org/wiki/Claiborne_Walker,Q5125069,1899-09-21,1927-04-26,,,confirmed,10078,10078,"27 years, 217 days",fencer,,,,,,,
Einar Hanson,https://en.wikipedia.org/wiki/Einar_Hanson,Q5349635,1899-06-15; 1899-06-16,1927-06-03,traffic collision,accidental death,confirmed,10213,10214,"27 years, 352 days to 27 years, 353 days",actor; film actor,,,,,,,
Ashfaqulla Khan,https://en.wikipedia.org/wiki/Ashfaqulla_Khan,Q1571670,1900-10-22,1927-12-19,hanging to death,capital punishment,confirmed,9919,9919,"27 years, 58 days",activist; freedom fighter; revolutionary,,,,,,,
Lottie Kimbrough,https://en.wikipedia.org/wiki/Lottie_Kimbrough,Q13561874,1900,1928,,,possible,9862,10591,"27 years, 1 day to 28 years, 365 days",musician; singer; songwriter,,,,,,,
Pavel Maksakovsky,https://en.wikipedia.org/wiki/Pavel_Maksakovsky,Q15127716,1900,1928,,,possible,9862,10591,"27 years, 1 day to 28 years, 365 days",economist,,,,,,,
Bertil Fastén,https://en.wikipedia.org/wiki/Bertil_Fast%C3%A9n,Q5726045,1900-04-01,1928-01-18,,,confirmed,10153,10153,"27 years, 292 days",athlete; athletics competitor,,,,,,,
Andy Bothwell,https://en.wikipedia.org/wiki/Andy_Bothwell,Q3616527,1900-10-07,1928-02-24,,,confirmed,10001,10001,"27 years, 140 days",association football player,,,,,,,
Toribio Romo González,https://en.wikipedia.org/wiki/Toribio_Romo,Q1408965,1900-04-16,1928-02-25,gunshot wound,,confirmed,10176,10176,"27 years, 315 days",presbyter,,,,,,,
Charles Gesmar,https://en.wikipedia.org/wiki/Charles_Gesmar,Q2959199,1900-05-21,1928-02-27,,,confirmed,10143,10143,"27 years, 282 days",costume designer; painter; poster artist,,,,,,,
Walt Schulz,https://en.wikipedia.org/wiki/Walt_Schulz,Q7964058,1900-04-18,1928-02-27,,,confirmed,10176,10176,"27 years, 315 days",baseball player,,,,,,,
Xia Minghan,https://en.wikipedia.org/wiki/Xia_Minghan,Q8044069,1900,1928-03-20,,,possible,9941,10305,"27 years, 80 days to 28 years, 79 days",poet; political activist,,,,,,,
Gustav Björk,https://en.wikipedia.org/wiki/Gustav_Bj%C3%B6rk,Q15613564,1900-07-10,1928-05-12,,,confirmed,10168,10168,"27 years, 307 days",association football player,,,,,,,
Alexander Cadell,https://en.wikipedia.org/wiki/Alexander_Cadell,Q4718495,1900-08-19,1928-05-14,traffic collision,,confirmed,10130,10130,"27 years, 269 days",cricketer,,,,,,,
William Johnson,https://en.wikipedia.org/wiki/William_Johnson_(wrestler),Q16030384,1901-01-19,1928-05-27,,,confirmed,9990,9990,"27 years, 129 days",amateur wrestler,,,,,,,
Rinchen Lhamo,https://en.wikipedia.org/wiki/Rinchen_Lhamo,Q2805387,1901-08-18,1929; 1929-11-13,tuberculosis,natural causes,possible,9998,10362,"27 years, 136 days to 28 years, 135 days",Tibetologist,,,,,,,
Hokuto Iboshi,https://en.wikipedia.org/wiki/Iboshi_Hokuto,Q11265914,1901,1929-01-26,tuberculosis,natural causes,possible,9888,10252,"27 years, 26 days to 28 years, 25 days",waka poet,,,,,,,
Rattanbai Jinnah,https://en.wikipedia.org/wiki/Rattanbai_Jinnah,Q2556435,1902-02-20,1929-02-20,,,confirmed,9862,9862,"27 years, 0 days",politician,,,,,,,
Sam Gonotsky,https://en.wikipedia.org/wiki/Sam_Gonotsky,Q7407531,1902,1929-04-05,tuberculosis,natural causes,possible,9592,9956,"26 years, 95 days to 27 years, 94 days",,,,,,,,
James Hall,https://en.wikipedia.org/wiki/James_Hall_(athlete),Q6135394,1902; 1903-01-02,1929-05-20,,,possible,9635,10001,"26 years, 138 days to 27 years, 139 days",athletics competitor,,,,,,,
Vladimir Fogel,https://en.wikipedia.org/wiki/Vladimir_Fogel,Q1375292,1902,1929-06-08,,suicide,possible,9656,10020,"26 years, 159 days to 27 years, 158 days",actor; film actor,,,,,,,
Pete Barnum,https://en.wikipedia.org/wiki/Pete_Barnum,Q90767927,1902-01-17,1929-06-25,,,confirmed,10021,10021,"27 years, 159 days",American football player,,,,,,,
Willy Ascherl,https://en.wikipedia.org/wiki/Willy_Ascherl,Q592147,1902-01-07,1929-08-08,,,confirmed,10075,10075,"27 years, 213 days",association football player,,,,,,,
Ted Winship,https://en.wikipedia.org/wiki/Ted_Winship,Q18737015,1901,1929-10-19,,,possible,10154,10518,"27 years, 292 days to 28 years, 291 days",association football player,,,,,,,
On Watanabe,https://en.wikipedia.org/wiki/On_Watanabe,Q7091197,1902-08-26,1930-02-10,railway accident by collision,accidental death,confirmed,10030,10030,"27 years, 168 days",editor; novelist; writer,,,,,,,
Habiba Msika,https://en.wikipedia.org/wiki/Habiba_Msika,Q2911515,1903,1930-02-21,,femicide,possible,9549,9913,"26 years, 52 days to 27 years, 51 days",actor; dancer; singer,,,,,,,
Wayland Dean,https://en.wikipedia.org/wiki/Wayland_Dean,Q7975917,1902-06-20,1930-04-11,tuberculosis,natural causes,confirmed,10157,10157,"27 years, 295 days",baseball player,,,,,,,
Nguyen Thai Hoc,https://en.wikipedia.org/wiki/Nguy%E1%BB%85n_Th%C3%A1i_H%E1%BB%8Dc,Q111822,1902-12-01,1930-06-17,decapitation by guillotine,capital punishment,confirmed,10060,10060,"27 years, 198 days",political activist,,,,,,,
Ernest Hartsock,https://en.wikipedia.org/wiki/Ernest_Hartsock,Q16897864,1903-05-05,1930-12-14,,,confirmed,10085,10085,"27 years, 223 days",poet,,,,,,,
Alfred Higgs,https://en.wikipedia.org/wiki/Alf_Higgs,Q4722846,1904,1931,,,possible,9497,10226,"26 years, 1 day to 27 years, 364 days",rugby league player,,,,,,,
Francis Quinn,https://en.wikipedia.org/wiki/Francis_Quinn_(racing_driver),Q106473903,1903,1931,,,possible,9863,10591,"27 years, 1 day to 28 years, 364 days",racing driver,,,,,,,
Jack Holmes,"https://en.wikipedia.org/wiki/Jack_Holmes_(rugby_league,_born_1904)",Q18358415,1904,1931,,,possible,9497,10226,"26 years, 1 day to 27 years, 364 days",rugby league player,,,,,,,
Nancie Clifton Reynolds,https://en.wikipedia.org/wiki/Nancie_Clifton_Reynolds,Q28053622,1903,1931,,,possible,9863,10591,"27 years, 1 day to 28 years, 364 days",broadcaster; writer,,,,,,,
James McKenzie,https://en.wikipedia.org/wiki/James_McKenzie_(boxer),Q3041795,1903-08-13,1931-01-08,,,confirmed,10010,10010,"27 years, 148 days",boxer,,,,,,,
Raymond Gunn,https://en.wikipedia.org/wiki/Lynching_of_Raymond_Gunn,Q7298818,1904-01-11,1931-01-12,,,confirmed,9863,9863,"27 years, 1 day",,,,,,,,
Mikael Söderberg,https://en.wikipedia.org/wiki/Mikael_S%C3%B6derberg,Q6201605,1903-12-08,1931-01-13,,suicide,confirmed,9898,9898,"27 years, 36 days",writer,,,,,,,
Hu Yepin,https://en.wikipedia.org/wiki/Hu_Yepin,Q8297082,1903-05-04,1931-02-07,,capital punishment,confirmed,10141,10141,"27 years, 279 days",poet; writer,,,,,,,
Varick Frissell,https://en.wikipedia.org/wiki/Varick_Frissell,Q3554800,1903,1931-03-15,,,possible,9936,10300,"27 years, 74 days to 28 years, 73 days",film director,,,,,,,
Ernesto Rossi,https://en.wikipedia.org/wiki/Ernesto_Rossi_(gangster),Q5394251,1903-05-27,1931-04-17,,homicide,confirmed,10187,10187,"27 years, 325 days",,,,,,,,
Robert Boucher,https://en.wikipedia.org/wiki/Robert_Boucher_(ice_hockey),Q3434624,1904-02-14,1931-06-10,,,confirmed,9978,9978,"27 years, 116 days",ice hockey player,,,,,,,
Charlie Williams,https://en.wikipedia.org/wiki/Charlie_Williams_(shortstop),Q5085710,1903-08,1931-07-06,,,confirmed,10171,10201,"27 years, 309 days to 27 years, 339 days",baseball player; shortstop,,,,,,,
Trần Phú,https://en.wikipedia.org/wiki/Tr%E1%BA%A7n_Ph%C3%BA,Q4507024,1904-05-01,1931-09-06,,,confirmed,9989,9989,"27 years, 128 days",politician,,,,,,,
Frank Weitzel,https://en.wikipedia.org/wiki/Frank_Weitzel,Q43139900,1905,1932,,,possible,9497,10226,"26 years, 1 day to 27 years, 365 days",artist,,,,,,,
George Constable,https://en.wikipedia.org/wiki/George_Constable,Q43170919,1905,1932,,,possible,9497,10226,"26 years, 1 day to 27 years, 365 days",long-distance runner,,,,,,,
Alyce McCormick,https://en.wikipedia.org/wiki/Alyce_McCormick,Q27661819,1904-01-13,1932-01-07,,,confirmed,10221,10221,"27 years, 359 days",actor,,,,,,,
Tiruppur Kumaran,https://en.wikipedia.org/wiki/Tiruppur_Kumaran,Q7809411,1904-10-04,1932-01-11,major trauma,homicide,confirmed,9960,9960,"27 years, 99 days",revolutionary,,,,,,,
A.K. Golam Jilani,https://en.wikipedia.org/wiki/A.K._Golam_Jilani,Q4647228,1904-10-24,1932-02-09,,,confirmed,9969,9969,"27 years, 108 days",revolutionary,,,,,,,
Bud Ellor,https://en.wikipedia.org/wiki/Bud_Ellor,Q26998012,1905,1932-02-11,,,possible,9538,9902,"26 years, 42 days to 27 years, 41 days",American football player,,,,,,,
Clive Dunfee,https://en.wikipedia.org/wiki/Clive_Dunfee,Q2979425,1904,1932-09-24,,,possible,10129,10494,"27 years, 268 days to 28 years, 267 days",racing automobile driver; racing driver,,,,,,,
George Black,https://en.wikipedia.org/wiki/George_Black_(New_Zealand_politician),Q5537013,1904,1932-10-17,cyanide poisoning,suicide,possible,10152,10517,"27 years, 291 days to 28 years, 290 days",politician,,,,,,,
Gordon Lyon,https://en.wikipedia.org/wiki/Gordon_Lyon_(cricketer),Q95215572,1905-05-22,1932-12-22,,,confirmed,10076,10076,"27 years, 214 days",cricketer; teacher,,,,,,,
Vladimír Vávra,https://en.wikipedia.org/wiki/Vladim%C3%ADr_V%C3%A1vra,Q54487647,1905-01-08,1932-12-26,,,confirmed,10214,10214,"27 years, 353 days",athlete,,,,,,,
Bessie Tucker,https://en.wikipedia.org/wiki/Bessie_Tucker,Q3509314,1906,1933-01-06,,,possible,9503,9867,"26 years, 6 days to 27 years, 5 days",musician; singer; songwriter,,,,,,,
Alfred Hack,https://en.wikipedia.org/wiki/Alfred_Hack,Q70278741,1905,1933-02-04,appendicitis,natural causes,possible,9897,10261,"27 years, 35 days to 28 years, 34 days",cricketer,,,,,,,
Wu Chaozheng,https://en.wikipedia.org/wiki/Wu_Chaozheng,Q56599458,1905,1933-04-20,,,possible,9972,10336,"27 years, 110 days to 28 years, 109 days",,,,,,,,
Fred Phillips,https://en.wikipedia.org/wiki/Fred_Phillips_(footballer),Q5496072,1905-05-27,1933-04-21,sepsis,natural causes,confirmed,10191,10191,"27 years, 329 days",Australian rules football coach; Australian rules football player,,,,,,,
William Bryan Saulpaugh,https://en.wikipedia.org/wiki/Bryan_Saulpaugh,Q4980353,1906,1933-04-22,,,possible,9609,9973,"26 years, 112 days to 27 years, 111 days",engineer,,,,,,,
Eladio Valdés,https://en.wikipedia.org/wiki/Eladio_Vald%C3%A9s,Q5353059,1905-07,1933-05-14,,,confirmed,10149,10179,"27 years, 287 days to 27 years, 317 days",boxer,,,,,,,
Lester Spangler,https://en.wikipedia.org/wiki/Lester_Spangler,Q6531962,1906-01-15,1933-05-30,,,confirmed,9997,9997,"27 years, 135 days",engineer,,,,,,,
Jesús Pedret,https://en.wikipedia.org/wiki/Jes%C3%BAs_Pedret,Q135207514,1905,1933-06-29,,,possible,10042,10406,"27 years, 180 days to 28 years, 179 days",association football player,,,,,,,
August Kirsimägi,https://en.wikipedia.org/wiki/August_Kirsim%C3%A4gi,Q762336,1905-09-21,1933-08-29,gunshot wound,suicide,confirmed,10204,10204,"27 years, 342 days",film actor; writer,,,,,,,
Mildred Washington,https://en.wikipedia.org/wiki/Mildred_Washington,Q85320603,1905,1933-09-07,,,possible,10112,10476,"27 years, 250 days to 28 years, 249 days",actor; dancer; film actor; musical theatre actor,,,,,,,
Reinhold Muchow,https://en.wikipedia.org/wiki/Reinhold_Muchow,Q110551,1905-12-21,1933-09-12,traffic collision,accidental death,confirmed,10127,10127,"27 years, 265 days",politician,,,,,,,
S. G. Kittappa,https://en.wikipedia.org/wiki/S._G._Kittappa,Q7387483,1906-08-25,1933-12-02,,,confirmed,9961,9961,"27 years, 99 days",actor; singer,,,,,,,
Sam Sebo,https://en.wikipedia.org/wiki/Sam_Sebo,Q23035686,1906,1933-12-10,,,possible,9841,10205,"26 years, 344 days to 27 years, 343 days",American football player,,,,,,,
Baikuntha Shukla,https://en.wikipedia.org/wiki/Baikuntha_Shukla,Q4843266,1907,1934,hanging to death,capital punishment,possible,9498,10226,"26 years, 1 day to 27 years, 364 days",revolutionary,,,,,,,
Dinesh Chandra Majumdar,https://en.wikipedia.org/wiki/Dinesh_Chandra_Majumdar,Q136303799,1907,1934,,,possible,9498,10226,"26 years, 1 day to 27 years, 364 days",revolutionary,,,,,,,
Kojima Gyokuhō,https://en.wikipedia.org/wiki/Kojima_Gyokuh%C5%8D,Q60769461,1907,1934,,,possible,9498,10226,"26 years, 1 day to 27 years, 364 days",artist; printmaker,,,,,,,
Hemsley Winfield,https://en.wikipedia.org/wiki/Hemsley_Winfield,Q5712777,1906-04-20,1934-01-15,,,confirmed,10132,10132,"27 years, 270 days",actor; choreographer,,,,,,,
Salabat Jah,https://en.wikipedia.org/wiki/Salabat_Jah,Q139898610,1907,1934-03-02,,,possible,9558,9922,"26 years, 61 days to 27 years, 60 days",poet,,,,,,,
Ernie Triplett,https://en.wikipedia.org/wiki/Ernie_Triplett,Q5394770,1906,1934-03-05,,,possible,9926,10290,"27 years, 64 days to 28 years, 63 days",engineer,,,,,,,
Francisco Cominges,https://en.wikipedia.org/wiki/Francisco_Cominges,Q134455346,1906,1934-05-19,,,possible,10001,10365,"27 years, 139 days to 28 years, 138 days",association football player,,,,,,,
Homer Van Meter,https://en.wikipedia.org/wiki/Homer_Van_Meter,Q3139673,1906-12-03,1934-08-23,gunshot wound,,confirmed,10125,10125,"27 years, 263 days",bank robber,,,,,,,
Dudley Pope,https://en.wikipedia.org/wiki/Dudley_Pope_(cricketer),Q5311950,1906-10-28,1934-09-08,traffic collision,,confirmed,10177,10177,"27 years, 315 days",cricketer,,,,,,,
Julius Maus,https://en.wikipedia.org/wiki/Julius_Maus,Q17285565,1906-12-10,1934-09-08,,,confirmed,10134,10134,"27 years, 272 days",sport cyclist,,,,,,,
Anthoula Stathopoulou-Vafopoulou,https://en.wikipedia.org/wiki/Anthoula_Stathopoulou-Vafopoulou,Q37478665,1908,1935,,,possible,9497,10226,"26 years, 1 day to 27 years, 364 days",playwright; poet; writer,,,,,,,
Fred Hopkinson,https://en.wikipedia.org/wiki/Fred_Hopkinson,Q16078949,1908-04-26,1935,,,possible,9746,10110,"26 years, 250 days to 27 years, 249 days",association football player,,,,,,,
Michael Gutteridge,https://en.wikipedia.org/wiki/Michael_Gutteridge_(athlete),Q63184333,1908,1935,,,possible,9497,10226,"26 years, 1 day to 27 years, 364 days",athletics competitor,,,,,,,
Pinetop Sparks,https://en.wikipedia.org/wiki/Pinetop_Sparks,Q16026285,1908,1935,,,possible,9497,10226,"26 years, 1 day to 27 years, 364 days",pianist,,,,,,,
Charlie Blacklock,https://en.wikipedia.org/wiki/Charlie_Blacklock,Q120870949,1908,1935-01-27,,,possible,9523,9888,"26 years, 27 days to 27 years, 26 days",,,,,,,,
Otávio Fantoni,https://en.wikipedia.org/wiki/Ot%C3%A1vio_Fantoni,Q3880774,1907-04-04,1935-02-08,sepsis,natural causes,confirmed,10172,10172,"27 years, 310 days",association football player,,,,,,,
Hubert Perkins,https://en.wikipedia.org/wiki/Hubert_Perkins,Q16026258,1907-06-18,1935-05-04,,,confirmed,10182,10182,"27 years, 320 days",cricketer,,,,,,,
Yousaf Aziz Magsi,https://en.wikipedia.org/wiki/Yousaf_Aziz_Magsi,Q8059019,1908,1935-05-31,,,possible,9647,10012,"26 years, 151 days to 27 years, 150 days",politician,,,,,,,
Charles Crawley,https://en.wikipedia.org/wiki/Charles_Crawley,Q5076544,1908-05-01,1935-07-24,,,confirmed,9945,9945,"27 years, 84 days",cricketer,,,,,,,
Carl Erickson,https://en.wikipedia.org/wiki/Carl_Erickson_(screenwriter),Q5040103,1908-04-07,1935-08-29,,,confirmed,10005,10005,"27 years, 144 days",screenwriter,,,,,,,
Ray Treadaway,https://en.wikipedia.org/wiki/Ray_Treadaway,Q7298211,1907-10-31,1935-10-12,,,confirmed,10208,10208,"27 years, 346 days",baseball player,,,,,,,
Eliás Beauchamp,https://en.wikipedia.org/wiki/El%C3%ADas_Beauchamp,Q28504152,1908,1936-02-23,,,possible,9915,10280,"27 years, 54 days to 28 years, 53 days",politician,,,,,,,
Arthur Gooch,https://en.wikipedia.org/wiki/Arthur_Gooch_(criminal),Q4798838,1909-01-04,1936-06-19,hanging to death,capital punishment,confirmed,10028,10028,"27 years, 167 days",,,,,,,,
Edappally Raghavan Pillai,https://en.wikipedia.org/wiki/Edappally_Raghavan_Pillai,Q5335704,1909-05-30,1936-07-04,,suicide,confirmed,9897,9897,"27 years, 35 days",poet,,,,,,,
Yasuhide Kurihara,https://en.wikipedia.org/wiki/Kurihara_Yasuhide,Q11535828,1908-11-17,1936-07-12,gunshot wound,capital punishment,confirmed,10099,10099,"27 years, 238 days",military personnel,,,,,,,
Rainey Bethea,https://en.wikipedia.org/wiki/Rainey_Bethea,Q7284863,1909,1936-08-14,hanging to death,capital punishment,possible,9723,10087,"26 years, 227 days to 27 years, 226 days",,,,,,,,
Arthur Richter,https://en.wikipedia.org/wiki/Arthur_Richter,Q99657063,1908-09-01,1936-08-16,,,confirmed,10211,10211,"27 years, 350 days",cricketer,,,,,,,
Fernando De Rosa,https://en.wikipedia.org/wiki/Fernando_de_Rosa,Q3742900,1908-10-07,1936-09-16,,,confirmed,10206,10206,"27 years, 345 days",soldier; student,,,,,,,
Harry Courtney,https://en.wikipedia.org/wiki/Harry_Courtney_(rugby_league),Q65923243,1908,1936-12-06,,,possible,10202,10567,"27 years, 341 days to 28 years, 340 days",rugby league player,,,,,,,
Asim Vokshi,https://en.wikipedia.org/wiki/Asim_Vokshi,Q382218,1909,1937; 1937-10-04,,,possible,9863,10591,"27 years, 1 day to 28 years, 364 days",political activist,,,,,,,
Donald Eligon,https://en.wikipedia.org/wiki/Donald_Eligon,Q102421557,1909,1937,,,possible,9863,10591,"27 years, 1 day to 28 years, 364 days",cricketer,,,,,,,
Mark Rein,https://en.wikipedia.org/wiki/Mark_Rein_(journalist),Q6769412,1909,1937,,,possible,9863,10591,"27 years, 1 day to 28 years, 364 days",journalist,,,,,,,
Pepita Inglés,https://en.wikipedia.org/wiki/Pepita_Ingl%C3%A9s,Q20100747,1910,1937,,death in battle,possible,9498,10226,"26 years, 1 day to 27 years, 364 days",anarchist; soldier; trade unionist,,,,,,,
Peter Burra,https://en.wikipedia.org/wiki/Peter_Burra,Q41027922,1909,1937,,,possible,9863,10591,"27 years, 1 day to 28 years, 364 days",biographer; editor; literary critic,,,,,,,
John Rickman,https://en.wikipedia.org/wiki/John_Rickman_(activist),Q105628653,1910,1937-04-06,,,possible,9593,9957,"26 years, 96 days to 27 years, 95 days",,,,,,,,
Jackie Benyon,https://en.wikipedia.org/wiki/Jackie_Beynon,Q6116226,1909,1937-06-26,peritonitis,natural causes,possible,10039,10403,"27 years, 177 days to 28 years, 176 days",association football player,,,,,,,
Bohdan Ihor Antonych,https://en.wikipedia.org/wiki/Bohdan_Ihor_Antonych,Q890749,1909-10-05,1937-07-06,,,confirmed,10136,10136,"27 years, 274 days",literary scholar; poet; prose writer; translator; writer,,,,,,,
Gene Bradford,https://en.wikipedia.org/wiki/Gene_Bradford,Q111592734,1909,1937-08-17,,,possible,10091,10455,"27 years, 229 days to 28 years, 228 days",politician,,,,,,,
Khas-Ochiryn Luvsandorj,https://en.wikipedia.org/wiki/Khas-Ochiryn_Luvsandorj,Q6400803,1910,1937-11-16,,,possible,9817,10181,"26 years, 320 days to 27 years, 319 days",politician,,,,,,,
Ernest Sheepshanks,https://en.wikipedia.org/wiki/Ernest_Sheepshanks,Q5393799,1910-03-22,1937-12-31,,death in battle,confirmed,10146,10146,"27 years, 284 days",cricketer; journalist,,,,,,,
David Guest,https://en.wikipedia.org/wiki/David_Guest_(communist),Q5234453,1911,1938; 1938-07-28,,,possible,9498,10226,"26 years, 1 day to 27 years, 364 days",docent; mathematician; philosopher,,,,,,,
Fujio Kakuta,https://en.wikipedia.org/wiki/Fujio_Kakuta,Q65665653,1911-01-27,1938,,,possible,9836,10200,"26 years, 339 days to 27 years, 338 days",artistic gymnast; gymnast,,,,,,,
Heinz Kiwitz,https://en.wikipedia.org/wiki/Heinz_Kiwitz,Q1526654,1910-09-04,1938,,,possible,9981,10345,"27 years, 119 days to 28 years, 118 days",artist; illustrator; xylographer,,,,,,,
Leon Narwicz,https://en.wikipedia.org/wiki/Leon_Narwicz,Q123571265,1911,1938,,,possible,9498,10226,"26 years, 1 day to 27 years, 364 days",military personnel; revolutionary,,,,,,,
Rafael Arnaiz Barón,https://en.wikipedia.org/wiki/Rafael_Arnaiz_Bar%C3%B3n,Q639347,1911-04-09,1938-04-26,diabetes,natural causes,confirmed,9879,9879,"27 years, 17 days",monk; painter; religious,,,,,,,
Abdallah al-Asbah,https://en.wikipedia.org/wiki/Abdallah_al-Asbah,Q4664679,1910,1938-04-27,,death in battle,possible,9979,10343,"27 years, 117 days to 28 years, 116 days",military personnel,,,,,,,
Henry Seadlund,https://en.wikipedia.org/wiki/John_Henry_Seadlund,Q5728172,1910-07-27,1938-07-14,electrocution,capital punishment,confirmed,10214,10214,"27 years, 352 days",,,,,,,,
Lewis Clive,https://en.wikipedia.org/wiki/Lewis_Clive,Q46656,1910-09-08,1938-08; 1938-08-02,,,confirmed,10189,10219,"27 years, 327 days to 27 years, 357 days",rower,,,,,,,
Robert Johnson,https://en.wikipedia.org/wiki/Robert_Johnson,Q192133,1911-05-08,1938-08-16,,homicide,confirmed,9962,9962,"27 years, 100 days",blues musician; blues singer; composer; guitarist; musician; singer-songwriter; street artist,,,,,,,
Yuri Velykanovych,https://en.wikipedia.org/wiki/Yuri_Velykanovych,Q4106213,1910-12-07,1938-09-07,,,confirmed,10136,10136,"27 years, 274 days",journalist,,,,,,,
Ormond Beach,https://en.wikipedia.org/wiki/Ormond_Beach_(Canadian_football),Q7103435,1910-10-23,1938-09-21,,,confirmed,10195,10195,"27 years, 333 days",American football player,,,,,,,
Ray Ruddy,https://en.wikipedia.org/wiki/Ray_Ruddy,Q16023297,1911-08-31,1938-12-04,,,confirmed,9957,9957,"27 years, 95 days",swimmer; water polo player,,,,,,,
Jeremi Kubicki,https://en.wikipedia.org/wiki/Jeremi_Kubicki,Q11724239,1911-04-06,1938-12-06,,,confirmed,10106,10106,"27 years, 244 days",painter,,,,,,,
John Noel Laughton Isaac,https://en.wikipedia.org/wiki/John_Noel_Laughton_Isaac,Q71806873,1911,1939,,,possible,9863,10591,"27 years, 1 day to 28 years, 364 days",military personnel,,,,,,,
Pasang Kikuli,https://en.wikipedia.org/wiki/Pasang_Kikuli,Q61790439,1911,1939,,,possible,9863,10591,"27 years, 1 day to 28 years, 364 days",mountaineer,,,,,,,
Anthony Lawrence,https://en.wikipedia.org/wiki/Anthony_Lawrence_(cricketer),Q63257877,1911-03-25,1939-03-17,,,confirmed,10219,10219,"27 years, 357 days",cricketer,,,,,,,
Lloyd L. Gaines,https://en.wikipedia.org/wiki/Lloyd_L._Gaines,Q6662558,1911,1939-03-19,,,possible,9940,10304,"27 years, 78 days to 28 years, 77 days",activist,,,,,,,
Ghazi of Iraq,https://en.wikipedia.org/wiki/Ghazi_of_Iraq,Q314784,1912-03-21,1939-04-04,cranial trauma; single-vehicle accident,,confirmed,9875,9875,"27 years, 14 days",king; military personnel; monarch,,,,,,,
Kodagina Gowramma,https://en.wikipedia.org/wiki/Kodagina_Gowramma,Q13158971,1912-03-05,1939-04-13,drowning,,confirmed,9900,9900,"27 years, 39 days",academic,,,,,,,
Charles Slow,https://en.wikipedia.org/wiki/Charles_Slow,Q30328644,1911-05-15,1939-04-15,,,confirmed,10197,10197,"27 years, 335 days",rugby union player,,,,,,,
Buell Quain,https://en.wikipedia.org/wiki/Buell_Quain,Q4985375,1912-05-31,1939-08-02,,suicide,confirmed,9924,9924,"27 years, 63 days",anthropologist; explorer,,,,,,,
Stanisław Zieliński,https://en.wikipedia.org/wiki/Stanis%C5%82aw_Zieli%C5%84ski,Q9343456,1912-07-26,1939-09,,,confirmed,9898,9927,"27 years, 37 days to 27 years, 66 days",sport cyclist,,,,,,,
Stanisław Brykalski,https://en.wikipedia.org/wiki/Stanis%C5%82aw_Brykalski,Q9341659,1912-04-06,1939-09-09,,death in battle,confirmed,10017,10017,"27 years, 156 days",military officer,,,,,,,
Vu Trong Phung,https://en.wikipedia.org/wiki/V%C5%A9_Tr%E1%BB%8Dng_Ph%E1%BB%A5ng,Q1611010,1912-10-20,1939-10-13; 1939-12-13,tuberculosis,natural causes,possible,9854,9915,"26 years, 358 days to 27 years, 54 days",journalist; writer,,,,,,,
Otto Siffling,https://en.wikipedia.org/wiki/Otto_Siffling,Q701770,1912-08-03,1939-10-20,pleurisy,natural causes,confirmed,9939,9939,"27 years, 78 days",association football player,,,,,,,
Jimmy Davies,https://en.wikipedia.org/wiki/Jimmy_Davies_(RAF_officer),Q6199958,1913,1940,,death in battle,possible,9497,10226,"26 years, 1 day to 27 years, 365 days",airman; SOE agent,,,,,,,
Marcel Khill,https://en.wikipedia.org/wiki/Marcel_Khill,Q3289075,1912,1940,,,possible,9862,10592,"27 years, 1 day to 28 years, 365 days",film director,,,,,,,
Rafael Gutiérrez Caro,https://en.wikipedia.org/wiki/Rafael_Guti%C3%A9rrez_Caro,Q61858123,1912,1940,,capital punishment,possible,9862,10592,"27 years, 1 day to 28 years, 365 days",military personnel,,,,,,,
Albert Richter,https://en.wikipedia.org/wiki/Albert_Richter,Q693252,1912-10-14,1940-01-02,,homicide,confirmed,9941,9941,"27 years, 80 days",modeler; sport cyclist; track cyclist,,,,,,,
Horrie Stevens,https://en.wikipedia.org/wiki/Horrie_Stevens,Q22569657,1912-10-20,1940-01-14,drowning,accidental death,confirmed,9947,9947,"27 years, 86 days",Australian rules football player,,,,,,,
Bill Wisdom,https://en.wikipedia.org/wiki/Bill_Wisdom_(Australian_rules_footballer),Q20737640,1912-05-30,1940-03-09,traffic collision,,confirmed,10145,10145,"27 years, 284 days",Australian rules football player,,,,,,,
Raymond Tixier,https://en.wikipedia.org/wiki/Raymond_Tixier,Q7299186,1912-12-25,1940-05-10,,,confirmed,9998,9998,"27 years, 137 days",field hockey player,,,,,,,
Julien Buge,https://en.wikipedia.org/wiki/Julien_Buge,Q3189396,1913-02-18,1940-05-18,,,confirmed,9951,9951,"27 years, 90 days",association football player,,,,,,,
"George Percy, 9th Duke of Northumberland","https://en.wikipedia.org/wiki/George_Percy,_9th_Duke_of_Northumberland",Q5726865,1912-07-15,1940-05-21,,death in battle,confirmed,10172,10172,"27 years, 311 days",military personnel,,,,,,,
Robert Philpot-Brookes,https://en.wikipedia.org/wiki/Robert_Philpot-Brookes,Q92111830,1912-08-11,1940-05-28,,,confirmed,10152,10152,"27 years, 291 days",cricketer; military personnel,,,,,,,
Robert Griffin,https://en.wikipedia.org/wiki/Robert_Griffin_(baseball),Q110652682,1912-08-31,1940-06-03,,,confirmed,10138,10138,"27 years, 277 days",baseball player,,,,,,,
Günther Gehmert,https://en.wikipedia.org/wiki/G%C3%BCnther_Gehmert,Q1561457,1913-02-09,1940-06-09,,,confirmed,9982,9982,"27 years, 121 days",athletics competitor,,,,,,,
Paul Seidel,https://en.wikipedia.org/wiki/Paul_Seidel_(cyclist),Q104840010,1913-01-11,1940-06-11,,,confirmed,10013,10013,"27 years, 152 days",sport cyclist,,,,,,,
Bob Swanson,https://en.wikipedia.org/wiki/Bob_Swanson,Q4934130,1912-08-20,1940-06-13,,,confirmed,10159,10159,"27 years, 298 days",engineer; racing automobile driver,,,,,,,
"Henry W. Antheil, Jr.",https://en.wikipedia.org/wiki/Henry_W._Antheil_Jr.,Q5729609,1912-09-23,1940-06-14,,homicide,confirmed,10126,10126,"27 years, 265 days",diplomat,,,,,,,
Amor Nuño,https://en.wikipedia.org/wiki/Ricardo_Amor_Nu%C3%B1o_P%C3%A9rez,Q42908693,1913,1940-07-17,,,possible,9695,10059,"26 years, 199 days to 27 years, 198 days",activist; union member,,,,,,,
Joseph Larichelière,https://en.wikipedia.org/wiki/Joseph_Laricheli%C3%A8re,Q116456868,1912-12-03,1940-08-16,,,confirmed,10118,10118,"27 years, 257 days",aircraft pilot; military personnel,,,,,,,
Philip Hunter,https://en.wikipedia.org/wiki/Philip_Hunter_(RAF_officer),Q20981606,1913-04-11,1940-08-24,,death in battle,confirmed,9997,9997,"27 years, 135 days",flying ace,,,,,,,
Alfred Kienzle,https://en.wikipedia.org/wiki/Alfred_Kienzle,Q443520,1913-05-01,1940-09-04,,death in battle,confirmed,9988,9988,"27 years, 126 days",water polo player,,,,,,,
Lydia Cecilia Hill,https://en.wikipedia.org/wiki/Lydia_Cecilia_Hill,Q6707600,1913-07-20,1940-10-11,,,confirmed,9945,9945,"27 years, 83 days",dancer,,,,,,,
Luis Fontés,https://en.wikipedia.org/wiki/Luis_Font%C3%A9s,Q454132,1912-12-26,1940-10-12,,,confirmed,10152,10152,"27 years, 291 days",aircraft pilot; racing automobile driver,,,,,,,
Ernest Parsons,https://en.wikipedia.org/wiki/Ernest_Parsons_(rugby_union),Q15997042,1912-10-24,1940-10-14,,,confirmed,10217,10217,"27 years, 356 days",rugby union player,,,,,,,
Bennett Southwell,https://en.wikipedia.org/wiki/Bennett_Southwell,Q4889742,1913-03-21,1940-10-17,,,confirmed,10072,10072,"27 years, 210 days",military personnel,,,,,,,
Benny Thomson,https://en.wikipedia.org/wiki/Benny_Thomson,Q98317911,1913-06-08,1940-11-12,,,confirmed,10019,10019,"27 years, 157 days",association football player; military personnel,,,,,,,
Edward C. Daly,https://en.wikipedia.org/wiki/Edward_C._Daly,Q5342132,1914,1941,,,possible,9498,10226,"26 years, 1 day to 27 years, 364 days",military personnel,,,,,,,
Jill Dennett,https://en.wikipedia.org/wiki/Jill_Dennett,Q6192803,1913-05-26,1941,,,possible,10082,10446,"27 years, 220 days to 28 years, 219 days",actor; dancer; film actor; singer,,,,,,,
Marion Miley,https://en.wikipedia.org/wiki/Marion_Miley,Q106120809,1914,1941,,,possible,9498,10226,"26 years, 1 day to 27 years, 364 days",golfer,,,,,,,
Tadeusz Wiejowski,https://en.wikipedia.org/wiki/Tadeusz_Wiejowski,Q3487070,1914-05-04,1941,gunshot wound,,possible,9739,10103,"26 years, 242 days to 27 years, 241 days",cobbler,,,,,,,
Takimi Wakayama,https://en.wikipedia.org/wiki/Takimi_Wakayama,Q76166415,1914-03-30,1941,,,possible,9774,10138,"26 years, 277 days to 27 years, 276 days",water polo player,,,,,,,
Willi Jutzi,https://en.wikipedia.org/wiki/Willi_Jutzi,Q8003753,1913-09-02,1941,gunshot wound,,possible,9983,10347,"27 years, 121 days to 28 years, 120 days",military personnel,,,,,,,
Locky Byrne,https://en.wikipedia.org/wiki/Locky_Byrne,Q6665910,1914,1941-01-18,,,possible,9515,9879,"26 years, 18 days to 27 years, 17 days",hurler,,,,,,,
Mario Visintini,https://en.wikipedia.org/wiki/Mario_Visintini,Q722020,1913-04-26,1941-02-11,,accidental death,confirmed,10153,10153,"27 years, 291 days",aircraft pilot,,,,,,,
Otto Oehler,https://en.wikipedia.org/wiki/Otto_Oehler,Q27983344,1913-10-25,1941-03-03,,,confirmed,9991,9991,"27 years, 129 days",handball player,,,,,,,
John Huang Xinrui,https://en.wikipedia.org/wiki/John_Huang_Xinrui,Q99600191,1914-03-15,1941-03-16,,,confirmed,9863,9863,"27 years, 1 day",aircraft pilot; airman; military personnel,,,,,,,
James Smith,https://en.wikipedia.org/wiki/James_Smith_(RAF_officer),Q136346069,1914-03-17,1941-04-14,,,confirmed,9890,9890,"27 years, 28 days",airman,,,,,,,
Lothar Keller,https://en.wikipedia.org/wiki/Lothar_Keller,Q6684718,1914-04-07,1941-06-26,,,confirmed,9942,9942,"27 years, 80 days",,,,,,,,
Heinz Bretnütz,https://en.wikipedia.org/wiki/Heinz_Bretn%C3%BCtz,Q10294319,1914; 1914-01-24,1941-06-27,,,possible,9675,10039,"26 years, 178 days to 27 years, 177 days",soldier,,,,,,,
Heinz Kapelle,https://en.wikipedia.org/wiki/Heinz_Kapelle,Q98234,1913-09-17,1941-07-01,,capital punishment,confirmed,10149,10149,"27 years, 287 days",politician; resistance fighter,,,,,,,
Wacław Łapkowski,https://en.wikipedia.org/wiki/Wac%C5%82aw_%C5%81apkowski,Q9369890,1913-11-06,1941-07-02,,,confirmed,10100,10100,"27 years, 238 days",flying ace; military officer,,,,,,,
Wilhelm Balthasar,https://en.wikipedia.org/wiki/Wilhelm_Balthasar,Q77790,1914-02-02,1941-07-03,,death in battle,confirmed,10013,10013,"27 years, 151 days",fighter pilot; military personnel,,,,,,,
Viktor Rosenzweig,https://en.wikipedia.org/wiki/Viktor_Rosenzweig,Q20436080,1914,1941-07-09,,,possible,9687,10051,"26 years, 190 days to 27 years, 189 days",poet; writer,,,,,,,
Hans Kolbow,https://en.wikipedia.org/wiki/Hans_Kolbow,Q5650314,1914-01-08,1941-07-17,,,confirmed,10052,10052,"27 years, 190 days",,,,,,,,
José Quiñones Gonzales,https://en.wikipedia.org/wiki/Jos%C3%A9_Qui%C3%B1ones_Gonzales,Q1708890,1914-04-22,1941-07-23,,,confirmed,9954,9954,"27 years, 92 days",aircraft pilot; military personnel,,,,,,,
"Ron Barassi, Sr.",https://en.wikipedia.org/wiki/Ron_Barassi_Sr.,Q7363498,1913-10-24,1941-07-30,,,confirmed,10141,10141,"27 years, 279 days",Australian rules football player,,,,,,,
Charles Pecher,https://en.wikipedia.org/wiki/Charles_Pecher,Q28521233,1913-11-26,1941-08-28,drug overdose,suicide,confirmed,10137,10137,"27 years, 275 days",nuclear medicine physician; pharmacologist,,,,,,,
Mykola Lemyk,https://en.wikipedia.org/wiki/Mykola_Lemyk,Q2064414,1914-04-04,1941-10-10,execution by shooting; hanging to death,capital punishment,confirmed,10051,10051,"27 years, 189 days",partisan; politician; resistance fighter,,,,,,,
Princess Romanework,https://en.wikipedia.org/wiki/Princess_Romanework,Q7244791,1913,1941-10-14,,,possible,10149,10513,"27 years, 287 days to 28 years, 286 days",,,,,,,,
Bill Laidlaw,https://en.wikipedia.org/wiki/Bill_Laidlaw,Q23900924,1914,1941-10-20,,,possible,9790,10154,"26 years, 293 days to 27 years, 292 days",military personnel,,,,,,,
Franz von Werra,https://en.wikipedia.org/wiki/Franz_von_Werra,Q63901,1914-07-13,1941-10-25,,accidental death,confirmed,9966,9966,"27 years, 104 days",aircraft pilot; baron; fighter pilot,,,,,,,
Paul Schweifer,https://en.wikipedia.org/wiki/Paul_Schweifer,Q7153492,1914-03-30,1941-11-21,,,confirmed,10098,10098,"27 years, 236 days",boxer,,,,,,,
Wolfgang Lippert,https://en.wikipedia.org/wiki/Wolfgang_Lippert_(pilot),Q8030093,1914-09-14,1941-12-03,,,confirmed,9942,9942,"27 years, 80 days",flying ace,,,,,,,
Dmitry Lavrinenko,https://en.wikipedia.org/wiki/Dmitry_Lavrinenko,Q644654,1914-10-14,1941-12-18,,,confirmed,9927,9927,"27 years, 65 days",military personnel; pedagogue,,,,,,,
Sueo Ōe,https://en.wikipedia.org/wiki/Sueo_%C5%8Ce,Q384832,1914-08-02,1941-12-24,,,confirmed,10006,10006,"27 years, 144 days",athletics competitor; pole vaulter,,,,,,,
Charles Arthur Tabberer,https://en.wikipedia.org/wiki/Charles_Arthur_Tabberer,Q5075210,1915-12-18,1942,,,possible,9511,9875,"26 years, 14 days to 27 years, 13 days",military officer,,,,,,,
Edward Micka,https://en.wikipedia.org/wiki/Edward_Micka,Q5344454,1915-10-10,1942,,,possible,9580,9944,"26 years, 83 days to 27 years, 82 days",military officer,,,,,,,
Ernest Leslie 'Johnny' Hyde,https://en.wikipedia.org/wiki/Johnny_Hyde_(RAF_officer),Q19668279,1914,1942,,,possible,9863,10591,"27 years, 1 day to 28 years, 364 days",,,,,,,,
Frank Manders,https://en.wikipedia.org/wiki/Frank_Manders,Q28810365,1914-06-13,1942,,,possible,10064,10428,"27 years, 202 days to 28 years, 201 days",association football player,,,,,,,
Gordon Cummins,https://en.wikipedia.org/wiki/Gordon_Cummins,Q2346804,1914-02-18,1942; 1942-06-25,hanging to death,,possible,10179,10543,"27 years, 317 days to 28 years, 316 days",criminal; serial killer; soldier,,,,,,,
Henri Devillers,https://en.wikipedia.org/wiki/Henri_Devillers,Q3130978,1914-11-10,1942,gunshot wound,,possible,9914,10278,"27 years, 52 days to 28 years, 51 days",covert agent,,,,,,,
Horace A. Bass Jr.,https://en.wikipedia.org/wiki/Horace_A._Bass_Jr.,Q5901447,1915,1942,,,possible,9498,10226,"26 years, 1 day to 27 years, 364 days",military personnel,,,,,,,
Jimmy Dodds,https://en.wikipedia.org/wiki/Jimmy_Dodds,Q108605210,1914-09-07,1942,,,possible,9978,10342,"27 years, 116 days to 28 years, 115 days",airman; association football player; military personnel,,,,,,,
Joe Ratica,https://en.wikipedia.org/wiki/Joe_Ratica,Q6211946,1914-08-04,1942,,,possible,10012,10376,"27 years, 150 days to 28 years, 149 days",American football player,,,,,,,
Julia Batino,https://en.wikipedia.org/wiki/Julia_Batino,Q6306198,1914,1942,,,possible,9863,10591,"27 years, 1 day to 28 years, 364 days",,,,,,,,
Kurt Jonas,https://en.wikipedia.org/wiki/Kurt_Jonas,Q132129813,1914,1942,,,possible,9863,10591,"27 years, 1 day to 28 years, 364 days",architect,,,,,,,
Leonard W. Thornhill,https://en.wikipedia.org/wiki/Leonard_W._Thornhill,Q6525819,1915,1942,,,possible,9498,10226,"26 years, 1 day to 27 years, 364 days",military officer,,,,,,,
Li Sen,https://en.wikipedia.org/wiki/Li_Sen,Q16571963,1914-01-07,1942,,,possible,10221,10585,"27 years, 359 days to 28 years, 358 days",athletics competitor,,,,,,,
Lorna Lloyd,https://en.wikipedia.org/wiki/Lorna_Lloyd,Q139815769,1914,1942,,,possible,9863,10591,"27 years, 1 day to 28 years, 364 days",teacher,,,,,,,
Magda Bošković,https://en.wikipedia.org/wiki/Magda_Bo%C5%A1kovi%C4%87,Q15056837,1914-11-03,1942,,homicide,possible,9921,10285,"27 years, 59 days to 28 years, 58 days",resistance fighter,,,,,,,
Maxime Lubat,https://en.wikipedia.org/wiki/Maxime_Lubat,Q61792406,1914-06-06,1942,,,possible,10071,10435,"27 years, 209 days to 28 years, 208 days",wrestler,,,,,,,
Mikhail Makarov,https://en.wikipedia.org/wiki/Mikhail_Makarov_(spy),Q1930351,1915,1942,gunshot wound,unnatural death,possible,9498,10226,"26 years, 1 day to 27 years, 364 days",intelligence officer; romanist,,,,,,,
Trose Emmett Donaldson,https://en.wikipedia.org/wiki/Trose_Emmett_Donaldson,Q7846290,1914-06-19,1942,,,possible,10058,10422,"27 years, 196 days to 28 years, 195 days",military officer,,,,,,,
Silvio Coucci,https://en.wikipedia.org/wiki/Silvio_Coucci,Q7517105,1914,1942-01-05,falling from height,,possible,9867,10231,"27 years, 5 days to 28 years, 4 days",jockey,,,,,,,
John Dowland,https://en.wikipedia.org/wiki/John_Dowland_(RAF_officer),Q6229986,1914-11-06,1942-01-13,,,confirmed,9930,9930,"27 years, 68 days",military personnel,,,,,,,
Selma Rauf Hanımsultan,https://en.wikipedia.org/wiki/Selma_Han%C4%B1msultan,Q111468500,1914-04-13,1942-01-13,,,confirmed,10137,10137,"27 years, 275 days",,,,,,,,
Helmut Bräutigam,https://en.wikipedia.org/wiki/Helmut_Br%C3%A4utigam,Q1519189,1914-02-16,1942-01-17,,,confirmed,10197,10197,"27 years, 335 days",composer,,,,,,,
Richard Bull,https://en.wikipedia.org/wiki/Richard_Bull_(aviator),Q7324443,1914-07-14,1942-02-05,,,confirmed,10068,10068,"27 years, 206 days",military officer,,,,,,,
Adnan bin Saidi,https://en.wikipedia.org/wiki/Adnan_Saidi,Q4683942,1915,1942-02-14,,death in battle,possible,9542,9906,"26 years, 45 days to 27 years, 44 days",military personnel,,,,,,,
Bo Saw Aung,https://en.wikipedia.org/wiki/Bo_Saw_Aung,Q13065221,1914-04-28,1942-02-26,,,confirmed,10166,10166,"27 years, 304 days",civil servant; military personnel,,,,,,,
Osamu Kudō,https://en.wikipedia.org/wiki/Osamu_Kud%C5%8D,Q7105689,1915,1942-03-03,,,possible,9559,9923,"26 years, 62 days to 27 years, 61 days",military personnel,,,,,,,
František Binder,https://en.wikipedia.org/wiki/Franti%C5%A1ek_Binder,Q11866819,1914-10-22,1942-03-04,,death in battle,confirmed,9995,9995,"27 years, 133 days",airman; soldier,,,,,,,
Žikica Jovanović Španac,https://en.wikipedia.org/wiki/%C5%BDikica_Jovanovi%C4%87_%C5%A0panac,Q1280992,1914-03-17,1942-03-13,,,confirmed,10223,10223,"27 years, 361 days",military personnel,,,,,,,
Hans Marr,https://en.wikipedia.org/wiki/Hans_Marr_(ski_jumper),Q16065028,1914-10-07,1942-03-20,,,confirmed,10026,10026,"27 years, 164 days",ski jumper,,,,,,,
Ion Ionescu-Căpăţână,https://en.wikipedia.org/wiki/Ion_Ionescu-C%C4%83p%C4%83%C8%9B%C3%A2n%C4%83,Q131107099,1914,1942-04,,,possible,9953,10346,"27 years, 91 days to 28 years, 119 days",,,,,,,,
Karl-Heinz Krahl,https://en.wikipedia.org/wiki/Karl-Heinz_Krahl,Q6371442,1914-09-25,1942-04-14,,death in battle,confirmed,10063,10063,"27 years, 201 days",military personnel,,,,,,,
John Peter Wakefield,https://en.wikipedia.org/wiki/Johnny_Wakefield,Q6252655,1915-04-05,1942-04-24,,accidental death,confirmed,9881,9881,"27 years, 19 days",aircraft pilot; racing automobile driver,,,,,,,
Slobodan Princip,https://en.wikipedia.org/wiki/Slobodan_Princip,Q245714,1914-05-25,1942-05,,,possible,10203,10233,"27 years, 341 days to 28 years, 6 days",military personnel,,,,,,,
Howard Franklin Clark,https://en.wikipedia.org/wiki/Howard_Franklin_Clark,Q5919682,1914-09-15,1942-05-08,,death in battle,confirmed,10097,10097,"27 years, 235 days",military officer,,,,,,,
Fritz Zängl,https://en.wikipedia.org/wiki/Fritz_Z%C3%A4ngl,Q1469066,1914-12-13,1942-05-21,,,confirmed,10021,10021,"27 years, 159 days",biathlete; ski mountaineer,,,,,,,
Edward Darling,https://en.wikipedia.org/wiki/Edward_Darling_(RAF_officer),Q136592836,1914-10-11,1942-06-02,,,confirmed,10096,10096,"27 years, 234 days",airman,,,,,,,
Heinrich Eppen,https://en.wikipedia.org/wiki/Heinrich_Eppen,Q5700072,1915-03-29,1942-06-04,,,confirmed,9929,9929,"27 years, 67 days",soldier,,,,,,,
Ivanka Škrabec Novak,https://en.wikipedia.org/wiki/Ivanka_%C5%A0krabec_Novak,Q18507973,1915-03-17,1942-06-04,,homicide,confirmed,9941,9941,"27 years, 79 days",teacher,,,,,,,
John P. Gray,https://en.wikipedia.org/wiki/John_P._Gray_(naval_officer),Q6251582,1914-12-22,1942-06-04,,,confirmed,10026,10026,"27 years, 164 days",military officer,,,,,,,
John Q. Roberts,https://en.wikipedia.org/wiki/John_Q._Roberts,Q6253633,1914-09-02,1942-06-04,,,confirmed,10137,10137,"27 years, 275 days",military officer,,,,,,,
John Thomas Eversole,https://en.wikipedia.org/wiki/John_T._Eversole,Q6259978,1915-04-17,1942-06-04,,,confirmed,9910,9910,"27 years, 48 days",military officer,,,,,,,
John W. Brock,https://en.wikipedia.org/wiki/John_W._Brock,Q14585996,1914-08-15,1942-06-04,,death in battle,confirmed,10155,10155,"27 years, 293 days",military officer,,,,,,,
Mile Mećava,https://en.wikipedia.org/wiki/Mile_Me%C4%87ava,Q12755351,1915,1942-06-04,,,possible,9652,10016,"26 years, 155 days to 27 years, 154 days",military personnel,,,,,,,
Osborne B. Wiseman,https://en.wikipedia.org/wiki/Osborne_B._Wiseman,Q7105779,1915-02-20,1942-06-04,,,confirmed,9966,9966,"27 years, 104 days",military officer,,,,,,,
Oswald J. Gaynier,https://en.wikipedia.org/wiki/Oswald_J._Gaynier,Q7108132,1915-03-04,1942-06-04,,,confirmed,9954,9954,"27 years, 92 days",military officer,,,,,,,
Patrick H. Hart,https://en.wikipedia.org/wiki/Patrick_H._Hart,Q14590937,1915-05-31,1942-06-04,,,confirmed,9866,9866,"27 years, 4 days",military officer,,,,,,,
Severin Louis Rombach,https://en.wikipedia.org/wiki/Severin_Louis_Rombach,Q7457880,1914-11-26,1942-06-04,,,confirmed,10052,10052,"27 years, 190 days",military officer,,,,,,,
William W. Abercrombie,https://en.wikipedia.org/wiki/William_Abercrombie,Q8004109,1914-07-24,1942-06-04,,,confirmed,10177,10177,"27 years, 315 days",military officer,,,,,,,
Adolf Opálka,https://en.wikipedia.org/wiki/Adolf_Op%C3%A1lka,Q2697962,1915-01-04,1942-06-18,,suicide,confirmed,10027,10027,"27 years, 165 days",military personnel,,,,,,,
Josef Valčík,https://en.wikipedia.org/wiki/Josef_Val%C4%8D%C3%ADk,Q1978320,1914-11-02,1942-06-18,,suicide,confirmed,10090,10090,"27 years, 228 days",military personnel,,,,,,,
Evžen Rošický,https://en.wikipedia.org/wiki/Ev%C5%BEen_Ro%C5%A1ick%C3%BD,Q474304,1914-10-15,1942-06-25,gunshot wound,homicide,confirmed,10115,10115,"27 years, 253 days",athletics competitor; editing staff; journalist; opinion journalist; writer,,,,,,,
Raymond Lindeman,https://en.wikipedia.org/wiki/Raymond_Lindeman,Q7298962,1915,1942-06-29,,,possible,9677,10041,"26 years, 180 days to 27 years, 179 days",ecologist; environmentalist; limnologist,,,,,,,
Mac Ramsay,https://en.wikipedia.org/wiki/Mac_Ramsay,Q124250322,1914-08-27,1942-07-01,,,confirmed,10170,10170,"27 years, 308 days",military personnel; rugby union player,,,,,,,
Heinz Bevernis,https://en.wikipedia.org/wiki/Heinz_Bevernis,Q13582316,1914-12-11,1942-07-19,,,confirmed,10082,10082,"27 years, 220 days",military personnel,,,,,,,
Erich Etienne,https://en.wikipedia.org/wiki/Erich_Etienne,Q1352153,1915-02-24,1942-07-23,,,confirmed,10011,10011,"27 years, 149 days",aircraft pilot,,,,,,,
George Scott,"https://en.wikipedia.org/wiki/George_Scott_(footballer,_born_1915)",Q30605416,1915-06-11,1942-07-26,,,confirmed,9907,9907,"27 years, 45 days",association football player,,,,,,,
Gratien Fernando,https://en.wikipedia.org/wiki/Gratien_Fernando,Q5597682,1915,1942-08-05,gunshot wound,,possible,9714,10078,"26 years, 217 days to 27 years, 216 days",military personnel,,,,,,,
Bronisław Kostkowski,https://en.wikipedia.org/wiki/Bronis%C5%82aw_Kostkowski,Q4235454,1915-03-11,1942-08-06,,,confirmed,10010,10010,"27 years, 148 days",,,,,,,,
Maria Aloysia Löwenfels,https://en.wikipedia.org/wiki/Maria_Aloysia_L%C3%B6wenfels,Q22670393,1915-07-05,1942-08-09; 1942-09-30,,,confirmed,9897,9949,"27 years, 35 days to 27 years, 87 days",nun,,,,,,,
Akim Samar,https://en.wikipedia.org/wiki/Akim_Samar,Q4701023,1916-04; 1916-05-15,1942-08-15; 1943-08-26,,,possible,9588,10008,"26 years, 92 days to 27 years, 147 days",military personnel; poet; writer,,,,,,,
Heinrich-Wilhelm Ahnert,https://en.wikipedia.org/wiki/Heinrich-Wilhelm_Ahnert,Q5699913,1915-04-29,1942-08-23,,death in battle,confirmed,9978,9978,"27 years, 116 days",aircraft pilot,,,,,,,
Horst Rosenthal,https://en.wikipedia.org/wiki/Horst_Rosenthal,Q50362078,1915-08-10,1942-09,,,confirmed,9884,9913,"27 years, 22 days to 27 years, 51 days",cartoonist; comics artist; illustrator; painter,,,,,,,
Ernest Herbert,https://en.wikipedia.org/wiki/Ernie_Herbert_(rugby_league),Q16199366,1914,1942-09-18,,,possible,10123,10487,"27 years, 261 days to 28 years, 260 days",rugby league player,,,,,,,
Dennis Higgins,https://en.wikipedia.org/wiki/Dennis_Higgins_(footballer),Q26837625,1915,1942-09-25,,,possible,9765,10129,"26 years, 268 days to 27 years, 267 days",association football player,,,,,,,
Adolf Baumgarten,https://en.wikipedia.org/wiki/Adolf_Baumgarten,Q4684054,1915-05-03,1942-10-02,,,confirmed,10014,10014,"27 years, 152 days",boxer,,,,,,,
Mikhail Panikakha,https://en.wikipedia.org/wiki/Mikhail_Panikakha,Q4343974,1914,1942-10-02,,,possible,10137,10501,"27 years, 275 days to 28 years, 274 days",military personnel,,,,,,,
Henry Davidson,https://en.wikipedia.org/wiki/Henry_Davidson_(RAF_officer),Q140321593,1915-07-11,1942-10-06,,,confirmed,9949,9949,"27 years, 87 days",aircraft pilot,,,,,,,
William P. Kephart,https://en.wikipedia.org/wiki/William_P._Kephart,Q8016472,1915-09-09,1942-10-14,,,confirmed,9897,9897,"27 years, 35 days",military officer,,,,,,,
Alfred Naifeh,https://en.wikipedia.org/wiki/Alfred_Naifeh,Q26503727,1915-01-05,1942-10-16,,,confirmed,10146,10146,"27 years, 284 days",,,,,,,,
Kiyonobu Suzuki,https://en.wikipedia.org/wiki/Kiyonobu_Suzuki_(pilot),Q6419055,1914,1942-10-26,,,possible,10161,10525,"27 years, 299 days to 28 years, 298 days",military personnel,,,,,,,
Ulrich Alexander Boschwitz,https://en.wikipedia.org/wiki/Ulrich_Alexander_Boschwitz,Q2475504,1915-04-19,1942-10-29,,,confirmed,10055,10055,"27 years, 193 days",writer,,,,,,,
George Thomas Sullivan,https://en.wikipedia.org/wiki/George_Thomas_Sullivan,Q135088113,1914-12-14,1942-11; 1942-11-13; 1942-11-18,,,confirmed,10184,10213,"27 years, 322 days to 27 years, 351 days",,,,,,,,
Carl W. Weiss,https://en.wikipedia.org/wiki/Carl_W._Weiss,Q5040923,1915-03-27,1942-11-02,,,confirmed,10082,10082,"27 years, 220 days",military personnel,,,,,,,
Albert T. Harris,https://en.wikipedia.org/wiki/Albert_T._Harris,Q4711299,1915-08-29,1942-11-12,,,confirmed,9937,9937,"27 years, 75 days",military officer,,,,,,,
Frank Greenwood,https://en.wikipedia.org/wiki/Frank_Greenwood_(naval_officer),Q5486945,1915-01-10,1942-11-12,,,confirmed,10168,10168,"27 years, 306 days",military officer,,,,,,,
Keith Pettiford,https://en.wikipedia.org/wiki/Keith_Pettiford,Q97154257,1915-02-15,1942-11-20,,,confirmed,10140,10140,"27 years, 278 days",military personnel,,,,,,,
Carmelo Borg Pisani,https://en.wikipedia.org/wiki/Carmelo_Borg_Pisani,Q1074175,1915-08-10,1942-11-28,hanging to death,capital punishment,confirmed,9972,9972,"27 years, 110 days",artist; painter; spy,,,,,,,
Colin Perry,https://en.wikipedia.org/wiki/Colin_Perry,Q23041958,1914,1942-11-28,,,possible,10194,10558,"27 years, 332 days to 28 years, 331 days",association football player,,,,,,,
Licio Visintini,https://en.wikipedia.org/wiki/Licio_Visintini,Q3832009,1915-02-12,1942-12-08,,,confirmed,10161,10161,"27 years, 299 days",military personnel,,,,,,,
Heinz Körvers,https://en.wikipedia.org/wiki/Heinz_K%C3%B6rvers,Q1600529,1915-07-03,1942-12-29,,,confirmed,10041,10041,"27 years, 179 days",athlete; firefighter; handball player,,,,,,,
Valter Neeris,https://en.wikipedia.org/wiki/Valter_Neeris,Q4008353,1915-03-21,1942-12-30,,,confirmed,10146,10146,"27 years, 284 days",association football player,,,,,,,
Abdulah Čamo,https://en.wikipedia.org/wiki/Abdulah_%C4%8Camo,Q20525835,1916,1943,,,possible,9497,10226,"26 years, 1 day to 27 years, 364 days",military personnel,,,,,,,
Antun Blažić,https://en.wikipedia.org/wiki/Antun_Bla%C5%BEi%C4%87,Q4777443,1916-05-28,1943; 1943-09,,,possible,9714,10078,"26 years, 218 days to 27 years, 217 days",military personnel,,,,,,,
Božidar Ćosović-Javorski,https://en.wikipedia.org/wiki/Bo%C5%BEidar_%C4%86osovi%C4%87,Q15206966,1916,1943,,,possible,9497,10226,"26 years, 1 day to 27 years, 364 days",military personnel,,,,,,,
Edward Gerstenfeld,https://en.wikipedia.org/wiki/Edward_Gerstenfeld,Q4137645,1915,1943,,unnatural death,possible,9863,10591,"27 years, 1 day to 28 years, 364 days",chess player,,,,,,,
Fehim Musakadić,https://en.wikipedia.org/wiki/Fehim_Musakadi%C4%87,Q24718728,1915,1943,,,possible,9863,10591,"27 years, 1 day to 28 years, 364 days",military personnel,,,,,,,
Hans Wilhelm Hupp,https://en.wikipedia.org/wiki/Hans_Wilhelm_Hupp,Q48441175,1916,1943,,,possible,9497,10226,"26 years, 1 day to 27 years, 364 days",art historian,,,,,,,
Hayri Arsebük,https://en.wikipedia.org/wiki/Hayri_Arseb%C3%BCk,Q3313689,1915-02-08,1943,,,possible,10189,10553,"27 years, 327 days to 28 years, 326 days",basketball player,,,,,,,
Imre Mándi,https://en.wikipedia.org/wiki/Imre_M%C3%A1ndi,Q1212111,1916-11-22,1943,,,possible,9536,9900,"26 years, 40 days to 27 years, 39 days",boxer,,,,,,,
Karlrobert Kreiten,https://en.wikipedia.org/wiki/Karlrobert_Kreiten,Q95432,1916-06-26,1943; 1943-09-07,hanging to death,capital punishment,possible,9685,10049,"26 years, 189 days to 27 years, 188 days",musician; pianist,,,,,,,
Kenji Okabe,https://en.wikipedia.org/wiki/Kenji_Okabe,Q6389351,1915,1943,,,possible,9863,10591,"27 years, 1 day to 28 years, 364 days",military personnel,,,,,,,
Louis Werfel,https://en.wikipedia.org/wiki/Louis_Werfel,Q6688368,1916,1943,,,possible,9497,10226,"26 years, 1 day to 27 years, 364 days",rabbi,,,,,,,
Marian Kozłowski,https://en.wikipedia.org/wiki/Marian_Koz%C5%82owski_(canoeist),Q287024,1915-06-06,1943,,,possible,10071,10435,"27 years, 209 days to 28 years, 208 days",canoeist,,,,,,,
Mordechaj Tenenbaum,https://en.wikipedia.org/wiki/Mordechai_Tenenbaum,Q321498,1916,1943,,suicide,possible,9497,10226,"26 years, 1 day to 27 years, 364 days",activist; resistance fighter,,,,,,,
Slobodan Bajić Paja,https://en.wikipedia.org/wiki/Slobodan_Baji%C4%87_Paja,Q1256617,1916-06-26,1943,,,possible,9685,10049,"26 years, 189 days to 27 years, 188 days",,,,,,,,
Mirče Acev,https://en.wikipedia.org/wiki/Mir%C4%8De_Acev,Q2984520,1915-10-20,1943-01-04,,,confirmed,9938,9938,"27 years, 76 days",student,,,,,,,
Strašo Pindžur,https://en.wikipedia.org/wiki/Stra%C5%A1o_Pind%C5%BEur,Q3397162,1915-03-15,1943-01-04,,unnatural death,confirmed,10157,10157,"27 years, 295 days",revolutionary,,,,,,,
Bruno Jesi,https://en.wikipedia.org/wiki/Bruno_Jesi,Q3645802,1916-01-11,1943-01-11,,,confirmed,9862,9862,"27 years, 0 days",military personnel,,,,,,,
Henner Henkel,https://en.wikipedia.org/wiki/Henner_Henkel,Q647833,1915-10-09,1943-01-13,hypothermia,,confirmed,9958,9958,"27 years, 96 days",tennis player,,,,,,,
Bruce Godfrey Brackett,https://en.wikipedia.org/wiki/Bruce_Godfrey_Brackett,Q4977556,1915-10-16,1943-01-14,,death in battle,confirmed,9952,9952,"27 years, 90 days",military officer,,,,,,,
Mahmud Amayev,https://en.wikipedia.org/wiki/Mahmud_Amayev,Q4063881,1916,1943-02-22,,,possible,9549,9914,"26 years, 53 days to 27 years, 52 days",,,,,,,,
Herbert Schneider,https://en.wikipedia.org/wiki/Herbert_Schneider_(officer),Q4525811,1915-06-25,1943-02-23,,,confirmed,10105,10105,"27 years, 243 days",Marineoffizier; soldier; submariner,,,,,,,
Friedrich Banach,https://en.wikipedia.org/wiki/Friedrich_Banach,Q5503756,1916-01-02,1943-03-13,,,confirmed,9932,9932,"27 years, 70 days",,,,,,,,
Eric Anderson,https://en.wikipedia.org/wiki/Eric_Anderson_(VC),Q5386019,1915-09-15,1943-04-06,,,confirmed,10065,10065,"27 years, 203 days",military personnel,,,,,,,
Herb Bonn,https://en.wikipedia.org/wiki/Herb_Bonn,Q24203375,1916-01-14,1943-04-07,,,confirmed,9945,9945,"27 years, 83 days",basketball player,,,,,,,
Helmut Fiehn,https://en.wikipedia.org/wiki/Helmut_Fiehn,Q10294562,1916-02-19,1943-04-23,,,confirmed,9925,9925,"27 years, 63 days",Marineoffizier; soldier; submariner,,,,,,,
Arvid Storsveen,https://en.wikipedia.org/wiki/Arvid_Storsveen,Q4802447,1915-07-09,1943-04-27,,,confirmed,10154,10154,"27 years, 292 days",engineer,,,,,,,
Heribert Sperner,https://en.wikipedia.org/wiki/Heribert_Sperner,Q5738431,1915-09-06,1943-04-28,,,confirmed,10096,10096,"27 years, 234 days",association football player,,,,,,,
Heinz Strelow,https://en.wikipedia.org/wiki/Heinz_Strelow,Q104459,1915-07-15,1943-05-13,decapitation,capital punishment,confirmed,10164,10164,"27 years, 302 days",resistance fighter,,,,,,,
Dinghy Young,https://en.wikipedia.org/wiki/Dinghy_Young,Q5278202,1915-05-20,1943-05-17,,death in battle,confirmed,10224,10224,"27 years, 362 days",airman,,,,,,,
Henry Thingstad,https://en.wikipedia.org/wiki/Henry_Thingstad,Q5729115,1916-04-09,1943-05-19,gunshot wound,,confirmed,9901,9901,"27 years, 40 days",military personnel; politician; watchmaker,,,,,,,
George Bullock,https://en.wikipedia.org/wiki/George_Bullock_(footballer),Q62995264,1916-01-02,1943-05-31,,,confirmed,10011,10011,"27 years, 149 days",association football player,,,,,,,
Umer Aqmolla Adamanov,https://en.wikipedia.org/wiki/Umer_Adamanov,Q9366527,1916-04-15,1943-06-01,,,confirmed,9908,9908,"27 years, 47 days",military personnel,,,,,,,
Asim Zeneli,https://en.wikipedia.org/wiki/Asim_Zeneli,Q4806982,1916,1943-07-02,,,possible,9679,10044,"26 years, 183 days to 27 years, 182 days",military personnel,,,,,,,
Arthur Hodgkinson,https://en.wikipedia.org/wiki/Arthur_Hodgkinson_(RAF_officer),Q131367443,1916,1943-07-10,,,possible,9687,10052,"26 years, 191 days to 27 years, 190 days",military personnel,,,,,,,
Zygmunt Rumel,https://en.wikipedia.org/wiki/Zygmunt_Rumel,Q8075810,1915,1943-07-10,,death in battle,possible,10053,10417,"27 years, 191 days to 28 years, 190 days",military officer; poet; writer,,,,,,,
Graham Hayes,https://en.wikipedia.org/wiki/Graham_Hayes,Q22004850,1916,1943-07-13,gunshot wound,,possible,9690,10055,"26 years, 194 days to 27 years, 193 days",military personnel,,,,,,,
Günther Tonne,https://en.wikipedia.org/wiki/G%C3%BCnther_Tonne,Q5627084,1916-05-21,1943-07-15,,,confirmed,9916,9916,"27 years, 55 days",,,,,,,,
Vittoria Nenni,https://en.wikipedia.org/wiki/Vittoria_Nenni,Q4015223,1915-10-31,1943-07-15,,,confirmed,10119,10119,"27 years, 257 days",partisan; resistance fighter,,,,,,,
Antonina Lebedeva,https://en.wikipedia.org/wiki/Antonina_Lebedeva,Q4255827,1916-03-29,1943-07-17,,death in battle,confirmed,9971,9971,"27 years, 110 days",fighter pilot; military aviator,,,,,,,
Hans-Detloff von Cossel,https://en.wikipedia.org/wiki/Hans-Detloff_von_Cossel,Q10307752,1916-07-01,1943-07-22,,,confirmed,9882,9882,"27 years, 21 days",military personnel,,,,,,,
Fritz Dinger,https://en.wikipedia.org/wiki/Fritz_Dinger,Q5504895,1915-08-20,1943-07-27,,,confirmed,10203,10203,"27 years, 341 days",military personnel,,,,,,,
Otto Tange,https://en.wikipedia.org/wiki/Otto_Tange,Q7109848,1915-09-22,1943-07-30,,,confirmed,10173,10173,"27 years, 311 days",aircraft pilot,,,,,,,
Ursula Goetze,https://en.wikipedia.org/wiki/Ursula_Goetze,Q108809,1916-03-29,1943-08-05,decapitation,,confirmed,9990,9990,"27 years, 129 days",resistance fighter; spy,,,,,,,
Kenneth Scott,https://en.wikipedia.org/wiki/Kenneth_Scott_(cricketer),Q15996162,1915-08-17,1943-08-09,,,confirmed,10219,10219,"27 years, 357 days",cricketer,,,,,,,
Eliyahu Giladi,https://en.wikipedia.org/wiki/Eliyahu_Giladi,Q12016611,1915,1943-08-17,gunshot wound,capital punishment,possible,10091,10455,"27 years, 229 days to 28 years, 228 days",,,,,,,,
Michał Rozenfeld,https://en.wikipedia.org/wiki/Micha%C5%82_Rozenfeld,Q11779178,1916,1943-09-02,,death in battle,possible,9741,10106,"26 years, 245 days to 27 years, 244 days",resistance fighter,,,,,,,
Robert Dafforn,https://en.wikipedia.org/wiki/Robert_Dafforn,Q123000637,1916-03-02,1943-09-09,,,confirmed,10052,10052,"27 years, 191 days",military personnel,,,,,,,
Gabriel Plançon,https://en.wikipedia.org/wiki/Gabriel_Plan%C3%A7on,Q3093912,1916-07-10,1943-09-14,,,confirmed,9927,9927,"27 years, 66 days",French resistance fighter; unit record equipment,,,,,,,
Hans-Hartwig Trojer,https://en.wikipedia.org/wiki/Hans-Hartwig_Trojer,Q2455029,1916-01-22,1943-09-27,,,confirmed,10110,10110,"27 years, 248 days",soldier,,,,,,,
Trentino La Barba,https://en.wikipedia.org/wiki/Trentino_La_Barba,Q1297179,1915,1943-10-05,,,possible,10140,10504,"27 years, 278 days to 28 years, 277 days",partisan; soldier,,,,,,,
Siegfried Graetschus,https://en.wikipedia.org/wiki/Siegfried_Graetschus,Q106064,1916-06-09,1943-10-14,injury,homicide,confirmed,9988,9988,"27 years, 127 days",,,,,,,,
Ivan Sytov,https://en.wikipedia.org/wiki/Ivan_Sytov,Q11927016,1916-06-13,1943-10-16,,death in battle,confirmed,9986,9986,"27 years, 125 days",flying ace,,,,,,,
James Alexander,https://en.wikipedia.org/wiki/James_Alexander_(cricketer),Q23580716,1916-09-03,1943-10-23,,,confirmed,9911,9911,"27 years, 50 days",cricketer,,,,,,,
Leonard Siffleet,https://en.wikipedia.org/wiki/Leonard_Siffleet,Q5195494,1916-01-14,1943-10-24,decapitation; execution,death in battle; extra-judicial killing; unnatural death,confirmed,10145,10145,"27 years, 283 days",military officer,,,,,,,
Mateen Ansari,https://en.wikipedia.org/wiki/Mateen_Ansari,Q6786367,1915,1943-10-29,decapitation,,possible,10164,10528,"27 years, 302 days to 28 years, 301 days",military personnel,,,,,,,
Lee Kizzire,https://en.wikipedia.org/wiki/Lee_Kizzire,Q6514329,1915-12-21,1943-11,,,confirmed,10177,10206,"27 years, 315 days to 27 years, 344 days",American football player,,,,,,,
Joachim Dittmer,https://en.wikipedia.org/wiki/Joachim_Dittmer,Q35674995,1915-11-26,1943-11-03,,,confirmed,10204,10204,"27 years, 342 days",,,,,,,,
Georg Staats,https://en.wikipedia.org/wiki/Georg_Staats,Q4526653,1916-03-13,1943-11-12,,,confirmed,10105,10105,"27 years, 244 days",Marineoffizier; soldier; submariner,,,,,,,
Ivo Lola Ribar,https://en.wikipedia.org/wiki/Ivo_Lola_Ribar,Q1265884,1916-04-23,1943-11-27,airstrike,,confirmed,10079,10079,"27 years, 218 days",partisan; politician,,,,,,,
Robin Whetherly,https://en.wikipedia.org/wiki/Robin_Whetherly,Q18737261,1916-07-23,1943-11-27,,,confirmed,9988,9988,"27 years, 127 days",cricketer,,,,,,,
Adolf Pietrasiak,https://en.wikipedia.org/wiki/Adolf_Pietrasiak,Q9141110,1916-11-17,1943-11-29,,,confirmed,9873,9873,"27 years, 12 days",flying ace; military officer,,,,,,,
Mikio Hasemoto,https://en.wikipedia.org/wiki/Mikio_Hasemoto,Q3246701,1916-07-13,1943-11-29; 1943-12-01,,,confirmed,10000,10002,"27 years, 139 days to 27 years, 141 days",military personnel,,,,,,,
Harry Silk,https://en.wikipedia.org/wiki/Harry_Silk,Q5672367,1916-08-14,1943-12-04,,,confirmed,9973,9973,"27 years, 112 days",military personnel,,,,,,,
Tristan Ballance,https://en.wikipedia.org/wiki/Tristan_Ballance,Q65613055,1916-04-21,1943-12-04,,,confirmed,10088,10088,"27 years, 227 days",cricketer; military personnel,,,,,,,
Trevor Freeman,https://en.wikipedia.org/wiki/Trevor_Freeman,Q75790906,1916-06-05,1943-12-17,,,confirmed,10056,10056,"27 years, 195 days",,,,,,,,
Addi Bâ,https://en.wikipedia.org/wiki/Addi_B%C3%A2,Q2824137,1916,1943-12-18,gunshot wound,capital punishment,possible,9848,10213,"26 years, 352 days to 27 years, 351 days",French resistance fighter; resistance fighter,,,,,,,
Dimitar Spisarevski,https://en.wikipedia.org/wiki/Dimitar_Spisarevski,Q4431343,1916-07-19,1943-12-20,,aerial ramming; suicide,confirmed,10015,10015,"27 years, 154 days",aircraft pilot; fighter pilot; military officer; military personnel,,,,,,,
William Dyess,https://en.wikipedia.org/wiki/William_E._Dyess,Q8008170,1916-08-09,1943-12-22,,,confirmed,9996,9996,"27 years, 135 days",aircraft pilot,,,,,,,
Janko Gredelj,https://en.wikipedia.org/wiki/Janko_Gredelj,Q6154837,1916-03-28,1943-12-23,,,confirmed,10131,10131,"27 years, 270 days",politician,,,,,,,
William Maxfield,https://en.wikipedia.org/wiki/William_Maxfield_(cyclist),Q65598482,1916,1943-12-27,,,possible,9857,10222,"26 years, 361 days to 27 years, 360 days",sport cyclist,,,,,,,
Hiley Bamsey,https://en.wikipedia.org/wiki/Hiley_Bamsey,Q94372480,1916-10-08,1943-12-31,,,confirmed,9945,9945,"27 years, 84 days",association football player,,,,,,,
Calel Perechodnik,https://en.wikipedia.org/wiki/Calel_Perechodnik,Q951881,1916-09-08,1944,,,possible,9976,10341,"27 years, 115 days to 28 years, 114 days",agricultural engineer; agronomist; diarist; police officer,,,,,,,
Don Wemple,https://en.wikipedia.org/wiki/Don_Wemple,Q5293702,1917-10-14,1944,,,possible,9575,9940,"26 years, 79 days to 27 years, 78 days",American football player; military personnel,,,,,,,
Ernest Hall,https://en.wikipedia.org/wiki/Ernest_Hall_(footballer),Q5393198,1916-08-06,1944,,,possible,10009,10374,"27 years, 148 days to 28 years, 147 days",association football player,,,,,,,
Evalyn Bostock,https://en.wikipedia.org/wiki/Evalyn_Bostock,Q114592408,1917-03-08,1944,,,possible,9795,10160,"26 years, 299 days to 27 years, 298 days",actor; film actor,,,,,,,
Jack Simpson,https://en.wikipedia.org/wiki/Jack_Simpson_(rugby_league),Q65053326,1917,1944,,,possible,9497,10226,"26 years, 1 day to 27 years, 365 days",military personnel; rugby league player,,,,,,,
María Scheller Zambrano,https://en.wikipedia.org/wiki/Mar%C3%ADa_Scheller_Zambrano,Q59662067,1917,1944,,,possible,9497,10226,"26 years, 1 day to 27 years, 365 days",composer,,,,,,,
Nemesio de Guzman,https://en.wikipedia.org/wiki/Nemesio_de_Guzman,Q30133329,1916-12-08,1944,,,possible,9885,10250,"27 years, 24 days to 28 years, 23 days",sprinter,,,,,,,
Zuzanna Ginczanka,https://en.wikipedia.org/wiki/Zuzanna_Ginczanka,Q8075489,1917-03-21,1944,,homicide,possible,9782,10147,"26 years, 286 days to 27 years, 285 days",linguist; poet; translator; writer,,,,,,,
Lance C. Wade,https://en.wikipedia.org/wiki/Lance_C._Wade,Q6483342,1916-11-18,1944-01-12,,,confirmed,9916,9916,"27 years, 55 days",flying ace,,,,,,,
John Verdun Newton,https://en.wikipedia.org/wiki/John_Verdun_Newton,Q18639986,1916-04-12,1944-01-14,,,confirmed,10138,10138,"27 years, 277 days",politician,,,,,,,
Heinrich Prinz zu Sayn-Wittgenstein,https://en.wikipedia.org/wiki/Heinrich_Prinz_zu_Sayn-Wittgenstein,Q70644,1916-08-14,1944-01-21,,death in battle,confirmed,10021,10021,"27 years, 160 days",aircraft pilot; military personnel,,,,,,,
John Wesley Johnson Jr.,https://en.wikipedia.org/wiki/John_Wesley_Johnson_Jr.,Q108284006,1916-03-03,1944-02-09,,,confirmed,10204,10204,"27 years, 343 days",baseball player,,,,,,,
Theodore Kara,https://en.wikipedia.org/wiki/Theodore_Kara,Q7781863,1916-04-02,1944-02-14,,,confirmed,10179,10179,"27 years, 318 days",boxer,,,,,,,
Osman Kasayev,https://en.wikipedia.org/wiki/Osman_Kasaev,Q15068427,1916-10-11,1944-02-18,,,confirmed,9991,9991,"27 years, 130 days",military personnel,,,,,,,
Celestino Alfonso,https://en.wikipedia.org/wiki/Celestino_Alfonso,Q2943919,1916-05-01,1944-02-21,gunshot wound,,confirmed,10157,10157,"27 years, 296 days",French resistance fighter; military personnel; partisan; woodworker,,,,,,,
David Day,https://en.wikipedia.org/wiki/David_Day_(cricketer),Q105078785,1916-03-30,1944-02-22,,,confirmed,10190,10190,"27 years, 329 days",cricketer; military personnel,,,,,,,
Tuleugali Abdybekov,https://en.wikipedia.org/wiki/Tuleugali_Abdybekov,Q4054646,1916-09,1944-02-23,,,confirmed,10007,10036,"27 years, 146 days to 27 years, 175 days",sniper,,,,,,,
Gerhard Loos,https://en.wikipedia.org/wiki/Gerhard_Loos,Q5550717,1916-08-21,1944-03-06,,death in battle,confirmed,10059,10059,"27 years, 198 days",airman,,,,,,,
Thomas J. Lynch,https://en.wikipedia.org/wiki/Thomas_J._Lynch,Q27924884,1916-12-09,1944-03-08,,death in battle,confirmed,9951,9951,"27 years, 90 days",airman,,,,,,,
Emil Bitsch,https://en.wikipedia.org/wiki/Emil_Bitsch,Q5371185,1916-06-14,1944-03-15,,,confirmed,10136,10136,"27 years, 275 days",flying ace; military officer,,,,,,,
Henri Picard,https://en.wikipedia.org/wiki/Henri_Picard,Q2380533,1916-04-17,1944-03-25,gunshot wound,,confirmed,10204,10204,"27 years, 343 days",aircraft pilot,,,,,,,
Hedley Fowler,https://en.wikipedia.org/wiki/Hedley_Fowler,Q5697459,1916-06-08,1944-03-26,,,confirmed,10153,10153,"27 years, 292 days",aircraft pilot,,,,,,,
Leslie George Bull,https://en.wikipedia.org/wiki/Leslie_George_Bull,Q20870304,1916-08-07,1944-03-29,,,confirmed,10096,10096,"27 years, 235 days",military personnel,,,,,,,
Al Hake,https://en.wikipedia.org/wiki/Al_Hake,Q20984641,1916-06-30,1944-03-31,execution by shooting,,confirmed,10136,10136,"27 years, 275 days",military personnel,,,,,,,
Sharifzyan Kazanbaev,https://en.wikipedia.org/wiki/Sharifzyan_Kazanbaev,Q13208417,1916-11-16,1944-04-01,,,confirmed,9998,9998,"27 years, 137 days",military personnel,,,,,,,
Richard John Cork,https://en.wikipedia.org/wiki/Richard_John_Cork,Q15434152,1917-04-04,1944-04-14,,,confirmed,9872,9872,"27 years, 10 days",aircraft pilot,,,,,,,
Pius Butz,https://en.wikipedia.org/wiki/Pius_Butz,Q10350139,1916-04-23,1944-04-16,,,confirmed,10220,10220,"27 years, 359 days",,,,,,,,
Elmer Gedeon,https://en.wikipedia.org/wiki/Elmer_Gedeon,Q2306581,1917-04-15,1944-04-20,,death in battle,confirmed,9867,9867,"27 years, 5 days",American football player; athletics competitor; baseball player; military personnel,,,,,,,
Gerry Atwell,https://en.wikipedia.org/wiki/Gerry_Atwell,Q97451323,1917-01-16,1944-04-20,,,confirmed,9956,9956,"27 years, 95 days",military personnel; rugby league player,,,,,,,
Allen L. Seaman,https://en.wikipedia.org/wiki/Allen_L._Seaman,Q4731747,1916-12-21,1944-05-01,,,confirmed,9993,9993,"27 years, 132 days",military officer,,,,,,,
David Clyne,https://en.wikipedia.org/wiki/David_Clyne,Q33395197,1916-07-01,1944-05-12,,,confirmed,10177,10177,"27 years, 316 days",association football player,,,,,,,
Wolfgang Martin,https://en.wikipedia.org/wiki/Wolfgang_Martin_(pilot),Q8030100,1916-09-11,1944-05-13,,,confirmed,10106,10106,"27 years, 245 days",,,,,,,,
John W. Dutko,https://en.wikipedia.org/wiki/John_W._Dutko,Q6262251,1916-10-24,1944-05-23,,,confirmed,10073,10073,"27 years, 212 days",military personnel,,,,,,,
Otto Menges,https://en.wikipedia.org/wiki/Otto_Menges,Q15995950,1917-05-09,1944-05-24,,,confirmed,9877,9877,"27 years, 15 days",,,,,,,,
Sylvester Antolak,https://en.wikipedia.org/wiki/Sylvester_Antolak,Q7660762,1916-09-10,1944-05-24,,,confirmed,10118,10118,"27 years, 257 days",soldier,,,,,,,
"Friedrich-Karl ""Tutti"" Müller",https://en.wikipedia.org/wiki/Friedrich-Karl_%22Tutti%22_M%C3%BCller,Q4310045,1916-12-25,1944-05-29,,,confirmed,10017,10017,"27 years, 156 days",aircraft pilot; military personnel,,,,,,,
Martin Möbus,https://en.wikipedia.org/wiki/Martin_M%C3%B6bus,Q6776243,1917-05-09,1944-06-02,,,confirmed,9886,9886,"27 years, 24 days",aircraft pilot,,,,,,,
Eddie Gatto,https://en.wikipedia.org/wiki/Eddie_Gatto,Q107476115,1916-12-26,1944-06-09,,,confirmed,10027,10027,"27 years, 166 days",American football player,,,,,,,
Andrew Mynarski,https://en.wikipedia.org/wiki/Andrew_Mynarski,Q4294012,1916-10-14,1944-06-13,,death in battle,confirmed,10104,10104,"27 years, 243 days",airman,,,,,,,
Alfred Günther,https://en.wikipedia.org/wiki/Alfred_G%C3%BCnther,Q4722763,1917-04-25,1944-06-15,,,confirmed,9913,9913,"27 years, 51 days",military personnel,,,,,,,
Albert Clarke,https://en.wikipedia.org/wiki/Albert_Clarke,Q4709932,1916-12-25,1944-06-16,,,confirmed,10035,10035,"27 years, 174 days",association football player,,,,,,,
Josef Wurmheller,https://en.wikipedia.org/wiki/Josef_Wurmheller,Q98060,1917-05-04,1944-06-22,,,confirmed,9911,9911,"27 years, 49 days",fighter pilot,,,,,,,
Børge Johannes Lauritsen,https://en.wikipedia.org/wiki/B%C3%B8rge_Johannes_Lauritsen,Q18639429,1916-10-22,1944-06-23,,,confirmed,10106,10106,"27 years, 245 days",,,,,,,,
Michael Westergård Jensen,https://en.wikipedia.org/wiki/Michael_Westerg%C3%A5rd_Jensen,Q18737139,1916-10-25,1944-06-23,,,confirmed,10103,10103,"27 years, 242 days",merchant,,,,,,,
Nathan Baskind,https://en.wikipedia.org/wiki/Nathan_Baskind,Q131685234,1916,1944-06-23,,,possible,10036,10401,"27 years, 175 days to 28 years, 174 days",first lieutenant; military personnel,,,,,,,
George Bray McMillan,https://en.wikipedia.org/wiki/George_Bray_McMillan,Q53836043,1916-10-13,1944-06-24,,,confirmed,10116,10116,"27 years, 255 days",military officer,,,,,,,
Helmut Leicht,https://en.wikipedia.org/wiki/Helmut_Leicht,Q5709687,1916-11-02,1944-06-26,,,confirmed,10098,10098,"27 years, 237 days",,,,,,,,
Kazimierz Brenner,https://en.wikipedia.org/wiki/Kazimierz_Brenner,Q111273446,1917-06-01,1944-06-26,,death in battle,confirmed,9887,9887,"27 years, 25 days",saddler,,,,,,,
Mirza Gelovani,https://en.wikipedia.org/wiki/Mirza_Gelovani,Q3653273,1917-03-02,1944-06-26,,,confirmed,9978,9978,"27 years, 116 days",poet,,,,,,,
Hans-Jürgen Hellriegel,https://en.wikipedia.org/wiki/Hans-J%C3%BCrgen_Hellriegel,Q89717,1917-06-16,1944-07-02,,,confirmed,9878,9878,"27 years, 16 days",military personnel,,,,,,,
George Jordan,https://en.wikipedia.org/wiki/George_Jordan_(footballer),Q55639782,1917,1944-07-08,,,possible,9686,10050,"26 years, 190 days to 27 years, 189 days",association football player,,,,,,,
Heinz Bielfeld,https://en.wikipedia.org/wiki/Heinz_Bielfeld,Q10294316,1916-08-30,1944-07-11,,,confirmed,10177,10177,"27 years, 316 days",Marineoffizier; soldier; submariner,,,,,,,
Izidor Kovárik,https://en.wikipedia.org/wiki/Izidor_Kov%C3%A1rik,Q4180507,1917-03-29,1944-07-11,,accidental death,confirmed,9966,9966,"27 years, 104 days",military personnel,,,,,,,
Angela Brecelj,https://en.wikipedia.org/wiki/Angela_Brecelj,Q130396032,1916-10-07,1944-07-12,homicide by firearm,homicide,confirmed,10140,10140,"27 years, 279 days",shop assistant,,,,,,,
Rudolf Bayer,https://en.wikipedia.org/wiki/Rudolf_Bayer_(soldier),Q7377145,1917-03-10,1944-07-14,,,confirmed,9988,9988,"27 years, 126 days",,,,,,,,
Shigeo Arai,https://en.wikipedia.org/wiki/Shigeo_Arai,Q282899,1916-08-08,1944-07-19,,,confirmed,10207,10207,"27 years, 346 days",swimmer,,,,,,,
Ignazio Vian,https://en.wikipedia.org/wiki/Ignazio_Vian,Q3792381,1917-02-09,1944-07-22,hanging to death,,confirmed,10025,10025,"27 years, 164 days",military personnel; partisan,,,,,,,
George W. G. Boyce Jr.,https://en.wikipedia.org/wiki/George_W._G._Boyce_Jr.,Q15995847,1916-10-10,1944-07-23,,,confirmed,10148,10148,"27 years, 287 days",military personnel,,,,,,,
Leon Vance,https://en.wikipedia.org/wiki/Leon_Vance,Q6524935,1916-08-11,1944-07-26,,,confirmed,10211,10211,"27 years, 350 days",military personnel,,,,,,,
Horst Trebes,https://en.wikipedia.org/wiki/Horst_Trebes,Q1630012,1916-10-22,1944-07-29,,,confirmed,10142,10142,"27 years, 281 days",paratrooper,,,,,,,
Gazanfar Akbarov,https://en.wikipedia.org/wiki/Gazanfar_Akbarov,Q4059781,1917-04-04,1944-08-03,,,confirmed,9983,9983,"27 years, 121 days",military personnel,,,,,,,
"Hans Albrecht, Hereditary Prince of Schleswig-Holstein","https://en.wikipedia.org/wiki/Hans_Albrecht,_Hereditary_Prince_of_Schleswig-Holstein",Q5649733,1917-05-12,1944-08-10,,,confirmed,9952,9952,"27 years, 90 days",aristocrat,,,,,,,
Josef Moser,https://en.wikipedia.org/wiki/Josef_Moser_(cyclist),Q17388591,1917-01-24,1944-08-18,,,confirmed,10068,10068,"27 years, 207 days",sport cyclist,,,,,,,
Mikhail Adamovich Ivasik,https://en.wikipedia.org/wiki/Mikhail_Ivasik,Q15067328,1917-05-01,1944-08-18,,,confirmed,9971,9971,"27 years, 109 days",military personnel,,,,,,,
Sid Gueran,https://en.wikipedia.org/wiki/Sid_Gueran,Q10475382,1916-10-02,1944-08-19,,,confirmed,10183,10183,"27 years, 322 days",association football player,,,,,,,
"Charles Hope Petty-Fitzmaurice, 7th Marquess of Lansdowne","https://en.wikipedia.org/wiki/Charles_Petty-Fitzmaurice,_7th_Marquess_of_Lansdowne",Q1065765,1917-01-09,1944-08-20,,death in battle,confirmed,10085,10085,"27 years, 224 days",military personnel; politician,,,,,,,
Johannes Jakobs,https://en.wikipedia.org/wiki/Johannes_Jakobs,Q778793,1917-07-01,1944-08-24,,,confirmed,9916,9916,"27 years, 54 days",association football player,,,,,,,
Teresio Martinoli,https://en.wikipedia.org/wiki/Teresio_Vittorio_Martinoli,Q348750,1917-03-26,1944-08-25,aircraft crash,accidental death,confirmed,10014,10014,"27 years, 152 days",aircraft pilot,,,,,,,
Cy Gray,https://en.wikipedia.org/wiki/Cy_Gray,Q5197308,1917,1944-08-27,,,possible,9736,10100,"26 years, 240 days to 27 years, 239 days",military personnel,,,,,,,
Erich Olboeter,https://en.wikipedia.org/wiki/Erich_Olboeter,Q5388078,1917-07-26,1944-09-02,,,confirmed,9900,9900,"27 years, 38 days",,,,,,,,
George D. Keathley,https://en.wikipedia.org/wiki/George_D._Keathley,Q5538307,1917-03-10,1944-09-14,,,confirmed,10050,10050,"27 years, 188 days",military personnel,,,,,,,
David Murphy,"https://en.wikipedia.org/wiki/David_Murphy_(footballer,_born_1917)",Q104839745,1917-07-19,1944-09-19,,,confirmed,9924,9924,"27 years, 62 days",association football player; military personnel,,,,,,,
Oliver Morris,https://en.wikipedia.org/wiki/Oliver_Morris_(rugby),Q7087707,1916,1944-09-20,,,possible,10125,10490,"27 years, 264 days to 28 years, 263 days",rugby league player; rugby union player,,,,,,,
Raymond Zussman,https://en.wikipedia.org/wiki/Raymond_Zussman,Q7299253,1917-07-23; 1918-07-23,1944-09-21,,,possible,9557,9922,"26 years, 60 days to 27 years, 60 days",military personnel,,,,,,,
Robert E. Roeder,https://en.wikipedia.org/wiki/Robert_E._Roeder,Q7343881,1917-07-25,1944-09-28,,,confirmed,9927,9927,"27 years, 65 days",military personnel,,,,,,,
Franz Danowski,https://en.wikipedia.org/wiki/Franz_Danowski,Q5492730,1917-02-18,1944-10-10,,,confirmed,10096,10096,"27 years, 235 days",,,,,,,,
Andrew Haldane,https://en.wikipedia.org/wiki/Andrew_Haldane,Q3616264,1917-08-22,1944-10-12,,,confirmed,9913,9913,"27 years, 51 days",military officer,,,,,,,
Antonino Scaravilli,https://en.wikipedia.org/wiki/Antonino_Scaravilli,Q111221594,1917-03-17,1944-10-20,,death in battle,confirmed,10079,10079,"27 years, 217 days",partisan; university student,,,,,,,
Francis B. Wai,https://en.wikipedia.org/wiki/Francis_B._Wai,Q2273164,1917-04-14,1944-10-20,,,confirmed,10051,10051,"27 years, 189 days",military personnel,,,,,,,
Russell Foskett,https://en.wikipedia.org/wiki/Russell_Foskett,Q3453459,1917-05-07,1944-10-31,,accidental death,confirmed,10039,10039,"27 years, 177 days",aircraft pilot,,,,,,,
Hermann Buchner,https://en.wikipedia.org/wiki/Hermann_Buchner_(SS_officer),Q5740549,1917-01-16,1944-11-17,,,confirmed,10167,10167,"27 years, 306 days",,,,,,,,
Robert B. Westbrook,https://en.wikipedia.org/wiki/Robert_B._Westbrook_(pilot),Q27923182,1917-11-09,1944-11-22,,,confirmed,9875,9875,"27 years, 13 days",military personnel,,,,,,,
Ayao Shirane,https://en.wikipedia.org/wiki/Ayao_Shirane,Q3631356,1916,1944-11-24,,,possible,10190,10555,"27 years, 329 days to 28 years, 328 days",aircraft pilot,,,,,,,
Neville Butler,https://en.wikipedia.org/wiki/Neville_Butler_(rugby_league),Q62475150,1917-08-06,1944-11-29,,,confirmed,9977,9977,"27 years, 115 days",rugby league player,,,,,,,
Eiji Sawamura,https://en.wikipedia.org/wiki/Eiji_Sawamura,Q700579,1917-02-01,1944-12-02,torpedo attack,,confirmed,10166,10166,"27 years, 305 days",baseball player; professional baseball player,,,,,,,
Max Kloß,https://en.wikipedia.org/wiki/Max_Klo%C3%9F,Q6794933,1917-03-14,1944-12-02,,,confirmed,10125,10125,"27 years, 263 days",,,,,,,,
Olga Sanfirova,https://en.wikipedia.org/wiki/Olga_Sanfirova,Q2019611,1917-05-02,1944-12-13,,,confirmed,10087,10087,"27 years, 225 days",aircraft pilot; military officer,,,,,,,
Mukatai Abeulov,https://en.wikipedia.org/wiki/Mukatai_Abeulov,Q4054702,1917,1944-12-16,,,possible,9847,10211,"26 years, 351 days to 27 years, 350 days",,,,,,,,
William Norman Reed,https://en.wikipedia.org/wiki/William_Norman_Reed,Q109467199,1917-01-08,1944-12-19,,,confirmed,10207,10207,"27 years, 346 days",aircraft pilot,,,,,,,
Frank Hasse,https://en.wikipedia.org/wiki/Frank_Hasse,Q5487149,1917-10-19,1944-12-24,,,confirmed,9928,9928,"27 years, 66 days",,,,,,,,
Gus J. Kefurt,https://en.wikipedia.org/wiki/Gus_Kefurt,Q5620703,1917,1944-12-25,,,possible,9856,10220,"26 years, 360 days to 27 years, 359 days",military personnel,,,,,,,
Alfred Druschel,https://en.wikipedia.org/wiki/Alfred_Druschel,Q76285,1917-02-04,1945-01-01,,,confirmed,10193,10193,"27 years, 332 days",military officer,,,,,,,
Claude Lamirault,https://en.wikipedia.org/wiki/Claude_Lamirault,Q78092907,1918-06,1945,traffic collision,,possible,9682,10075,"26 years, 185 days to 27 years, 213 days",,,,,,,,
Elisabeth Hasse,https://en.wikipedia.org/wiki/Elisabeth_Hasse,Q27924935,1917,1945,,,possible,9863,10591,"27 years, 1 day to 28 years, 364 days",,,,,,,,
Elizabeth Richardson,https://en.wikipedia.org/wiki/Liz_Richardson,Q112424841,1918; 1918-06-08,1945; 1945-07-25,,,possible,9498,10226,"26 years, 1 day to 27 years, 364 days",,,,,,,,
Francis Fagan,https://en.wikipedia.org/wiki/Francis_Fagan,Q5480874,1918-08-25,1945,,,possible,9626,9990,"26 years, 129 days to 27 years, 128 days",military personnel,,,,,,,
Fred May,https://en.wikipedia.org/wiki/Fred_May,Q16210857,1917,1945,,,possible,9863,10591,"27 years, 1 day to 28 years, 364 days",rugby league player,,,,,,,
Hans Delmotte,https://en.wikipedia.org/wiki/Hans_Delmotte,Q323215,1917-12-15,1945,gunshot wound,suicide,possible,9879,10243,"27 years, 17 days to 28 years, 16 days",concentration camp guard; physician,,,,,,,
Jat Mehar Singh,https://en.wikipedia.org/wiki/Mehar_Singh_Dahiya,Q29616974,1918-02-15,1945,,,possible,9817,10181,"26 years, 321 days to 27 years, 319 days",poet,,,,,,,
Jerko Skračić,https://en.wikipedia.org/wiki/Jerko_Skra%C4%8Di%C4%87,Q47924469,1918-05-13,1945,,,possible,9730,10094,"26 years, 233 days to 27 years, 232 days",journalist,,,,,,,
Karl Kögel,https://en.wikipedia.org/wiki/Karl_K%C3%B6gel,Q1313575,1917-10-26,1945,,,possible,9929,10293,"27 years, 67 days to 28 years, 66 days",ice hockey player,,,,,,,
Kazu Naoki,https://en.wikipedia.org/wiki/Kazu_Naoki,Q2077146,1918-03-23,1945,,,possible,9781,10145,"26 years, 284 days to 27 years, 283 days",association football player,,,,,,,
Peter Monaghan,https://en.wikipedia.org/wiki/Peter_Monaghan,Q97630758,1917,1945,,,possible,9863,10591,"27 years, 1 day to 28 years, 364 days",association football player; military personnel,,,,,,,
Rolf Mager,https://en.wikipedia.org/wiki/Rolf_Mager,Q7360765,1917-12-01,1945-01-01,,,confirmed,9893,9893,"27 years, 31 days",,,,,,,,
Wallace N. Emmer,https://en.wikipedia.org/wiki/Wallace_N._Emmer,Q108702817,1917,1945,,,possible,9863,10591,"27 years, 1 day to 28 years, 364 days",aircraft pilot; military personnel,,,,,,,
Werner Plath,https://en.wikipedia.org/wiki/Werner_Plath,Q7983473,1918-07-27,1945,,,possible,9655,10019,"26 years, 158 days to 27 years, 157 days",swimmer,,,,,,,
Wilhelm Mayer,https://en.wikipedia.org/wiki/Wilhelm_Mayer_(fighter_pilot),Q15995766,1917-12-05,1945-01-04,,,confirmed,9892,9892,"27 years, 30 days",,,,,,,,
Young Bussey,https://en.wikipedia.org/wiki/Young_Bussey,Q8058001,1917-10-04,1945-01-07,,,confirmed,9957,9957,"27 years, 95 days",American football player; military officer,,,,,,,
Kurt Dietrich Paul Arendt,https://en.wikipedia.org/wiki/Kurt_Arendt,Q10314831,1917-10-08,1945-01-09,,,confirmed,9955,9955,"27 years, 93 days",,,,,,,,
Gertrud Seele,https://en.wikipedia.org/wiki/Gertrud_Seele,Q97284,1917-09-22,1945-01-12,,capital punishment,confirmed,9974,9974,"27 years, 112 days",nurse; resistance fighter; social worker,,,,,,,
Hermann Braun,https://en.wikipedia.org/wiki/Hermann_Braun,Q105909,1917-11-01; 1918-11-01,1945-01-18,,,possible,9575,9940,"26 years, 78 days to 27 years, 78 days",actor; film actor,,,,,,,
Marie-Louise Cloarec,https://en.wikipedia.org/wiki/Marie-Louise_Cloarec,Q47367488,1917-05-10,1945-01-18,gunshot wound,,confirmed,10115,10115,"27 years, 253 days",nurse; resistance fighter,,,,,,,
Peter Cherrington,https://en.wikipedia.org/wiki/Peter_Cherrington,Q15637646,1917-11-24,1945-01-20,,,confirmed,9919,9919,"27 years, 57 days",cricketer,,,,,,,
Sher Shah,https://en.wikipedia.org/wiki/Sher_Shah_Awan,Q7494635,1917-02-14,1945-01-20,,,confirmed,10202,10202,"27 years, 341 days",military personnel,,,,,,,
Walter Patry,https://en.wikipedia.org/wiki/Walter_Patry,Q7965796,1917-04-15,1945-01-22,,,confirmed,10144,10144,"27 years, 282 days",,,,,,,,
Johnny Jebsen,https://en.wikipedia.org/wiki/Johnny_Jebsen,Q15403989,1917,1945-02,,,possible,9894,10285,"27 years, 32 days to 28 years, 58 days",double agent; spy,,,,,,,
Fritz Rentrop,https://en.wikipedia.org/wiki/Fritz_Rentrop,Q5505002,1917-11-19,1945-02-02,,,confirmed,9937,9937,"27 years, 75 days",military personnel,,,,,,,
Jack L. Knight,https://en.wikipedia.org/wiki/Jack_L._Knight,Q6113548,1917-05-29,1945-02-02,,,confirmed,10111,10111,"27 years, 249 days",military officer,,,,,,,
Rudi Linz,https://en.wikipedia.org/wiki/Rudi_Linz,Q7376949,1917-02-14,1945-02-09,,,confirmed,10222,10222,"27 years, 361 days",,,,,,,,
Rudolf Rott,https://en.wikipedia.org/wiki/Rudolf_Rott,Q7377304,1918-01-21,1945-02-12,,,confirmed,9884,9884,"27 years, 22 days",,,,,,,,
Otto Kittel,https://en.wikipedia.org/wiki/Otto_Kittel,Q61164,1917-02-21,1945-02-14,,death in battle,confirmed,10220,10220,"27 years, 359 days",aircraft pilot; military personnel,,,,,,,
Billy Southworth,https://en.wikipedia.org/wiki/Billy_Southworth_Jr.,Q4913325,1917-06-20,1945-02-15,,,confirmed,10102,10102,"27 years, 240 days",baseball player,,,,,,,
Yun Dong-ju,https://en.wikipedia.org/wiki/Yun_Tongju,Q625089,1917-12-30,1945-02-16,,homicide,confirmed,9910,9910,"27 years, 48 days",independence activist; poet; writer,,,,,,,
Eduard Skrzipek,https://en.wikipedia.org/wiki/Eduard_Skrzipek,Q15995807,1917-06-26,1945-02-25,,,confirmed,10106,10106,"27 years, 244 days",soldier,,,,,,,
Harry O'Neill,https://en.wikipedia.org/wiki/Harry_O%27Neill_(catcher),Q5671349,1917-05-08,1945-03-06,,,confirmed,10164,10164,"27 years, 302 days",baseball player,,,,,,,
Günther Degen,https://en.wikipedia.org/wiki/G%C3%BCnther_Degen,Q2884980,1917-08-30,1945-03-13,,,confirmed,10057,10057,"27 years, 195 days",military personnel,,,,,,,
Gerhard Friedrich,https://en.wikipedia.org/wiki/Gerhard_Friedrich,Q5550669,1917-09-16,1945-03-17,,,confirmed,10044,10044,"27 years, 182 days",aircraft pilot; military personnel,,,,,,,
Kaj Leo Kristensen,https://en.wikipedia.org/wiki/Kaj_Leo_Kristensen,Q12321079,1917-11-07,1945-03-17,,,confirmed,9992,9992,"27 years, 130 days",,,,,,,,
Helmut Borchardt,https://en.wikipedia.org/wiki/Helmut_Borchardt,Q5709573,1917-08-01,1945-03-18,,,confirmed,10091,10091,"27 years, 229 days",,,,,,,,
Stanisław Basaj,https://en.wikipedia.org/wiki/Stanis%C5%82aw_Basaj,Q9341576,1917-11-24,1945-03-25,,homicide,confirmed,9983,9983,"27 years, 121 days",partisan,,,,,,,
Rudolf Smola,https://en.wikipedia.org/wiki/Rudolf_Smola,Q7377324,1917-08-03,1945-03-27,,,confirmed,10098,10098,"27 years, 236 days",,,,,,,,
Herbert Abratis,https://en.wikipedia.org/wiki/Herbert_Abratis,Q10294972,1918-03-21,1945-03-29,,,confirmed,9870,9870,"27 years, 8 days",military personnel,,,,,,,
Jean Mesritz,https://en.wikipedia.org/wiki/Jean_Mesritz,Q2601241,1918-03-02,1945-03-31,,,confirmed,9891,9891,"27 years, 29 days",resistance fighter,,,,,,,
Emil Wawrzinek,https://en.wikipedia.org/wiki/Emil_Wawrzinek,Q5371485,1917-09-09,1945-04-01,,,confirmed,10066,10066,"27 years, 204 days",,,,,,,,
Wolfgang Bohn,https://en.wikipedia.org/wiki/Wolfgang_Bohn,Q8030046,1917-12-01,1945-04,,,confirmed,9983,10012,"27 years, 121 days to 27 years, 150 days",,,,,,,,
Fritz Vogt,https://en.wikipedia.org/wiki/Fritz_Vogt,Q5505034,1918-03-18,1945-04-03,,,confirmed,9878,9878,"27 years, 16 days",military personnel,,,,,,,
Spencer Walklate,https://en.wikipedia.org/wiki/Spencer_Walklate,Q65048282,1918-01-11,1945-04-03,,,confirmed,9944,9944,"27 years, 82 days",military personnel; rugby league player,,,,,,,
Heinrich Ehrler,https://en.wikipedia.org/wiki/Heinrich_Ehrler,Q64947,1917-09-14,1945-04-04,,,confirmed,10064,10064,"27 years, 202 days",aircraft pilot; military personnel,,,,,,,
Alfred Großrock,https://en.wikipedia.org/wiki/Alfred_Gro%C3%9Frock,Q4722756,1918-01-02,1945-04-05,,,confirmed,9955,9955,"27 years, 93 days",,,,,,,,
Gloria Dickson,https://en.wikipedia.org/wiki/Gloria_Dickson,Q24051,1917-08-13,1945-04-10,smoke inhalation injury,accidental death,confirmed,10102,10102,"27 years, 240 days",actor; film actor,,,,,,,
Tulen Kabilov,https://en.wikipedia.org/wiki/Tulen_Kabilov,Q4206662,1917,1945-04-10,,death in battle,possible,9962,10326,"27 years, 100 days to 28 years, 99 days",military personnel,,,,,,,
Samuel M. Goldhagen,https://en.wikipedia.org/wiki/Samuel_M._Goldhagen,Q112109050,1918-01-06,1945-04-12,,,confirmed,9958,9958,"27 years, 96 days",,,,,,,,
John L. Wirth,https://en.wikipedia.org/wiki/John_L._Wirth,Q88871780,1917-04-25,1945-04-13,,,confirmed,10215,10215,"27 years, 353 days",aircraft pilot; United States Naval Aviator,,,,,,,
Eugène Droulers,https://en.wikipedia.org/wiki/Eug%C3%A8ne_Droulers,Q3059830,1917-07-30,1945-04-14,,,confirmed,10120,10120,"27 years, 258 days",aircraft pilot; military personnel,,,,,,,
Edward G. Wilkin,https://en.wikipedia.org/wiki/Edward_G._Wilkin,Q5343045,1917-05-25,1945-04-18,,,confirmed,10190,10190,"27 years, 328 days",military personnel,,,,,,,
Mastan Aliyev,https://en.wikipedia.org/wiki/Mastan_Aliyev,Q4062298,1918,1945-04-23,,,possible,9610,9974,"26 years, 113 days to 27 years, 112 days",military personnel,,,,,,,
Gisela Tschofenig,https://en.wikipedia.org/wiki/Gisela_Tschofenig,Q1527458,1917-05-21,1945-04-27,,,confirmed,10203,10203,"27 years, 341 days",resistance fighter,,,,,,,
Egon Aghta,https://en.wikipedia.org/wiki/Egon_Aghta,Q5348197,1918-01-29,1945-05-02,,,confirmed,9955,9955,"27 years, 93 days",pyrotechnician,,,,,,,
Mike Marshall,https://en.wikipedia.org/wiki/Mike_Marshall_(rugby_union),Q130564664,1917-05-18,1945-05-12,,,confirmed,10221,10221,"27 years, 359 days",association football player; rugby union player,,,,,,,
Leo D. Fay,https://en.wikipedia.org/wiki/Leo_D._Fay,Q130130450,1917-11-06,1945-05-18,,,confirmed,10055,10055,"27 years, 193 days",military personnel,,,,,,,
Robert Claude Maze Sr.,https://en.wikipedia.org/wiki/Robert_Claude_Maze,Q55102874,1918-05-25,1945-05-27,,,confirmed,9864,9864,"27 years, 2 days",economist,,,,,,,
Jože Šerjak,https://en.wikipedia.org/wiki/Jo%C5%BEe_%C5%A0erjak,Q12792925,1918-06-08,1945-06,,,possible,9855,9884,"26 years, 358 days to 27 years, 22 days",poet; student,,,,,,,
Alfredo Dinis,https://en.wikipedia.org/wiki/Alfredo_Dinis,Q2542209,1917,1945-07-04,,homicide,possible,10047,10411,"27 years, 185 days to 28 years, 184 days",politician,,,,,,,
Karsten Konow,https://en.wikipedia.org/wiki/Karsten_Konow,Q4895368,1918-02-16,1945-07-10,,,confirmed,10006,10006,"27 years, 144 days",sailor; skipper,,,,,,,
Nat Jaffe,https://en.wikipedia.org/wiki/Nat_Jaffe,Q1752427,1918-01-01,1945-08-05,,,confirmed,10078,10078,"27 years, 216 days",jazz musician; musician; pianist,,,,,,,
Jim German,https://en.wikipedia.org/wiki/Jim_German,Q6195196,1917-11-06,1945-08-08,,,confirmed,10137,10137,"27 years, 275 days",American football player,,,,,,,
Robert Hampton Gray,https://en.wikipedia.org/wiki/Robert_Hampton_Gray,Q14949500,1917-11-02,1945-08-09,,death in battle,confirmed,10142,10142,"27 years, 280 days",airman,,,,,,,
John Birch,https://en.wikipedia.org/wiki/John_Birch_(missionary),Q1699339,1918-05-08,1945-08-25,,homicide,confirmed,9971,9971,"27 years, 109 days",intelligence agent; missionary; resistance fighter,,,,,,,
Roekiah,https://en.wikipedia.org/wiki/Roekiah,Q6116223,1917,1945-09-02,,,possible,10107,10471,"27 years, 245 days to 28 years, 244 days",actor; singer,,,,,,,
John Lomas,https://en.wikipedia.org/wiki/John_Lomas_(cricketer),Q66867516,1917-12-12,1945-12-04,,,confirmed,10219,10219,"27 years, 357 days",cricketer,,,,,,,
Kaichi Hirate,https://en.wikipedia.org/wiki/Kaichi_Hirate,Q20811098,1918,1946,hanging to death,,possible,9863,10591,"27 years, 1 day to 28 years, 364 days",,,,,,,,
Theodore Schurch,https://en.wikipedia.org/wiki/Theodore_Schurch,Q875492,1918-05-05,1946-01-04,hanging to death,capital punishment,confirmed,10106,10106,"27 years, 244 days",military personnel,,,,,,,
Vincent Parker,https://en.wikipedia.org/wiki/Vincent_Parker,Q116307190,1918-02-11,1946-01-29,,,confirmed,10214,10214,"27 years, 352 days",,,,,,,,
Anthony Eyre,https://en.wikipedia.org/wiki/Anthony_Eyre_(RAF_officer),Q123330966,1918-11-12,1946-02-16,,,confirmed,9958,9958,"27 years, 96 days",air force officer,,,,,,,
Qerim Sadiku,https://en.wikipedia.org/wiki/Qerim_Sadiku,Q57339367,1919-02-12,1946-03-04,,,confirmed,9882,9882,"27 years, 20 days",,,,,,,,
Adolfas Kubilius,https://en.wikipedia.org/wiki/Adolfas_Kubilius,Q119009516,1918,1946-03-09,,,possible,9930,10294,"27 years, 68 days to 28 years, 67 days",,,,,,,,
Jack Allister,https://en.wikipedia.org/wiki/Jack_Allister_(Australian_footballer),Q6110991,1919-03-15,1946-03-22,pneumonia,natural causes,confirmed,9869,9869,"27 years, 7 days",Australian rules football player,,,,,,,
Israfil Mammadov,https://en.wikipedia.org/wiki/Israfil_Mammadov,Q2043459,1919-03-16,1946-05-01,,,confirmed,9908,9908,"27 years, 46 days",military personnel,,,,,,,
Kenneth Moran,https://en.wikipedia.org/wiki/Kenneth_Moran,Q6390495,1919,1946-06-13,,,possible,9661,10025,"26 years, 164 days to 27 years, 163 days",boxer,,,,,,,
Sergey Morgunov (pilot),https://en.wikipedia.org/wiki/Sergey_Morgunov_(pilot),Q16447922,1918-11-30,1946-07-19,,,confirmed,10093,10093,"27 years, 231 days",,,,,,,,
Stephen Norman,https://en.wikipedia.org/wiki/Stephen_Norman,Q7610103,1918,1946-11-26,,,possible,10192,10556,"27 years, 330 days to 28 years, 329 days",,,,,,,,
Holger Tou,https://en.wikipedia.org/wiki/Holger_Tou,Q11975651,1919-03-01,1947-01-27,gunshot wound,execution by firing squad; execution by shooting,confirmed,10194,10194,"27 years, 332 days",police officer,,,,,,,
Huỳnh Phú Sổ,https://en.wikipedia.org/wiki/Hu%E1%BB%B3nh_Ph%C3%BA_S%E1%BB%95,Q5951484,1920-01-15,1947-04-16,,,confirmed,9953,9953,"27 years, 91 days",religious leader,,,,,,,
Dorothea Binz,https://en.wikipedia.org/wiki/Dorothea_Binz,Q69864,1920-03-16,1947-05-02,hanging to death,capital punishment,confirmed,9908,9908,"27 years, 47 days",concentration camp guard; torturer,,,,,,,
Ruth Elfriede Hildner,https://en.wikipedia.org/wiki/Ruth_Elfriede_Hildner,Q4355735,1919-11-01,1947-05-02,execution,capital punishment,confirmed,10044,10044,"27 years, 182 days",,,,,,,,
Kai Henning Bothildsen Nielsen,https://en.wikipedia.org/wiki/Kai_Henning_Bothildsen_Nielsen,Q12321043,1919-12-04,1947-05-09,gunshot wound,,confirmed,10018,10018,"27 years, 156 days",painter and varnisher,,,,,,,
Pierce McKennon,https://en.wikipedia.org/wiki/Pierce_McKennon,Q1254928,1919-11-30,1947-06-18,,,confirmed,10062,10062,"27 years, 200 days",military officer,,,,,,,
Vera Salvequart,https://en.wikipedia.org/wiki/Vera_Salvequart,Q89142,1919-11-26,1947-06-26,hanging to death,capital punishment,confirmed,10074,10074,"27 years, 212 days",nurse; torturer,,,,,,,
János Szerednyei,https://en.wikipedia.org/wiki/J%C3%A1nos_Szerednyei,Q16953360,1920-05-26,1947-07-26; 1948-07-26,,,possible,9922,10288,"27 years, 61 days to 28 years, 61 days",Catholic priest; priest,,,,,,,
Willi Arlt,https://en.wikipedia.org/wiki/Willi_Arlt,Q877581,1919-10-27,1947-07-27,,,confirmed,10135,10135,"27 years, 273 days",association football player,,,,,,,
Miroslav Bulešić,https://en.wikipedia.org/wiki/Miroslav_Bule%C5%A1i%C4%87,Q12352724,1920-05-13,1947-08-24,stab wound,homicide,confirmed,9964,9964,"27 years, 103 days",Catholic priest,,,,,,,
Andrew D. Turner,https://en.wikipedia.org/wiki/Andrew_D._Turner,Q107630406,1920-01-06,1947-09-14,,,confirmed,10113,10113,"27 years, 251 days",military personnel,,,,,,,
Jean Mercanton,https://en.wikipedia.org/wiki/Jean_Mercanton,Q3173486,1920-05-17,1947-11-04; 1947-11-05,,,confirmed,10032,10033,"27 years, 171 days to 27 years, 172 days",actor,,,,,,,
Nagendra Saklani,https://en.wikipedia.org/wiki/Nagendra_Saklani,Q80864887,1920-11-16,1948-01-11,,,confirmed,9917,9917,"27 years, 56 days",politician,,,,,,,
Sis Pal Singh,https://en.wikipedia.org/wiki/Sis_Pal_Singh,Q20716942,1920,1948-04-10,,,possible,9962,10327,"27 years, 101 days to 28 years, 100 days",,,,,,,,
Daniel Forbes,https://en.wikipedia.org/wiki/Daniel_Forbes,Q5217169,1920-06-06,1948-06-05,,,confirmed,10226,10226,"27 years, 365 days",aircraft pilot,,,,,,,
Laura Bendfeldt,https://en.wikipedia.org/wiki/Laura_Bendfeldt,Q22959140,1920-11-26,1948-06-10,,,confirmed,10058,10058,"27 years, 197 days",,,,,,,,
Manrico Ducceschi,https://en.wikipedia.org/wiki/Manrico_Ducceschi,Q1390571,1920-09-11,1948-08-24,,,confirmed,10209,10209,"27 years, 348 days",partisan,,,,,,,
Stan Mauldin,https://en.wikipedia.org/wiki/Stan_Mauldin,Q7597786,1920-12-27,1948-09-24,myocardial infarction,natural causes,confirmed,10133,10133,"27 years, 272 days",American football player,,,,,,,
Modi Alon,https://en.wikipedia.org/wiki/Modi_Alon,Q2910682,1921-01-17,1948-10-16,,accidental death,confirmed,10134,10134,"27 years, 273 days",military officer; military personnel,,,,,,,
Nikos Godas,https://en.wikipedia.org/wiki/Nikos_Godas,Q15217484,1921,1948-11-19,,,possible,9820,10184,"26 years, 324 days to 27 years, 323 days",association football player,,,,,,,
Tommy Purcell,https://en.wikipedia.org/wiki/Tommy_Purcell,Q7819789,1921,1949,,,possible,9863,10591,"27 years, 1 day to 28 years, 364 days",,,,,,,,
John Carden,https://en.wikipedia.org/wiki/John_Carden_(baseball),Q6225096,1921-05-19,1949-02-08,electrocution,,confirmed,10127,10127,"27 years, 265 days",baseball player,,,,,,,
Patricia Ryan,https://en.wikipedia.org/wiki/Patricia_Ryan_(actress),Q26702667,1921-02-25,1949-02-15,,,confirmed,10217,10217,"27 years, 356 days",actor,,,,,,,
Eva Neander,https://en.wikipedia.org/wiki/Eva_Neander,Q4969069,1921-04-03,1949-02-22,,,confirmed,10187,10187,"27 years, 325 days",poet; writer,,,,,,,
Silas Herbert Hunt,https://en.wikipedia.org/wiki/Silas_Herbert_Hunt,Q55539550,1922-03-01,1949-04-22,,,confirmed,9914,9914,"27 years, 52 days",,,,,,,,
Aldo Ballarin,https://en.wikipedia.org/wiki/Aldo_Ballarin,Q1024192,1922-01-10,1949-05-04,,,confirmed,9976,9976,"27 years, 114 days",association football player,,,,,,,
Franco Ossola,https://en.wikipedia.org/wiki/Franco_Ossola,Q1055767,1921-08-23,1949-05-04,,accidental death,confirmed,10116,10116,"27 years, 254 days",association football player,,,,,,,
Roger Grava,https://en.wikipedia.org/wiki/Roger_Grava,Q1055367,1922-04-26,1949-05-04,,accidental death,confirmed,9870,9870,"27 years, 8 days",association football player,,,,,,,
Clyde Nelson,https://en.wikipedia.org/wiki/Clyde_Nelson,Q102501759,1921-09-01,1949-07-26,,,confirmed,10190,10190,"27 years, 328 days",baseball player,,,,,,,
Abdukerim Abbasov,https://en.wikipedia.org/wiki/Abdukerim_Abbasov,Q15997732,1921,1949-08-27,,,possible,10101,10465,"27 years, 239 days to 28 years, 238 days",politician,,,,,,,
Henrikas Danilevičius,https://en.wikipedia.org/wiki/Henrikas_Danilevi%C4%8Dius,Q117213339,1922-07-18,1949-11-01,,,confirmed,9968,9968,"27 years, 106 days",,,,,,,,
Tommy Bell,https://en.wikipedia.org/wiki/Tommy_Bell_(basketball),Q139553065,1922-09-11,1949-12-17,,,confirmed,9959,9959,"27 years, 97 days",basketball coach; basketball player,,,,,,,
Jacques Desoubrie,https://en.wikipedia.org/wiki/Jacques_Desoubrie,Q1099223,1922-10-22,1949-12-20,gunshot wound,capital punishment,confirmed,9921,9921,"27 years, 59 days",informant; spy; V-Mann,,,,,,,
Parviz Rustambayov,https://en.wikipedia.org/wiki/Parviz_Rustambeyov,Q12844091,1922-01-07,1949-12-29,,,confirmed,10218,10218,"27 years, 356 days",jazz musician; saxophonist,,,,,,,
Bill Cannastra,https://en.wikipedia.org/wiki/Bill_Cannastra,Q4908406,1922,1950,,,possible,9863,10591,"27 years, 1 day to 28 years, 364 days",,,,,,,,
William Hamilton Shaw,https://en.wikipedia.org/wiki/William_Hamilton_Shaw,Q118061706,1922,1950,,,possible,9863,10591,"27 years, 1 day to 28 years, 364 days",military personnel,,,,,,,
Norman Clay,https://en.wikipedia.org/wiki/Norman_Clay,Q130743469,1922-05-27,1950-01-21,,,confirmed,10101,10101,"27 years, 239 days",,,,,,,,
Buddy Stewart,https://en.wikipedia.org/wiki/Buddy_Stewart,Q179616,1922,1950-02-01,,,possible,9894,10258,"27 years, 32 days to 28 years, 31 days",jazz musician; musician; singer,,,,,,,
Salvatore Giuliano,https://en.wikipedia.org/wiki/Salvatore_Giuliano,Q559541,1922-11-16,1950-07-05,,,confirmed,10093,10093,"27 years, 231 days",independence activist,,,,,,,
Ernest C. Fiebelkorn,https://en.wikipedia.org/wiki/Ernest_C._Fiebelkorn,Q108830205,1922-12-12,1950-07-06,,,confirmed,10068,10068,"27 years, 206 days",military personnel,,,,,,,
Yang Gensi,https://en.wikipedia.org/wiki/Yang_Gensi,Q855121,1922,1950-11-29,explosion,death in battle,possible,10195,10559,"27 years, 333 days to 28 years, 332 days",military personnel,,,,,,,
Loren R. Kaufman,https://en.wikipedia.org/wiki/Loren_R._Kaufman,Q6680418,1923-07-27,1951-02-10,,,confirmed,10060,10060,"27 years, 198 days",soldier,,,,,,,
Charles R. Long,https://en.wikipedia.org/wiki/Charles_R._Long,Q5081863,1923-12-10,1951-02-12,,,confirmed,9926,9926,"27 years, 64 days",military personnel,,,,,,,
Ray Wetmore,https://en.wikipedia.org/wiki/Ray_Wetmore,Q7298106,1923-09-30,1951-02-14,,,confirmed,9999,9999,"27 years, 137 days",military officer,,,,,,,
William S. Sitman,https://en.wikipedia.org/wiki/William_S._Sitman,Q8018018,1923-08-09,1951-02-14,,,confirmed,10051,10051,"27 years, 189 days",military personnel,,,,,,,
Gerard van Beek,https://en.wikipedia.org/wiki/Gerard_van_Beek,Q16165727,1923-11-01,1951-03-15,,,confirmed,9996,9996,"27 years, 134 days",sport cyclist; track cyclist,,,,,,,
Priscilla Nzimiro,https://en.wikipedia.org/wiki/Priscilla_Nzimiro,Q25313694,1923-04-30,1951-03-22,,,confirmed,10188,10188,"27 years, 326 days",physician,,,,,,,
Ray E. Duke,https://en.wikipedia.org/wiki/Ray_E._Duke,Q7297427,1923-05-09,1951-04-26; 1951-11-11,,,possible,10214,10413,"27 years, 352 days to 28 years, 186 days",soldier,,,,,,,
Alfredo Espiga,https://en.wikipedia.org/wiki/Alfredo_Espiga,Q22964550,1923-10-11,1951-08-22,traffic collision,,confirmed,10177,10177,"27 years, 315 days",association football player,,,,,,,
Robert Everaert,https://en.wikipedia.org/wiki/Robert_Everaert,Q1966760,1923-03-30; 1923-09-30,1951-09-19,,,possible,10216,10400,"27 years, 354 days to 28 years, 173 days",athletics competitor,,,,,,,
John Kelvin Koelsch,https://en.wikipedia.org/wiki/John_Kelvin_Koelsch,Q1700690,1923-12-22,1951-10-16,,,confirmed,10160,10160,"27 years, 298 days",helicopter pilot; military officer,,,,,,,
Bill Madden,https://en.wikipedia.org/wiki/Bill_Madden_(soldier),Q4910003,1924-02-14,1951-11-06,,death in battle,confirmed,10127,10127,"27 years, 265 days",military personnel,,,,,,,
James Lammers,https://en.wikipedia.org/wiki/James_Lammers,Q110858747,1924,1952,,,possible,9862,10592,"27 years, 1 day to 28 years, 365 days",,,,,,,,
Mohamed Belouizdad,https://en.wikipedia.org/wiki/Mohamed_Belouizdad,Q3318405,1924-11-03,1952-01-14,tuberculosis,natural causes,confirmed,9933,9933,"27 years, 72 days",politician,,,,,,,
Sebastião da Gama,https://en.wikipedia.org/wiki/Sebasti%C3%A3o_da_Gama,Q1478198,1924-04-10,1952-02-07,tuberculosis,natural causes,confirmed,10164,10164,"27 years, 303 days",poet; teacher; writer,,,,,,,
Aleksandr Yunev,https://en.wikipedia.org/wiki/Aleksandr_Yunev,Q4534717,1924-09-28,1952-02-18,,,confirmed,10004,10004,"27 years, 143 days",military personnel,,,,,,,
Néstor Antón,https://en.wikipedia.org/wiki/N%C3%A9stor_Ant%C3%B3n,Q55363860,1924,1952-05,,,possible,9983,10378,"27 years, 122 days to 28 years, 151 days",basketball player,,,,,,,
Lewis G. Watkins,https://en.wikipedia.org/wiki/Lewis_G._Watkins,Q15998319,1925-06-06,1952-10-07,,,confirmed,9985,9985,"27 years, 123 days",military personnel,,,,,,,
Joe James,https://en.wikipedia.org/wiki/Joe_James_(racing_driver),Q173716,1925-05-23,1952-11-05,,,confirmed,10028,10028,"27 years, 166 days",engineer; Formula One driver; racing driver,,,,,,,
Art Gilkey,https://en.wikipedia.org/wiki/Art_Gilkey,Q4796843,1926-09-25,1953,pulmonary embolism,natural causes,possible,9595,9959,"26 years, 98 days to 27 years, 97 days",geologist; mountaineer,,,,,,,
Bhimdatta Panta,https://en.wikipedia.org/wiki/Bhimdatta_Panta,Q19682020,1926,1953,,,possible,9498,10226,"26 years, 1 day to 27 years, 364 days",politician,,,,,,,
Janka Filistovich,https://en.wikipedia.org/wiki/Janka_Filistovi%C4%8D,Q1972919,1926-01-14,1953,,unnatural death,possible,9849,10213,"26 years, 353 days to 27 years, 351 days",politician,,,,,,,
"Jimmy ""Jammin'"" Smith",https://en.wikipedia.org/wiki/Jimmy_%22Jammin%27%22_Smith,Q6199455,1926,1953,,,possible,9498,10226,"26 years, 1 day to 27 years, 364 days",jazz musician,,,,,,,
Kwasi Plange,https://en.wikipedia.org/wiki/Kwesi_Plange,Q98497328,1926,1953,,,possible,9498,10226,"26 years, 1 day to 27 years, 364 days",politician; teacher,,,,,,,
Miles Giffard,https://en.wikipedia.org/wiki/Miles_Giffard,Q6851394,1925,1953-02-24,,,possible,9917,10281,"27 years, 55 days to 28 years, 54 days",cricketer,,,,,,,
Felix Moncla,https://en.wikipedia.org/wiki/Felix_Moncla,Q5442282,1926-10-21,1953-11-23,,,confirmed,9895,9895,"27 years, 33 days",aircraft pilot; military officer,,,,,,,
Harry Hood,https://en.wikipedia.org/wiki/Harry_Hood_(Canadian_football),Q18167899,1926,1954-05-18,,,possible,10000,10364,"27 years, 138 days to 28 years, 137 days",Canadian football player,,,,,,,
Mohammed Zerktouni,https://en.wikipedia.org/wiki/Muhammad_Zarqtuni,Q3319071,1927,1954-06-18,cyanide poisoning,suicide,possible,9666,10030,"26 years, 169 days to 27 years, 168 days",businessperson; nationalist; politician; resistance fighter,,,,,,,
Simon Sandys-Winsch,https://en.wikipedia.org/wiki/Simon_Sandys-Winsch,Q7519724,1926,1954-06-18,,,possible,10031,10395,"27 years, 169 days to 28 years, 168 days",motorcycle racer,,,,,,,
Raoul Courbin,https://en.wikipedia.org/wiki/Raoul_Courbin,Q3426042,1926-08-18,1954-07-07,,,confirmed,10185,10185,"27 years, 323 days",association football player,,,,,,,
Thomas Leslie Teevan,https://en.wikipedia.org/wiki/Thomas_Teevan_(Unionist_politician),Q7791815,1927-07,1954-10-11,,,confirmed,9934,9964,"27 years, 72 days to 27 years, 102 days",barrister; politician,,,,,,,
Ray Amm,https://en.wikipedia.org/wiki/Ray_Amm,Q3784664,1927-12-10,1955-04-11,,,confirmed,9984,9984,"27 years, 122 days",motorcycle racer,,,,,,,
Charles Eric Rhodes,https://en.wikipedia.org/wiki/Charles_Eric_Rhodes,Q5077408,1928-04-03,1955-06-16,,,confirmed,9935,9935,"27 years, 74 days",military physician,,,,,,,
Bob Gordon,https://en.wikipedia.org/wiki/Bob_Gordon_(saxophonist),Q112884,1928-06-11,1955-08-28,traffic collision,,confirmed,9939,9939,"27 years, 78 days",clarinetist; jazz musician; musician; saxophonist,,,,,,,
Pete Fleming,https://en.wikipedia.org/wiki/Pete_Fleming,Q2563568,1928-11-23,1956-01-08,,homicide,confirmed,9907,9907,"27 years, 46 days",missionary,,,,,,,
Cotton Priddy,https://en.wikipedia.org/wiki/Cotton_Priddy,Q5175725,1928-08-29,1956-06-10,,,confirmed,10147,10147,"27 years, 286 days",racing driver,,,,,,,
Rigoberto López Pérez,https://en.wikipedia.org/wiki/Rigoberto_L%C3%B3pez_P%C3%A9rez,Q1394538,1929-05-13,1956-09-21,gunshot wound,,confirmed,9993,9993,"27 years, 131 days",composer; journalist; poet; writer,,,,,,,
Hans Eugster,https://en.wikipedia.org/wiki/Hans_Eugster,Q284110,1929-03-27,1956-11-12,,,confirmed,10092,10092,"27 years, 230 days",artistic gymnast,,,,,,,
Charlie Peete,https://en.wikipedia.org/wiki/Charlie_Peete,Q5085382,1929-02-22,1956-11-27,,,confirmed,10140,10140,"27 years, 279 days",baseball player,,,,,,,
Gordon Sturtridge,https://en.wikipedia.org/wiki/Gordon_Sturtridge_(Canadian_football),Q15998901,1929,1956-12-09,,,possible,9840,10204,"26 years, 344 days to 27 years, 343 days",Canadian football player,,,,,,,
Peter Docherty,https://en.wikipedia.org/wiki/Peter_Docherty,Q27914824,1929-02-14,1957,,,possible,10183,10547,"27 years, 322 days to 28 years, 320 days",association football player,,,,,,,
Richard Selig,https://en.wikipedia.org/wiki/Richard_Selig,Q124705620,1929,1957,,,possible,9863,10591,"27 years, 1 day to 28 years, 364 days",poet,,,,,,,
Mary Myint,https://en.wikipedia.org/wiki/Mary_Myint,Q19718313,1929; 1929-03-05,1957-05-06,,,possible,9988,10352,"27 years, 126 days to 28 years, 125 days",actor,,,,,,,
Paul Gilley,https://en.wikipedia.org/wiki/Paul_Gilley,Q57955112,1929-10-01,1957-06-16,drowning,,confirmed,10120,10120,"27 years, 258 days",songwriter,,,,,,,
Imre Soós,https://en.wikipedia.org/wiki/Imre_So%C3%B3s,Q353741,1930-02-12,1957-06-20,,,confirmed,9990,9990,"27 years, 128 days",film actor; stage actor,,,,,,,
Henry Harper,https://en.wikipedia.org/wiki/Henry_Harper_(canoeist),Q16091206,1929,1957-09,traffic collision,,possible,10106,10499,"27 years, 244 days to 28 years, 272 days",canoeist,,,,,,,
Norma Giménez,https://en.wikipedia.org/wiki/Norma_Gim%C3%A9nez,Q6044922,1930-06-11,1957-09-19,,suicide,confirmed,9962,9962,"27 years, 100 days",actor,,,,,,,
Jacques Fesch,https://en.wikipedia.org/wiki/Jacques_Fesch,Q934377,1930-04-06,1957-10-01,decapitation by guillotine,capital punishment,confirmed,10040,10040,"27 years, 178 days",diarist,,,,,,,
Ali Ammar,https://en.wikipedia.org/wiki/Ali_La_Pointe,Q2429767,1930-05-14,1957-10-08; 1957-10-09,explosive device,,confirmed,10009,10010,"27 years, 147 days to 27 years, 148 days",bricklayer,,,,,,,
Dick Buek,https://en.wikipedia.org/wiki/Dick_Buek,Q5272721,1929-11-04; 1929-11-05,1957-11-03,,,confirmed,10225,10226,"27 years, 363 days to 27 years, 364 days",alpine skier,,,,,,,
Alan Fletcher,https://en.wikipedia.org/wiki/Alan_Fletcher_(artist),Q21453529,1930,1958,,,possible,9863,10591,"27 years, 1 day to 28 years, 364 days",painter; sculptor,,,,,,,
Péter Papp,https://en.wikipedia.org/wiki/P%C3%A9ter_Papp,Q3926128,1930-10-06,1958-09-16,,,confirmed,10207,10207,"27 years, 345 days",basketball player,,,,,,,
John Pritchett,https://en.wikipedia.org/wiki/John_Pritchett_(golfer),Q23869007,1931,1958-10-30,traffic collision,,possible,9800,10164,"26 years, 303 days to 27 years, 302 days",golfer,,,,,,,
Galen Laack,https://en.wikipedia.org/wiki/Galen_Laack,Q5518359,1931-04-03,1958-12-31,traffic collision,accidental death,confirmed,10134,10134,"27 years, 272 days",American football player; basketball player,,,,,,,
Bob Brenning,https://en.wikipedia.org/wiki/Bob_Brenning,Q4931923,1932,1959,,,possible,9497,10226,"26 years, 1 day to 27 years, 364 days",rugby league player,,,,,,,
Améziane Aït Ahcène,https://en.wikipedia.org/wiki/Am%C3%A9ziane_A%C3%AFt_Ahc%C3%A8ne,Q72219935,1931,1959-04-24,,,possible,9976,10340,"27 years, 114 days to 28 years, 113 days",,,,,,,,
Lord Flea,https://en.wikipedia.org/wiki/Lord_Flea,Q11762576,1932,1959-05-18,,,possible,9634,9999,"26 years, 138 days to 27 years, 137 days",singer; songwriter,,,,,,,
Camilo Cienfuegos,https://en.wikipedia.org/wiki/Camilo_Cienfuegos,Q26853,1932-02-06,1959-10-28,aircraft crash,,confirmed,10126,10126,"27 years, 264 days",military officer; politician; revolutionary,,,,,,,
Anna Mungunda,https://en.wikipedia.org/wiki/Anna_Mungunda,Q4767361,1932,1959-12-10,,,possible,9840,10205,"26 years, 344 days to 27 years, 343 days",domestic worker,,,,,,,
Jesse Belvin,https://en.wikipedia.org/wiki/Jesse_Belvin,Q1688139,1932-12-15,1960-02-06,traffic collision,accidental death,confirmed,9914,9914,"27 years, 53 days",pianist; singer; songwriter,,,,,,,
Kolbrún Ólafsdóttir,https://en.wikipedia.org/wiki/Kolbr%C3%BAn_%C3%93lafsd%C3%B3ttir,Q16567082,1933-02-01,1960-04-22,,,confirmed,9942,9942,"27 years, 81 days",swimmer,,,,,,,
Agustín de Anda,https://en.wikipedia.org/wiki/Agust%C3%ADn_de_Anda,Q5660932,1933,1960-05-29,,,possible,9646,10010,"26 years, 150 days to 27 years, 149 days",actor; film actor; film producer; film screenwriter,,,,,,,
Rudell Stitch,https://en.wikipedia.org/wiki/Rudell_Stitch,Q7376888,1933-01-07,1960-06-05,,,confirmed,10011,10011,"27 years, 150 days",boxer,,,,,,,
Peter Poole,https://en.wikipedia.org/wiki/Peter_Poole,Q7176421,1932,1960-08-18,hanging to death,capital punishment,possible,10092,10457,"27 years, 231 days to 28 years, 230 days",military personnel,,,,,,,
Porfirio Remberto Ramírez,https://en.wikipedia.org/wiki/Porfirio_Remberto_Ram%C3%ADrez,Q109491567,1933,1960-10-12,,,possible,9782,10146,"26 years, 286 days to 27 years, 285 days",revolutionary,,,,,,,
Ralph Rensen,https://en.wikipedia.org/wiki/Ralph_Rensen,Q7288007,1933,1961,,,possible,9863,10591,"27 years, 1 day to 28 years, 364 days",motorcycle racer,,,,,,,
Branko Miljković,https://en.wikipedia.org/wiki/Branko_Miljkovi%C4%87,Q1266428,1934-01-29,1961-02-12,hanging to death,suicide,confirmed,9876,9876,"27 years, 14 days",essayist; poet; translator; writer,,,,,,,
Lies Noor,https://en.wikipedia.org/wiki/Lies_Noor,Q26855338,1933-07-12,1961-03-14,,,confirmed,10107,10107,"27 years, 245 days",actor; film actor; model,,,,,,,
Janusz Jarzembowski,https://en.wikipedia.org/wiki/Jan_Jarzembowski,Q11720205,1933-11-29,1961-06-14,,,confirmed,10059,10059,"27 years, 197 days",sprinter,,,,,,,
Richard Mason,https://en.wikipedia.org/wiki/Richard_Mason_(explorer),Q20055509,1934-04-10,1961-09-06,,,confirmed,10011,10011,"27 years, 149 days",explorer,,,,,,,
Doug Watkins,https://en.wikipedia.org/wiki/Doug_Watkins,Q1251883,1934-03-02,1962-02-05,traffic collision,,confirmed,10202,10202,"27 years, 340 days",jazz musician; musician,,,,,,,
Roman Ducksworth Jr.,https://en.wikipedia.org/wiki/Roman_Ducksworth_Jr.,Q72429060,1934,1962-04-09,gunshot wound,homicide,possible,9961,10325,"27 years, 99 days to 28 years, 98 days",,,,,,,,
Olivia Irving,https://en.wikipedia.org/wiki/Olivia_Irving,Q123177566,1934-09-06,1962-05-29,,,confirmed,10127,10127,"27 years, 265 days",actor,,,,,,,
Edson Brown,https://en.wikipedia.org/wiki/Edson_Brown,Q11696106,1935-05-06,1962-09-12,,,confirmed,9991,9991,"27 years, 129 days",boxer,,,,,,,
Ali Abdul Mughni,https://en.wikipedia.org/wiki/Ali_Abdul_Mughni,Q12228141,1935,1962-10,,,possible,9771,10165,"26 years, 274 days to 27 years, 303 days",military personnel,,,,,,,
Burgo Partridge,https://en.wikipedia.org/wiki/Burgo_Partridge,Q4998665,1935,1963,myocardial infarction,natural causes,possible,9863,10591,"27 years, 1 day to 28 years, 364 days",psychologist; writer,,,,,,,
Hoshang Amini,https://en.wikipedia.org/wiki/Hoshang_Amini,Q124452356,1936,1963,,,possible,9497,10226,"26 years, 1 day to 27 years, 364 days",,,,,,,,
Prince La La,https://en.wikipedia.org/wiki/Prince_La_La,Q7244131,1936,1963,,,possible,9497,10226,"26 years, 1 day to 27 years, 364 days",singer,,,,,,,
Victor Feguer,https://en.wikipedia.org/wiki/Victor_Feguer,Q3557298,1935,1963-03-15,hanging to death,capital punishment,possible,9936,10300,"27 years, 74 days to 28 years, 73 days",,,,,,,,
Timothy Birdsall,https://en.wikipedia.org/wiki/Timothy_Birdsall,Q7807059,1936-05-10,1963-06-10,leukemia,natural causes,confirmed,9892,9892,"27 years, 31 days",cartoonist,,,,,,,
Margarita Sierra,https://en.wikipedia.org/wiki/Margarita_Sierra,Q6760170,1936-01-05,1963-09-06,,,confirmed,10106,10106,"27 years, 244 days",actor; singer,,,,,,,
Kalevi Rassa,https://en.wikipedia.org/wiki/Kalevi_Rassa,Q3192169,1936-02-03,1963-10-24,,,confirmed,10125,10125,"27 years, 263 days",ice hockey player,,,,,,,
El Hamouti Mohand Elkhadir,https://en.wikipedia.org/wiki/El_Hamouti_Mohand_Elkhadir,Q133985448,1936-02-01,1964,,,possible,10196,10561,"27 years, 334 days to 28 years, 334 days",businessperson; diplomat; partisan,,,,,,,
Eric Bhamuza Sono,https://en.wikipedia.org/wiki/Eric_Sono,Q5386133,1937,1964,traffic collision,accidental death,possible,9497,10226,"26 years, 1 day to 27 years, 365 days",association football player,,,,,,,
Joe Carson,https://en.wikipedia.org/wiki/Joe_Carson_(musician),Q104851422,1936,1964,,,possible,9862,10592,"27 years, 1 day to 28 years, 365 days",singer; singer-songwriter,,,,,,,
Wilfred J. Delaney,https://en.wikipedia.org/wiki/Wilfred_J._Delaney,Q8001816,1937,1964,,homicide,possible,9497,10226,"26 years, 1 day to 27 years, 365 days",,,,,,,,
Benedetta Bianchi Porro,https://en.wikipedia.org/wiki/Benedetta_Bianchi_Porro,Q639507,1936-08-08,1964-01-23,,,confirmed,10029,10029,"27 years, 168 days",medical student,,,,,,,
Francisco Gonzales,https://en.wikipedia.org/wiki/Francisco_Gonzales,Q96378271,1936,1964-05-07,,,possible,9989,10354,"27 years, 128 days to 28 years, 127 days",sailor,,,,,,,
Rudy Lewis,https://en.wikipedia.org/wiki/Rudy_Lewis,Q2174563,1936-08-23,1964-05-20,drug overdose,,confirmed,10132,10132,"27 years, 271 days",singer,,,,,,,
Dave MacDonald,https://en.wikipedia.org/wiki/Dave_MacDonald,Q5229239,1936-07-23,1964-05-30,,,confirmed,10173,10173,"27 years, 312 days",racing driver,,,,,,,
John White,"https://en.wikipedia.org/wiki/John_White_(footballer,_born_1937)",Q1702141,1937-04-28,1964-07-21,lightning strike,accidental death,confirmed,9946,9946,"27 years, 84 days",association football player,,,,,,,
Jean Othats,https://en.wikipedia.org/wiki/Jean_Othats,Q3173801,1937-05-06,1964-09-10,traffic collision,accidental death,confirmed,9989,9989,"27 years, 127 days",rugby union player,,,,,,,
Joe Henderson,https://en.wikipedia.org/wiki/Joe_Henderson_(gospel_singer),Q6210271,1937-04-24,1964-10-25,myocardial infarction,natural causes,confirmed,10046,10046,"27 years, 184 days",singer,,,,,,,
Warren Scarfe,https://en.wikipedia.org/wiki/Warren_Scarfe,Q17421776,1936-12-11,1964-11-04,,,confirmed,10190,10190,"27 years, 329 days",sport cyclist,,,,,,,
Ernie Wright,https://en.wikipedia.org/wiki/Ernie_Wright_(footballer),Q5394821,1938-10-29,1965,,,possible,9561,9925,"26 years, 64 days to 27 years, 63 days",association football player,,,,,,,
Brian Spillett,https://en.wikipedia.org/wiki/Brian_Spillett,Q4965358,1937-09,1965-01-16,,,confirmed,9970,9999,"27 years, 108 days to 27 years, 137 days",,,,,,,,
Joan Merriam Smith,https://en.wikipedia.org/wiki/Joan_Merriam_Smith,Q11310904,1936-08-03; 1937,1965-02-17,,accidental death,possible,9910,10425,"27 years, 48 days to 28 years, 198 days",aircraft pilot,,,,,,,
Harold Dale Meyerkord,https://en.wikipedia.org/wiki/Harold_Dale_Meyerkord,Q5660428,1937-10-09,1965-03-16,,,confirmed,10020,10020,"27 years, 158 days",military officer,,,,,,,
Frederick John Harris,https://en.wikipedia.org/wiki/John_Harris_(activist),Q6234123,1937-07-04,1965-04-01,hanging to death,capital punishment,confirmed,10133,10133,"27 years, 271 days",anti-apartheid activist; politician,,,,,,,
Momi Gul Durrani,https://en.wikipedia.org/wiki/Momi_Gul_Durrani,Q137973046,1938,1965-05-20,,,possible,9637,10001,"26 years, 140 days to 27 years, 139 days",flight attendant; model,,,,,,,
Frank S. Reasoner,https://en.wikipedia.org/wiki/Frank_S._Reasoner,Q5489359,1937-09-16,1965-07-12,,,confirmed,10161,10161,"27 years, 299 days",military officer,,,,,,,
Jesse Murdock,https://en.wikipedia.org/wiki/Jesse_Murdock,Q6186689,1938-09-17; 1939-07-11,1965-09-25,,,possible,9573,9870,"26 years, 76 days to 27 years, 8 days",American football player,,,,,,,
Huynh Thanh My,https://en.wikipedia.org/wiki/Huynh_Thanh_My,Q17626890,1938-03-29,1965-10-10,,,confirmed,10057,10057,"27 years, 195 days",photographer; photojournalist; war photographer,,,,,,,
Anthony Veranis,https://en.wikipedia.org/wiki/Anthony_Veranis,Q4773640,1938-06-15,1966-04-25,,homicide,confirmed,10176,10176,"27 years, 314 days",boxer,,,,,,,
Loretta Bayliss,https://en.wikipedia.org/wiki/Loretta_Bayliss,Q6680955,1939,1966-06-30,,,possible,9678,10042,"26 years, 181 days to 27 years, 180 days",cricketer,,,,,,,
Ivor Hughes,https://en.wikipedia.org/wiki/Ivor_Hughes_(speedway_rider),Q28160608,1939-02-28,1966-08-23,,,confirmed,10038,10038,"27 years, 176 days",speedway rider,,,,,,,
Patricia Viterbo,https://en.wikipedia.org/wiki/Patricia_Viterbo,Q3369156,1939-03-21,1966-11-10,drowning,accidental death,confirmed,10096,10096,"27 years, 234 days",actor,,,,,,,
Keith Hird,https://en.wikipedia.org/wiki/Keith_Hird,Q18126093,1939-11-25,1967,,,possible,9899,10263,"27 years, 37 days to 28 years, 36 days",association football player,,,,,,,
Lucrécia Paim,https://en.wikipedia.org/wiki/Lucr%C3%A9cia_Paim,Q96195304,1939,1967,,,possible,9863,10591,"27 years, 1 day to 28 years, 364 days",partisan; soldier,,,,,,,
Đại Cathay,https://en.wikipedia.org/wiki/%C4%90%E1%BA%A1i_Cathay,Q16481284,1940,1967-01-07,,,possible,9503,9868,"26 years, 7 days to 27 years, 6 days",,,,,,,,
Sunny Ang,https://en.wikipedia.org/wiki/Sunny_Ang,Q97819060,1939,1967-02-06,hanging to death,capital punishment,possible,9899,10263,"27 years, 37 days to 28 years, 36 days",,,,,,,,
Mike McKeever,https://en.wikipedia.org/wiki/Mike_McKeever,Q6847936,1940-01-01,1967-08-24,,,confirmed,10097,10097,"27 years, 235 days",American football player,,,,,,,
Monica Proietti,https://en.wikipedia.org/wiki/Monica_Proietti,Q3320724,1940-02-25,1967-09-19,gunshot wound,,confirmed,10068,10068,"27 years, 206 days",bank robber,,,,,,,
Bill Berg,https://en.wikipedia.org/wiki/Bill_Berg_(politician),Q4908116,1939,1967-10-01,,,possible,10136,10500,"27 years, 274 days to 28 years, 273 days",member of legislative assembly,,,,,,,
Rockin' Robin Roberts,https://en.wikipedia.org/wiki/Rockin%27_Robin_Roberts,Q7355329,1940-11-23,1967-12-22,traffic collision,accidental death,confirmed,9890,9890,"27 years, 29 days",singer,,,,,,,
Chadalavada Kutumba Rao,https://en.wikipedia.org/wiki/Chadalavada_(actor),Q5066407,1940,1968,,,possible,9862,10592,"27 years, 1 day to 28 years, 365 days",actor,,,,,,,
Trần Duy Long,https://en.wikipedia.org/wiki/Tr%E1%BA%A7n_Duy_Long,Q10829291,1941,1968,,,possible,9497,10226,"26 years, 1 day to 27 years, 365 days",association football coach; association football player,,,,,,,
Kōkichi Tsuburaya,https://en.wikipedia.org/wiki/K%C5%8Dkichi_Tsuburaya,Q950948,1940-05-13,1968-01-09,exsanguination,suicide,confirmed,10102,10102,"27 years, 241 days",athletics competitor,,,,,,,
Rogelia Cruz Martinez,https://en.wikipedia.org/wiki/Rogelia_Cruz,Q3438588,1940-08,1968-01-11,,homicide,confirmed,9994,10024,"27 years, 133 days to 27 years, 163 days",activist; beauty pageant contestant; politician,,,,,,,
Bruce Draper,https://en.wikipedia.org/wiki/Bruce_Draper,Q4977405,1940-10-02,1968-01-26,leukemia,natural causes,confirmed,9977,9977,"27 years, 116 days",ice hockey player,,,,,,,
Aristidis Pagratidis,https://en.wikipedia.org/wiki/Aristidis_Pagratidis,Q14192918,1940-05,1968-02-16,gunshot wound,,confirmed,10122,10152,"27 years, 261 days to 27 years, 291 days",,,,,,,,
Elov Seger,https://en.wikipedia.org/wiki/Elov_Seger,Q104696551,1940-06-06,1968-03-08,,,confirmed,10137,10137,"27 years, 276 days",ice hockey player,,,,,,,
Maelcum Soul,https://en.wikipedia.org/wiki/Maelcum_Soul,Q3276313,1940-09-22,1968-04-05,kidney failure,natural causes,confirmed,10057,10057,"27 years, 196 days",film actor; model,,,,,,,
Julio César Benítez,https://en.wikipedia.org/wiki/Julio_C%C3%A9sar_Ben%C3%ADtez,Q1983604,1940-10-01,1968-04-06,foodborne illness,accidental death,confirmed,10049,10049,"27 years, 188 days",association football player,,,,,,,
Hoji-ya-Henda,https://en.wikipedia.org/wiki/Hoji-ya-Henda,Q10297783,1941,1968-04-14,,,possible,9601,9965,"26 years, 105 days to 27 years, 104 days",revolutionary,,,,,,,
Lê Anh Xuân,https://en.wikipedia.org/wiki/L%C3%AA_Anh_Xu%C3%A2n,Q10787564,1940,1968-05-21,,,possible,10003,10368,"27 years, 142 days to 28 years, 141 days",poet,,,,,,,
Ted Watkins,https://en.wikipedia.org/wiki/Ted_Watkins,Q18388348,1941,1968-06-02,,,possible,9650,10014,"26 years, 154 days to 27 years, 153 days",American football player; Canadian football player,,,,,,,
Kathy Ainsworth,https://en.wikipedia.org/wiki/Kathy_Ainsworth,Q65704510,1941,1968-06-30,,,possible,9678,10042,"26 years, 182 days to 27 years, 181 days",teacher,,,,,,,
Jagga Gujjar,https://en.wikipedia.org/wiki/Jagga_Gujjar,Q123267431,1940,1968-07-03,,,possible,10046,10411,"27 years, 185 days to 28 years, 184 days",,,,,,,,
Ralph Wells,https://en.wikipedia.org/wiki/Ralph_Wells,Q18123910,1940-09-03,1968-08-02,drowning,,confirmed,10195,10195,"27 years, 334 days",basketball player,,,,,,,
George Piper,https://en.wikipedia.org/wiki/George_Piper_(rugby_league),Q60769386,1941,1968-09-22,,,possible,9762,10126,"26 years, 266 days to 27 years, 265 days",rugby league player,,,,,,,
William D. Port,https://en.wikipedia.org/wiki/William_D._Port,Q8007509,1941-10,1968-11-27,,,confirmed,9889,9919,"27 years, 27 days to 27 years, 57 days",military personnel,,,,,,,
Hu Denghui,https://en.wikipedia.org/wiki/Hu_Denghui,Q55419749,1941,1969,hanging to death,suicide,possible,9863,10591,"27 years, 1 day to 28 years, 364 days",association football player,,,,,,,
Jeff Sharlet,https://en.wikipedia.org/wiki/Jeff_Sharlet_(activist),Q6174957,1942,1969,,,possible,9498,10226,"26 years, 1 day to 27 years, 364 days",military personnel,,,,,,,
Margaret George Shello,https://en.wikipedia.org/wiki/Margaret_George_Shello,Q6759444,1941,1969,,,possible,9863,10591,"27 years, 1 day to 28 years, 364 days",Peshmerga,,,,,,,
Jimmy Lucey,https://en.wikipedia.org/wiki/Jimmy_Lucey,Q107598654,1941,1969-02-16,,,possible,9909,10273,"27 years, 47 days to 28 years, 46 days",Gaelic football player,,,,,,,
Dickie Pride,https://en.wikipedia.org/wiki/Dickie_Pride,Q1210023,1941-10-21,1969-03-26,,,confirmed,10018,10018,"27 years, 156 days",singer,,,,,,,
Barbara Brown,https://en.wikipedia.org/wiki/Barbara_Brown_(athlete),Q47541642,1941-08-21,1969-04,,,confirmed,10085,10114,"27 years, 223 days to 27 years, 252 days",high jumper,,,,,,,
Brian Jones,https://en.wikipedia.org/wiki/Brian_Jones,Q204943,1942-02-28,1969-07-03,drowning,death by misadventure,confirmed,9987,9987,"27 years, 125 days",bandleader; guitarist; multi-instrumentalist; record producer; singer,,,,,,,
Ilie Motrescu,https://en.wikipedia.org/wiki/Ilie_Motrescu,Q12730323,1941-08-18,1969-07-26,,homicide,confirmed,10204,10204,"27 years, 342 days",writer,,,,,,,
Alexandra,https://en.wikipedia.org/wiki/Alexandra_(singer),Q427878,1942-05-19,1969-07-31,traffic collision,accidental death,confirmed,9935,9935,"27 years, 73 days",composer; musician; schlager singer; singer,,,,,,,
Rodney Phillips,https://en.wikipedia.org/wiki/Rodney_Phillips,Q61460676,1942,1969-09-19,,,possible,9759,10123,"26 years, 262 days to 27 years, 261 days",chess player,,,,,,,
Margaret Tu Chuan,https://en.wikipedia.org/wiki/Margaret_Tu_Chuan,Q15931818,1942-01-01,1969-11-30,,suicide,confirmed,10195,10195,"27 years, 333 days",actor; film actor,,,,,,,
Ken Nuttall,https://en.wikipedia.org/wiki/Ken_Nuttall,Q66022795,1942-02-03,1969-12-15,,,confirmed,10177,10177,"27 years, 315 days",sport cyclist,,,,,,,
Tony Tribe,https://en.wikipedia.org/wiki/Tony_Tribe,Q102722739,1943-10-09,1970,,,possible,9581,9945,"26 years, 84 days to 27 years, 83 days",musician; singer,,,,,,,
Andrea Clemente,https://en.wikipedia.org/wiki/Andrea_Clemente,Q51724186,1942,1970-01-16,,,possible,9878,10242,"27 years, 16 days to 28 years, 15 days",bobsledder,,,,,,,
Hans-Jürgen Krahl,https://en.wikipedia.org/wiki/Hans-J%C3%BCrgen_Krahl,Q90755,1943-01-17,1970-02-13,car collision,,confirmed,9889,9889,"27 years, 27 days",activist; philosopher,,,,,,,
Paul Edmondson,https://en.wikipedia.org/wiki/Paul_Edmondson,Q16006749,1943-02-12,1970-02-13,traffic collision,accidental death,confirmed,9863,9863,"27 years, 1 day",baseball player,,,,,,,
Ria Bartok,https://en.wikipedia.org/wiki/Ria_Bartok,Q3429988,1943-01-26,1970-02-28,,accidental death,confirmed,9895,9895,"27 years, 33 days",singer,,,,,,,
David Ndahura,https://en.wikipedia.org/wiki/David_Ndahura,Q139767765,1942,1970-03-28,,,possible,9949,10313,"27 years, 87 days to 28 years, 86 days",rally driver,,,,,,,
Santiago Herrero,https://en.wikipedia.org/wiki/Santiago_Herrero,Q948718,1943-05-09,1970-06-10,falling; motorcycle accident,accidental death,confirmed,9894,9894,"27 years, 32 days",motorcycle racer,,,,,,,
Dang Thuy Tram,https://en.wikipedia.org/wiki/%C4%90%E1%BA%B7ng_Th%C3%B9y_Tr%C3%A2m,Q910721,1942-11-26,1970-06-22,,death in battle,confirmed,10070,10070,"27 years, 208 days",diarist; military personnel; physician; surgeon; writer,,,,,,,
Leobardo López Arretche,https://en.wikipedia.org/wiki/Leobardo_L%C3%B3pez_Aretche,Q21400350,1942,1970-07-24,,suicide,possible,10067,10431,"27 years, 205 days to 28 years, 204 days",actor; film director; screenwriter; writer,,,,,,,
Franco Bodrero,https://en.wikipedia.org/wiki/Franco_Bodrero,Q3751156,1943-02-07,1970-07-31,,,confirmed,10036,10036,"27 years, 174 days",sport cyclist,,,,,,,
Soledad Miranda,https://en.wikipedia.org/wiki/Soledad_Miranda,Q266319,1943-07-09,1970-08-18,traffic collision,accidental death,confirmed,9902,9902,"27 years, 40 days",actor; film actor; singer,,,,,,,
Alan Wilson,https://en.wikipedia.org/wiki/Alan_Wilson_(musician),Q719520,1943-07-04,1970-09-03,drug overdose,,confirmed,9923,9923,"27 years, 61 days",composer; guitarist; musician; singer; singer-songwriter,,,,,,,
Patrick Argüello,https://en.wikipedia.org/wiki/Patrick_Arg%C3%BCello,Q2044166,1943-03-30,1970-09-06,gunshot wound,homicide; police action,confirmed,10022,10022,"27 years, 160 days",militant; physician; politician,,,,,,,
Jimi Hendrix,https://en.wikipedia.org/wiki/Jimi_Hendrix,Q5928,1942-11-27,1970-09-18,asphyxia,accidental death,confirmed,10157,10157,"27 years, 295 days",composer; guitarist; record producer; rock guitarist; rock musician; singer; singer-songwriter; songwriter; vocalist,,,,,,,
Janis Joplin,https://en.wikipedia.org/wiki/Janis_Joplin,Q1514,1943-01-19,1970-10-04,opioid overdose,accidental death,confirmed,10120,10120,"27 years, 258 days",singer,,,,,,,
Hans-Jürgen Wallbrecht,https://en.wikipedia.org/wiki/Hans-J%C3%BCrgen_Wallbrecht,Q827872,1943-08-08,1970-12-07,,,confirmed,9983,9983,"27 years, 121 days",rower,,,,,,,
Arthur Nortje,https://en.wikipedia.org/wiki/Arthur_Nortje,Q4799846,1942-12-16,1970-12-11,,,confirmed,10222,10222,"27 years, 360 days",poet,,,,,,,
Alireza Nabdel,https://en.wikipedia.org/wiki/Alireza_Nabdel,Q16379004,1944,1971,,,possible,9497,10226,"26 years, 1 day to 27 years, 364 days",essayist; poet; writer,,,,,,,
Kazutaka Komori,https://en.wikipedia.org/wiki/Kazutaka_Komori,Q1060192,1943,1971,,,possible,9863,10591,"27 years, 1 day to 28 years, 364 days",,,,,,,,
Mario Bachand,https://en.wikipedia.org/wiki/Mario_Bachand,Q590204,1944,1971,,,possible,9497,10226,"26 years, 1 day to 27 years, 364 days",painter; politician,,,,,,,
Victoriano Gómez Urrutia,https://en.wikipedia.org/wiki/Victoriano_G%C3%B3mez_Urrutia,Q124398755,1943,1971-02-08,gunshot wound,capital punishment,possible,9901,10265,"27 years, 39 days to 28 years, 38 days",farmworker,,,,,,,
Munshi Abdur Rouf,https://en.wikipedia.org/wiki/Munshi_Abdur_Rouf,Q13651178,1943-05-01,1971-04-18,,,confirmed,10214,10214,"27 years, 352 days",military personnel,,,,,,,
Michael Willetts,https://en.wikipedia.org/wiki/Michael_Willetts,Q6835355,1943-08-13,1971-05-25,,,confirmed,10147,10147,"27 years, 285 days",,,,,,,,
Jim Morrison,https://en.wikipedia.org/wiki/Jim_Morrison,Q44301,1943-12-08,1971-07-03,,undetermined,confirmed,10069,10069,"27 years, 207 days",actor; composer; director; lyricist; musician; poet; rock musician; singer; singer-songwriter; vocalist,,,,,,,
Ralph Judson Palmer,https://en.wikipedia.org/wiki/Ralph_Judson_Palmer,Q54313817,1943,1971-07-14,,,possible,10057,10421,"27 years, 195 days to 28 years, 194 days",publisher,,,,,,,
Yara Yavelberg,https://en.wikipedia.org/wiki/Yara_Yavelberg,Q8049205,1944-05-07,1971-08-20,,,confirmed,9966,9966,"27 years, 105 days",politician; psychologist; university teacher,,,,,,,
Khondakar Abul Kashem,https://en.wikipedia.org/wiki/Khondakar_Abul_Kashem,Q27899149,1944-01-03,1971-09-09,,,confirmed,10111,10111,"27 years, 249 days",academic,,,,,,,
Tamanoumi Masahiro,https://en.wikipedia.org/wiki/Tamanoumi_Masahiro,Q1342119,1944-02-05,1971-10-11,,,confirmed,10110,10110,"27 years, 248 days",rikishi,,,,,,,
Muhammad Mahfuz,https://en.wikipedia.org/wiki/Muhammad_Mahfuz,Q3694571,1944-10-25,1971-12-17,,death in battle,confirmed,9914,9914,"27 years, 53 days",15th Punjab Regiment; military personnel,,,,,,,
Gale Benson,https://en.wikipedia.org/wiki/Gale_Benson,Q5518260,1944-11-04,1972-01-02,asphyxia,homicide,confirmed,9920,9920,"27 years, 59 days",model,,,,,,,
Susan Doerr,https://en.wikipedia.org/wiki/Susan_Doerr,Q7647757,1945-01-13,1972-02-18,,,confirmed,9897,9897,"27 years, 36 days",swimmer,,,,,,,
Linda Jones,https://en.wikipedia.org/wiki/Linda_Jones,Q1679683,1944-12-14,1972-03-14,diabetes,natural causes,confirmed,9952,9952,"27 years, 91 days",singer,,,,,,,
John Olulu,https://en.wikipedia.org/wiki/John_Olulu,Q59656054,1944-05-20,1972-03-17,traffic collision,,confirmed,10163,10163,"27 years, 302 days",boxer,,,,,,,
Mahir Çayan,https://en.wikipedia.org/wiki/Mahir_%C3%87ayan,Q1307293,1945-03-15,1972-03-30,,death in battle; homicide,confirmed,9877,9877,"27 years, 15 days",politician,,,,,,,
Leslie Harvey,https://en.wikipedia.org/wiki/Leslie_Harvey,Q324376,1944-09-13,1972-05-03,electrocution,death by misadventure,confirmed,10094,10094,"27 years, 233 days",guitarist,,,,,,,
Stanley Ray Bond,https://en.wikipedia.org/wiki/Stanley_Ray_Bond,Q7599902,1944-10-30,1972-05-24,,,confirmed,10068,10068,"27 years, 207 days",military personnel,,,,,,,
Janet Kohan-Sedq,https://en.wikipedia.org/wiki/Janet_Cohansedgh,Q6153435,1945,1972-06,traffic collision,,possible,9649,10042,"26 years, 153 days to 27 years, 181 days",athletics competitor,,,,,,,
Huguette Gaulin,https://en.wikipedia.org/wiki/Huguette_Gaulin,Q1395923,1944,1972-06-06,self-immolation,suicide,possible,10019,10384,"27 years, 158 days to 28 years, 157 days",novelist; poet; writer,,,,,,,
Leila Diniz,https://en.wikipedia.org/wiki/Leila_Diniz,Q3449206,1945-03-25,1972-06-14,aircraft crash,accidental death,confirmed,9943,9943,"27 years, 81 days",actor; film actor; stage actor,,,,,,,
Alexander D. Shimkin,https://en.wikipedia.org/wiki/Alexander_D._Shimkin,Q4718682,1944-10-11,1972-07-12,,death in battle,confirmed,10136,10136,"27 years, 275 days",journalist; war correspondent; war photographer,,,,,,,
Vassilis Lymberis,https://en.wikipedia.org/wiki/Vassilis_Lymberis,Q12874545,1945,1972-08-25,gunshot wound,capital punishment,possible,9734,10098,"26 years, 238 days to 27 years, 237 days",criminal,,,,,,,
André Spitzer,https://en.wikipedia.org/wiki/Andre_Spitzer,Q522888,1945-07-04,1972-09-06,gunshot wound,homicide,confirmed,9926,9926,"27 years, 64 days",coach; fencer; fencing master,,,,,,,
Marian Kegel,https://en.wikipedia.org/wiki/Marian_Kegel,Q11769483,1945-05-25,1972-09-19,,,confirmed,9979,9979,"27 years, 117 days",sport cyclist,,,,,,,
Freddy Molina,https://en.wikipedia.org/wiki/Freddy_Molina,Q136259754,1945-08-04,1972-10-14,,,confirmed,9933,9933,"27 years, 71 days",,,,,,,,
Rick Sanders,https://en.wikipedia.org/wiki/Rick_Sanders_(wrestler),Q2150517,1945-01-20,1972-10-18,traffic collision,,confirmed,10133,10133,"27 years, 272 days",amateur wrestler,,,,,,,
Vang Sue,https://en.wikipedia.org/wiki/Vang_Sue,Q7914747,1945-01-30,1972-10-18,,death in battle,confirmed,10123,10123,"27 years, 262 days",fighter pilot,,,,,,,
Ernie Elliott,https://en.wikipedia.org/wiki/Ernie_Elliott,Q5394464,1944,1972-12-06,,,possible,10202,10567,"27 years, 341 days to 28 years, 340 days",,,,,,,,
Wallelign Mekonnen,https://en.wikipedia.org/wiki/Wallelign_Mekonnen,Q7963017,1945-03-22,1972-12-10,,,confirmed,10125,10125,"27 years, 263 days",politician,,,,,,,
David Whiting,https://en.wikipedia.org/wiki/David_Whiting,Q109253816,1946,1973,,,possible,9498,10226,"26 years, 1 day to 27 years, 364 days",film producer,,,,,,,
John Lunn,https://en.wikipedia.org/wiki/John_Lunn_(footballer),Q20706930,1946-12-09,1973,,,possible,9520,9884,"26 years, 23 days to 27 years, 22 days",association football coach; association football player,,,,,,,
Pedro Berruezo,https://en.wikipedia.org/wiki/Pedro_Berruezo,Q6068316,1945-05-22,1973-01-07,myocardial infarction,natural causes,confirmed,10092,10092,"27 years, 230 days",association football player,,,,,,,
Apisai Toga,https://en.wikipedia.org/wiki/Apisai_Toga,Q18640544,1945,1973-01-27,,,possible,9889,10253,"27 years, 27 days to 28 years, 26 days",rugby league player; rugby union player,,,,,,,
Allan F. Nicholls,https://en.wikipedia.org/wiki/Allan_F._Nicholls,Q15442268,1945-04-08,1973-02-18,,,confirmed,10178,10178,"27 years, 316 days",actor; composer; film director; screenwriter,,,,,,,
"Ron ""Pigpen"" McKernan",https://en.wikipedia.org/wiki/Ron_%22Pigpen%22_McKernan,Q2165146,1945-09-08,1973-03-08,gastrointestinal bleeding,natural causes,confirmed,10043,10043,"27 years, 181 days",percussionist; singer,,,,,,,
Judy Lucero,https://en.wikipedia.org/wiki/Judy_Lucero,Q18157513,1945-06-12,1973-04,,,confirmed,10155,10184,"27 years, 293 days to 27 years, 322 days",poet; writer,,,,,,,
Jarno Saarinen,https://en.wikipedia.org/wiki/Jarno_Saarinen,Q727012,1945-12-11,1973-05-20,falling; struck by vehicle,accidental death,confirmed,10022,10022,"27 years, 160 days",athlete; motorcycle racer,,,,,,,
Harold Sonny Ladoo,https://en.wikipedia.org/wiki/Harold_Sonny_Ladoo,Q15522241,1945,1973-08-17,,,possible,10091,10455,"27 years, 229 days to 28 years, 228 days",novelist; writer,,,,,,,
Manuel Negrete,https://en.wikipedia.org/wiki/Manuel_Negrete_(shooting),Q6752767,1946,1973-10-10,sepsis,natural causes,possible,9780,10144,"26 years, 283 days to 27 years, 282 days",,,,,,,,
Alexander Berlizov,https://en.wikipedia.org/wiki/Aleksandr_Berlizov,Q16536613,1946-10-12,1974,execution by shooting,capital punishment,possible,9943,10307,"27 years, 81 days to 28 years, 80 days",serial killer; turner,,,,,,,
Heba,https://en.wikipedia.org/wiki/Heba_Selim,Q4119524,1947,1974,hanging to death,capital punishment,possible,9498,10226,"26 years, 1 day to 27 years, 364 days",spy,,,,,,,
Jim Hanna,https://en.wikipedia.org/wiki/Jim_Hanna_(loyalist),Q6195433,1947,1974-04-01,,,possible,9588,9952,"26 years, 91 days to 27 years, 90 days",,,,,,,,
Pamela Courson,https://en.wikipedia.org/wiki/Pamela_Courson,Q428967,1946-12-22,1974-04-25,drug overdose,accidental death,confirmed,9986,9986,"27 years, 124 days",singer,,,,,,,
Long Beach Jane Doe,https://en.wikipedia.org/wiki/Long_Beach_Jane_Doe,Q18612416,1946,1974-05-27,,,possible,10009,10373,"27 years, 147 days to 28 years, 146 days",,,,,,,,
Raymond F. Boyce,https://en.wikipedia.org/wiki/Raymond_F._Boyce,Q93007,1946,1974-06-16,,,possible,10029,10393,"27 years, 167 days to 28 years, 166 days",computer scientist,,,,,,,
Alain Convard,https://en.wikipedia.org/wiki/Alain_Convard,Q2636373,1947-01-16,1974-08-06,,,confirmed,10064,10064,"27 years, 202 days",archer,,,,,,,
Ronald Jerothe,https://en.wikipedia.org/wiki/Ronald_Jerothe,Q7364989,1947-05-24,1974-12-12,,homicide,confirmed,10064,10064,"27 years, 202 days",,,,,,,,
Awali Ungunaibe,https://en.wikipedia.org/wiki/Awali_Ungunaibe,Q87195498,1947,1975,,,possible,9863,10591,"27 years, 1 day to 28 years, 364 days",,,,,,,,
Mike Marshall,https://en.wikipedia.org/wiki/Mike_Marshall_(inventor),Q6847810,1947,1975,,,possible,9863,10591,"27 years, 1 day to 28 years, 364 days",athlete,,,,,,,
Robert Wedderburn,https://en.wikipedia.org/wiki/Robert_Wedderburn_(statistician),Q3938461,1947-03-13,1975,,,possible,10156,10520,"27 years, 294 days to 28 years, 293 days",statistician,,,,,,,
Wally Hope,https://en.wikipedia.org/wiki/Wally_Hope,Q7963395,1947-08-09,1975,,,possible,10007,10371,"27 years, 145 days to 28 years, 144 days",,,,,,,,
Dave Alexander,https://en.wikipedia.org/wiki/Dave_Alexander_(musician),Q562112,1947-06-03,1975-02-10,pulmonary edema,natural causes,confirmed,10114,10114,"27 years, 252 days",bassist; musician; songwriter,,,,,,,
Maru Sira,https://en.wikipedia.org/wiki/Maru_Sira,Q6777882,1948,1975-03-05,hanging to death,capital punishment,possible,9560,9925,"26 years, 64 days to 27 years, 63 days",,,,,,,,
Buzz Goodbody,https://en.wikipedia.org/wiki/Buzz_Goodbody,Q5003529,1947,1975-04-12,,suicide,possible,9964,10328,"27 years, 102 days to 28 years, 101 days",theatre director,,,,,,,
Pete Ham,https://en.wikipedia.org/wiki/Pete_Ham,Q1493339,1947-04-27,1975-04-24,hanging to death,suicide,confirmed,10224,10224,"27 years, 362 days",composer; guitarist; singer; songwriter,,,,,,,
Veronica Forrest-Thomson,https://en.wikipedia.org/wiki/Veronica_Forrest-Thomson,Q7922409,1947-11-28,1975-04-26,,suicide,confirmed,10011,10011,"27 years, 149 days",poet; theorist; writer,,,,,,,
Li Tobler,https://en.wikipedia.org/wiki/Li_Tobler,Q6539123,1948,1975-05-19,,suicide,possible,9635,10000,"26 years, 139 days to 27 years, 138 days",actor; gallerist; model; muse; stage actor,,,,,,,
Juan Gonzalez,https://en.wikipedia.org/wiki/Juan_Gonzalez_(jockey),Q6299903,1948-02-22,1975-07-05,horse fall,,confirmed,9995,9995,"27 years, 133 days",jockey,,,,,,,
Ambrose Morgan,https://en.wikipedia.org/wiki/Ambrose_Morgan,Q133931173,1947,1975-08-16,,,possible,10090,10454,"27 years, 228 days to 28 years, 227 days",rugby league player,,,,,,,
Mark Frechette,https://en.wikipedia.org/wiki/Mark_Frechette,Q911850,1947-12-04,1975-09-27,,accidental death,confirmed,10159,10159,"27 years, 297 days",actor,,,,,,,
Isabel Barreto Lobato,https://en.wikipedia.org/wiki/Isabel_Barreto_Lobato,Q45679485,1948,1975-12-07,,,possible,9837,10202,"26 years, 341 days to 27 years, 340 days",politician,,,,,,,
Gary Thain,https://en.wikipedia.org/wiki/Gary_Thain,Q724243,1948-05-15,1975-12-08,drug overdose,,confirmed,10068,10068,"27 years, 207 days",bass guitarist; bassist; guitarist; musician,,,,,,,
Juan Bosco Maino Canales,https://en.wikipedia.org/wiki/Juan_Maino,Q6300292,1949-02-19; 1949-03-28,1976,,Detainees-Disappeared,possible,9775,10177,"26 years, 279 days to 27 years, 316 days",engineer; photographer; university student,,,,,,,
Vichara Dany,https://en.wikipedia.org/wiki/Vichara_Dany,Q16008001,1948,1976,puerperal disorders,natural causes,possible,9862,10592,"27 years, 1 day to 28 years, 365 days",actor,,,,,,,
Visnujana Swami,https://en.wikipedia.org/wiki/Visnujana_Swami,Q4112767,1948-06-02,1976,,,possible,10074,10439,"27 years, 213 days to 28 years, 212 days",musician,,,,,,,
Vladimir Sarenpya,https://en.wikipedia.org/wiki/Vladimir_Sarenpya,Q4408580,1949,1976,gunshot wound,,possible,9497,10226,"26 years, 1 day to 27 years, 365 days",bus driver; serial killer,,,,,,,
Gertrude Gabl,https://en.wikipedia.org/wiki/Gertrud_Gabl,Q291998,1948-08-26,1976-01-18,,,confirmed,10006,10006,"27 years, 145 days",alpine skier,,,,,,,
Emmanuel F. Lacaba,https://en.wikipedia.org/wiki/Emmanuel_Lacaba,Q5373223,1948-12-10,1976-03-18,,,confirmed,9960,9960,"27 years, 99 days",journalist; poet,,,,,,,
Otello Buscherini,https://en.wikipedia.org/wiki/Otello_Buscherini,Q3887058,1949-01-19,1976-05-16,,,confirmed,9979,9979,"27 years, 118 days",motorcycle racer,,,,,,,
El-Ouali Mustapha Sayed,https://en.wikipedia.org/wiki/El-Ouali_Mustapha_Sayed,Q285662,1948,1976-06-09,,death in battle; homicide,possible,10022,10387,"27 years, 161 days to 28 years, 160 days",herder; politician,,,,,,,
Wilfried Böse,https://en.wikipedia.org/wiki/Wilfried_B%C3%B6se,Q78424,1949-02-17,1976-07-04,,,confirmed,9999,9999,"27 years, 138 days",political activist,,,,,,,
Cecilia,https://en.wikipedia.org/wiki/Cecilia_(Spanish_singer),Q937017,1948-10-11,1976-08-02,traffic collision,accidental death,confirmed,10157,10157,"27 years, 296 days",recording artist; singer; singer-songwriter; songwriter,,,,,,,
Karianne Christiansen,https://en.wikipedia.org/wiki/Karianne_Christiansen,Q546519,1949-02-24,1976-10-30,,,confirmed,10110,10110,"27 years, 249 days",alpine skier,,,,,,,
Kim Dae-doo,https://en.wikipedia.org/wiki/Kim_Dae-doo,Q12587130,1949-10-11,1976-12-28,,,confirmed,9940,9940,"27 years, 78 days",,,,,,,,
Bunker Spreckels,https://en.wikipedia.org/wiki/Bunker_Spreckels,Q15302241,1949,1977,,,possible,9863,10591,"27 years, 1 day to 28 years, 364 days",surfer,,,,,,,
Ray Hester,https://en.wikipedia.org/wiki/Ray_Hester,Q7297613,1949-03-31,1977,,,possible,10138,10502,"27 years, 276 days to 28 years, 275 days",American football player,,,,,,,
Valery Logvinov,https://en.wikipedia.org/wiki/Valery_Logvinov,Q124735401,1950,1977,execution by shooting,capital punishment,possible,9498,10226,"26 years, 1 day to 27 years, 364 days",serial killer,,,,,,,
Art Lown,https://en.wikipedia.org/wiki/Art_Lown,Q137802677,1949-12-21,1977-02-08,,,confirmed,9911,9911,"27 years, 49 days",singer-songwriter,,,,,,,
Alain Escoffier,https://en.wikipedia.org/wiki/Alain_Escoffier,Q3607649,1949-10-25,1977-02-10,,suicide,confirmed,9970,9970,"27 years, 108 days",political activist,,,,,,,
Tom Pryce,https://en.wikipedia.org/wiki/Tom_Pryce,Q172835,1949-06-11,1977-03-05,traffic collision,,confirmed,10129,10129,"27 years, 267 days",Formula One driver; motorcycle racer; racing automobile driver,,,,,,,
Josef Angermüller,https://en.wikipedia.org/wiki/Josef_Angerm%C3%BCller,Q15486672,1949-11-06,1977-04-24,,,confirmed,10031,10031,"27 years, 169 days",speedway rider,,,,,,,
Kevin Holden,https://en.wikipedia.org/wiki/Kevin_Holden,Q107987223,1950,1977-04-27,,,possible,9614,9978,"26 years, 117 days to 27 years, 116 days",,,,,,,,
Helmut Köllen,https://en.wikipedia.org/wiki/Helmut_K%C3%B6llen,Q5709669,1950-03-02,1977-05-03,carbon monoxide poisoning,natural causes,confirmed,9924,9924,"27 years, 62 days",singer,,,,,,,
Haki Karer,https://en.wikipedia.org/wiki/Haki_Karer,Q3677868,1950,1977-05-18,,homicide,possible,9635,9999,"26 years, 138 days to 27 years, 137 days",politician,,,,,,,
Artur Nunes,https://en.wikipedia.org/wiki/Artur_Nunes,Q112252126,1950; 1950-12-17,1977-05-27,,,possible,9644,10008,"26 years, 147 days to 27 years, 146 days",musician,,,,,,,
José Carlos Schwarz,https://en.wikipedia.org/wiki/Jos%C3%A9_Carlos_Schwarz,Q3322725,1949-12-06,1977-05-27,aviation accident,,confirmed,10034,10034,"27 years, 172 days",musician; poet,,,,,,,
José Van-Dúnem,https://en.wikipedia.org/wiki/Jos%C3%A9_Jacinto_Van-D%C3%BAnem,Q117311859,1949-08-29,1977-07-08,,,confirmed,10175,10175,"27 years, 313 days",military personnel; politician,,,,,,,
Hamida Djandoubi,https://en.wikipedia.org/wiki/Hamida_Djandoubi,Q465589,1949-09-22,1977-09-10,decapitation; decapitation by guillotine,capital punishment,confirmed,10215,10215,"27 years, 353 days",agricultural worker; femicide; murderer; rapist; torturer,,,,,,,
Rosie Jimenez,https://en.wikipedia.org/wiki/Rosie_Jimenez,Q41662792,1950-08-05,1977-10-03,,,confirmed,9921,9921,"27 years, 59 days",,,,,,,,
"Abraham Sarmiento, Jr.",https://en.wikipedia.org/wiki/Abraham_Sarmiento_Jr.,Q4669166,1950-06-05,1977-11-11,myocardial infarction,natural causes,confirmed,10021,10021,"27 years, 159 days",journalist,,,,,,,
Dennis Barth,https://en.wikipedia.org/wiki/Dennis_Barth,Q54329453,1951,1978,,,possible,9498,10226,"26 years, 1 day to 27 years, 364 days",,,,,,,,
Anatoly Kuzmin,https://en.wikipedia.org/wiki/Anatoly_Kuzmin_(speedway_rider),Q4245327,1950-03-03,1978-01-07,traffic collision,,confirmed,10172,10172,"27 years, 310 days",athlete,,,,,,,
André Paiement,https://en.wikipedia.org/wiki/Andr%C3%A9_Paiement,Q2848386,1950-06-28,1978-01-23,,suicide,confirmed,10071,10071,"27 years, 209 days",actor; playwright; singer-songwriter; songwriter; theatre director,,,,,,,
Zuzana Ondrouchová,https://en.wikipedia.org/wiki/Zuzana_Ondrouchov%C3%A1,Q4141161,1950-03-20,1978-02-03,cancer,natural causes,confirmed,10182,10182,"27 years, 320 days",actor,,,,,,,
Debbie Weems,https://en.wikipedia.org/wiki/Debbie_Weems,Q5248009,1950-02-01; 1951-02-03,1978-02-22,falling,suicide,possible,9881,10248,"27 years, 19 days to 28 years, 21 days",actor; singer; stage actor; television actor,,,,,,,
Camilo Ortega,https://en.wikipedia.org/wiki/Camilo_Ortega,Q4337098,1950-12-13,1978-02-26,,,confirmed,9937,9937,"27 years, 75 days",politician; revolutionary,,,,,,,
Luis Abraham Coreas,https://en.wikipedia.org/wiki/Luis_Abraham_Coreas,Q6700239,1950-08-10,1978-03-13,,,confirmed,10077,10077,"27 years, 215 days",association football player,,,,,,,
Dominique Darel,https://en.wikipedia.org/wiki/Dominique_Darel,Q5291121,1950,1978-06-04,traffic collision,,possible,10017,10381,"27 years, 155 days to 28 years, 154 days",actor; model,,,,,,,
Barry Brown,https://en.wikipedia.org/wiki/Barry_Brown_(actor),Q3635219,1951-04-19,1978-06-25; 1978-06-27,gunshot wound,suicide,confirmed,9929,9931,"27 years, 67 days to 27 years, 69 days",actor; film actor; stage actor; television actor; writer,,,,,,,
Stuart Robert Glass,https://en.wikipedia.org/wiki/Stuart_Robert_Glass,Q7627024,1951-06-25,1978-08-13,,homicide,confirmed,9911,9911,"27 years, 49 days",sailor,,,,,,,
Michael Echanis,https://en.wikipedia.org/wiki/Michael_Echanis,Q6830065,1950-11-16,1978-09-08,,death in battle,confirmed,10158,10158,"27 years, 296 days",martial artist,,,,,,,
A. J. Bakunas,https://en.wikipedia.org/wiki/A._J._Bakunas,Q4647885,1950-10-23,1978-09-21,falling from height,accidental death,confirmed,10195,10195,"27 years, 333 days",actor; stunt performer; teacher,,,,,,,
Lyman Bostock,https://en.wikipedia.org/wiki/Lyman_Bostock,Q6708010,1950-11-22,1978-09-23,,homicide,confirmed,10167,10167,"27 years, 305 days",baseball player,,,,,,,
Steve Mitchell,"https://en.wikipedia.org/wiki/Steve_Mitchell_(basketball,_born_1951)",Q3973370,1951-04-15,1978-12-05,,,confirmed,10096,10096,"27 years, 234 days",basketball player,,,,,,,
Chris Bell,https://en.wikipedia.org/wiki/Chris_Bell_(American_musician),Q5105876,1951-01-12,1978-12-27,traffic collision,accidental death,confirmed,10211,10211,"27 years, 349 days",guitarist; musician; singer; singer-songwriter; songwriter,,,,,,,
Theresa Ferrara,https://en.wikipedia.org/wiki/Theresa_Ferrara,Q534820,1952,1979-02-10,,homicide,possible,9537,9902,"26 years, 41 days to 27 years, 40 days",model,,,,,,,
Lorenzo Reyes,https://en.wikipedia.org/wiki/Lorenzo_Reyes_(Mexican_footballer),Q60685913,1951-08-10,1979-02-23,,,confirmed,10059,10059,"27 years, 197 days",association football player,,,,,,,
Kampatimar Shankariya,https://en.wikipedia.org/wiki/Kampatimar_Shankariya,Q78143076,1952,1979-05-16,hanging to death,,possible,9632,9997,"26 years, 136 days to 27 years, 135 days",serial killer,,,,,,,
Scott Garland,https://en.wikipedia.org/wiki/Scott_Garland_(ice_hockey),Q6378815,1952-05-16,1979-06-09,traffic collision,,confirmed,9885,9885,"27 years, 24 days",ice hockey player,,,,,,,
Olive Morris,https://en.wikipedia.org/wiki/Olive_Morris,Q7087181,1952-06-26,1979-07-12,non-Hodgkin lymphoma,natural causes,confirmed,9877,9877,"27 years, 16 days",women's rights activist,,,,,,,
Torsam Khan,https://en.wikipedia.org/wiki/Torsam_Khan,Q7827175,1952,1979-11-28,myocardial infarction,natural causes,possible,9828,10193,"26 years, 332 days to 27 years, 331 days",squash player,,,,,,,
Umar Bakkalcha,https://en.wikipedia.org/wiki/Umar_Bakkalcha,Q16009194,1953,1980,,,possible,9497,10226,"26 years, 1 day to 27 years, 365 days",,,,,,,,
Jacob Miller,https://en.wikipedia.org/wiki/Jacob_Miller_(musician),Q655163,1952-05-04,1980-03-23,traffic collision,accidental death,confirmed,10185,10185,"27 years, 324 days",singer; songwriter,,,,,,,
Reid Blackburn,https://en.wikipedia.org/wiki/Reid_Blackburn,Q3068540,1952-08-11,1980-05-18,1980 eruption of Mount St. Helens,,confirmed,10142,10142,"27 years, 281 days",journalist; photographer; photojournalist,,,,,,,
Troy Leon Gregg,https://en.wikipedia.org/wiki/Troy_Leon_Gregg,Q5770475,1953,1980-07-29,blunt trauma,,possible,9707,10071,"26 years, 211 days to 27 years, 210 days",,,,,,,,
Patrick Pons,https://en.wikipedia.org/wiki/Patrick_Pons,Q2000449,1952-12-24,1980-08-12,,,confirmed,10093,10093,"27 years, 232 days",motorcycle racer,,,,,,,
Elena Zharkova,https://en.wikipedia.org/wiki/Elena_Zharkova,Q29438757,1953-07-12,1980-11-04,,,confirmed,9977,9977,"27 years, 115 days",ice dancer,,,,,,,
Jean Donovan,https://en.wikipedia.org/wiki/Jean_Donovan,Q3171780,1953-04-10,1980-12-02,,homicide,confirmed,10098,10098,"27 years, 236 days",missionary,,,,,,,
Ahmad Keshvari,https://en.wikipedia.org/wiki/Ahmad_Keshvari,Q5958777,1953-06,1980-12-07,,death in battle,confirmed,10022,10051,"27 years, 160 days to 27 years, 189 days",aircraft pilot,,,,,,,
Alain Béraud,https://en.wikipedia.org/wiki/Alain_B%C3%A9raud,Q137734848,1953,1981,,,possible,9863,10591,"27 years, 1 day to 28 years, 364 days",motorcycle racer; racing driver,,,,,,,
Alexander Skrynnik,https://en.wikipedia.org/wiki/Alexander_Skrynnik,Q56872314,1953,1981,execution by shooting,,possible,9863,10591,"27 years, 1 day to 28 years, 364 days",serial killer; udarnik,,,,,,,
Mel Holden,https://en.wikipedia.org/wiki/Mel_Holden,Q6810729,1954-08-25,1981,,,possible,9626,9990,"26 years, 129 days to 27 years, 128 days",association football coach; association football player,,,,,,,
Shehu Kangiwa,https://en.wikipedia.org/wiki/Shehu_Kangiwa,Q7492860,1953,1981,,,possible,9863,10591,"27 years, 1 day to 28 years, 364 days",minister; politician,,,,,,,
José Martínez González,https://en.wikipedia.org/wiki/Pepe_Mart%C3%ADnez_(footballer),Q4282585,1953-05-29,1981-02-14,traffic collision,accidental death,confirmed,10123,10123,"27 years, 261 days",association football player,,,,,,,
Gerry Bertier,https://en.wikipedia.org/wiki/Gerry_Bertier,Q2506815,1953-08-20,1981-03-20,car collision,accidental death,confirmed,10074,10074,"27 years, 212 days",association football player,,,,,,,
Carmenza Cardona Londoño,https://en.wikipedia.org/wiki/Carmenza_Cardona_Londo%C3%B1o,Q64683952,1953,1981-03-28,,,possible,9949,10313,"27 years, 87 days to 28 years, 86 days",partisan,,,,,,,
Bobby Sands,https://en.wikipedia.org/wiki/Bobby_Sands,Q121615,1954-03-09,1981-05-05,starvation,suicide,confirmed,9919,9919,"27 years, 57 days",activist; animator; Karosseriebauer; politician,,,,,,,
Rusty Chambers,https://en.wikipedia.org/wiki/Rusty_Chambers,Q7382577,1953-11-10; 1953-11-12,1981-07-01,car collision,accidental death,confirmed,10093,10095,"27 years, 231 days to 27 years, 233 days",American football player,,,,,,,
Michael Devine,https://en.wikipedia.org/wiki/Michael_Devine_(hunger_striker),Q328003,1954-05-26,1981-08-20,starvation,suicide,confirmed,9948,9948,"27 years, 86 days",political activist,,,,,,,
Peter J. Young,https://en.wikipedia.org/wiki/Peter_J._Young,Q115181212,1954,1981-09-05,,,possible,9745,10109,"26 years, 248 days to 27 years, 247 days",academic; astrophysicist,,,,,,,
Mujibur Rahman,"https://en.wikipedia.org/wiki/Mujibur_Rahman_(officer,_born_1953)",Q117317370,1953,1981-09-23,,,possible,10128,10492,"27 years, 266 days to 28 years, 265 days",military personnel,,,,,,,
Peg Neppel,https://en.wikipedia.org/wiki/Peg_Neppel,Q137646087,1953,1981-10-16,,,possible,10151,10515,"27 years, 289 days to 28 years, 288 days",,,,,,,,
Steve Macko,https://en.wikipedia.org/wiki/Steve_Macko,Q7613223,1954-09-06,1981-11-15,testicular cancer,natural causes,confirmed,9932,9932,"27 years, 70 days",baseball player,,,,,,,
Alex MacIntyre,https://en.wikipedia.org/wiki/Alex_MacIntyre,Q9147113,1954,1982,,,possible,9863,10591,"27 years, 1 day to 28 years, 364 days",mountaineer,,,,,,,
Greg Dubinetz,https://en.wikipedia.org/wiki/Greg_Dubinetz,Q5605511,1954-04-15,1982,,,possible,10123,10487,"27 years, 261 days to 28 years, 260 days",American football player,,,,,,,
Vera Plevnik,https://en.wikipedia.org/wiki/Vera_Plevnik,Q23304421,1955,1982,traffic collision,,possible,9498,10226,"26 years, 1 day to 27 years, 364 days",actor,,,,,,,
Kathy Gibbons,https://en.wikipedia.org/wiki/Kathy_Gibbons,Q136675168,1954,1982-01-13,,,possible,9875,10239,"27 years, 13 days to 28 years, 12 days",athletics competitor,,,,,,,
Wilfred Hawker,https://en.wikipedia.org/wiki/Wilfred_Hawker,Q2294834,1955,1982-03-13,gunshot wound,capital punishment,possible,9569,9933,"26 years, 72 days to 27 years, 71 days",military personnel; politician,,,,,,,
Mazlum Doğan,https://en.wikipedia.org/wiki/Mazlum_Do%C4%9Fan,Q614925,1955,1982-03-21,self-immolation,suicide,possible,9577,9941,"26 years, 80 days to 27 years, 79 days",politician,,,,,,,
Khalid al-Islambuli,https://en.wikipedia.org/wiki/Khalid_Al-Islambuli,Q1996382,1955-01-15,1982-04-15,gunshot wound,capital punishment,confirmed,9952,9952,"27 years, 90 days",military personnel,,,,,,,
Muhammad abd-al-Salam Faraj,https://en.wikipedia.org/wiki/Muhammad_Abd_al-Salam_Faraj,Q537626,1954,1982-04-15,,capital punishment,possible,9967,10331,"27 years, 105 days to 28 years, 104 days",revolutionary; theologian,,,,,,,
Paul Dörflinger,https://en.wikipedia.org/wiki/Paul_D%C3%B6rflinger,Q1601294,1955-01-23,1982-05-04,,,confirmed,9963,9963,"27 years, 101 days",association football player,,,,,,,
Vincent Chin,https://en.wikipedia.org/wiki/Killing_of_Vincent_Chin,Q6125669,1955-05-18,1982-06-23,blunt trauma,homicide,confirmed,9898,9898,"27 years, 36 days",,,,,,,,
Hans van Tongeren,https://en.wikipedia.org/wiki/Hans_van_Tongeren,Q2753627,1955-01-18,1982-08-25,,suicide,confirmed,10081,10081,"27 years, 219 days",film actor,,,,,,,
Rick Rasmussen,https://en.wikipedia.org/wiki/Rick_Rasmussen,Q27887970,1955,1982-08-26,,,possible,9735,10099,"26 years, 238 days to 27 years, 237 days",surfer,,,,,,,
Michał Adamowicz,https://en.wikipedia.org/wiki/Micha%C5%82_Adamowicz,Q124038048,1954,1982-09-05,,,possible,10110,10474,"27 years, 248 days to 28 years, 247 days",,,,,,,,
Maura O'Halloran,https://en.wikipedia.org/wiki/Maura_O%27Halloran,Q6792628,1955-05-24,1982-10-22,,,confirmed,10013,10013,"27 years, 151 days",nun,,,,,,,
Jeganathan,https://en.wikipedia.org/wiki/Ganeshanathan_Jeganathan,Q6176417,1956-10-28,1983,,,possible,9561,9925,"26 years, 65 days to 27 years, 64 days",,,,,,,,
Mal Creevey,https://en.wikipedia.org/wiki/Mal_Creevey,Q61895861,1956,1983,,,possible,9497,10226,"26 years, 1 day to 27 years, 364 days",rugby league player,,,,,,,
Bert Bertrand,https://en.wikipedia.org/wiki/Bert_Bertrand,Q2899181,1955-04-01,1983-02-06,,suicide,confirmed,10173,10173,"27 years, 311 days",journalist; musician,,,,,,,
Simon Rodhouse,https://en.wikipedia.org/wiki/Simon_Rodhouse,Q69507075,1955-04-20,1983-02-24,,,confirmed,10172,10172,"27 years, 310 days",athletics competitor,,,,,,,
Olivier Chandon de Brailles,https://en.wikipedia.org/wiki/Olivier_Chandon_de_Brailles,Q7088136,1955-09-17,1983-03-02,drowning,,confirmed,10028,10028,"27 years, 166 days",aircraft pilot; racing automobile driver; racing driver,,,,,,,
Sheila Hodgers,https://en.wikipedia.org/wiki/Sheila_Hodgers,Q7493067,1956,1983-03-19,cancer,natural causes,possible,9574,9939,"26 years, 78 days to 27 years, 77 days",,,,,,,,
Ken Ramsauer,https://en.wikipedia.org/wiki/Ken_Ramsauer,Q30187108,1955,1983-05-24,death from AIDS-related complications,,possible,10006,10370,"27 years, 144 days to 28 years, 143 days",,,,,,,,
Mutsuko Ayano,https://en.wikipedia.org/wiki/Mutsuko_Ayano,Q1265569,1956-09-30,1983-11-21,,,confirmed,9913,9913,"27 years, 52 days",Germanist,,,,,,,
Mehnga Singh Babbar,https://en.wikipedia.org/wiki/Mehnga_Singh_Babbar,Q17009883,1957,1984,,,possible,9497,10226,"26 years, 1 day to 27 years, 365 days",,,,,,,,
Antoine Mac Giolla Bhrighde,https://en.wikipedia.org/wiki/Antoine_Mac_Giolla_Bhrighde,Q4775506,1957-08-29,1984-12-02,gunshot wound,,confirmed,9957,9957,"27 years, 95 days",revolutionary,,,,,,,
Alejandro González Malavé,https://en.wikipedia.org/wiki/Alejandro_Gonz%C3%A1lez_Malav%C3%A9,Q4714553,1958,1985,,,possible,9498,10226,"26 years, 1 day to 27 years, 364 days",police officer,,,,,,,
Stefan Bellof,https://en.wikipedia.org/wiki/Stefan_Bellof,Q57435,1957-11-20,1985-09-01,,,confirmed,10147,10147,"27 years, 285 days",Formula One driver,,,,,,,
Masako Natsume,https://en.wikipedia.org/wiki/Masako_Natsume,Q3276472,1957-11-17; 1957-12-17,1985-09-11,leukemia,natural causes,confirmed,10130,10160,"27 years, 268 days to 27 years, 298 days",actor; model; poet; writer,,,,,,,
D. Boon,https://en.wikipedia.org/wiki/D._Boon,Q744528,1958-04-01,1985-12-22,traffic collision,accidental death,confirmed,10127,10127,"27 years, 265 days",guitarist; singer-songwriter; songwriter,,,,,,,
Michael Strunge,https://en.wikipedia.org/wiki/Michael_Strunge,Q3357187,1958-06-19,1986-03-09,falling,suicide,confirmed,10125,10125,"27 years, 263 days",poet; writer,,,,,,,
Maria Berushko,https://en.wikipedia.org/wiki/Maria_Beruski,Q3301451,1959,1986-04-04,,accidental death,possible,9591,9955,"26 years, 94 days to 27 years, 93 days",teacher,,,,,,,
Mahua Roychoudhury,https://en.wikipedia.org/wiki/Mahua_Roy_Choudhury,Q13059245,1958-09-24,1986-07-22,,suicide,confirmed,10163,10163,"27 years, 301 days",actor; film actor,,,,,,,
Sabz Ali Khodadad,https://en.wikipedia.org/wiki/Sabz_Ali_Khodadad,Q102756466,1959,1986-11-30,,,possible,9831,10195,"26 years, 334 days to 27 years, 333 days",military personnel,,,,,,,
Joe DeSa,https://en.wikipedia.org/wiki/Joe_DeSa,Q6209443,1959-07-27,1986-12-20,,,confirmed,10008,10008,"27 years, 146 days",baseball player,,,,,,,
J. Vijaya,https://en.wikipedia.org/wiki/Jagannathan_Vijaya,Q61715396,1959,1987,,,possible,9863,10591,"27 years, 1 day to 28 years, 364 days",herpetologist,,,,,,,
Eliseo Moreno,https://en.wikipedia.org/wiki/Eliseo_Moreno,Q21033595,1959-09-27,1987-03-04,,,confirmed,10020,10020,"27 years, 158 days",,,,,,,,
Lawrence Anini,https://en.wikipedia.org/wiki/Lawrence_Anini,Q15460827,1960,1987-03-29,gunshot wound,,possible,9584,9949,"26 years, 88 days to 27 years, 87 days",bank robber,,,,,,,
Gregory A. Fronius,https://en.wikipedia.org/wiki/Gregory_A._Fronius,Q136036074,1959-11-03,1987-03-31,,,confirmed,10010,10010,"27 years, 148 days",military personnel,,,,,,,
Ben Linder,https://en.wikipedia.org/wiki/Ben_Linder,Q4886063,1959-07-07,1987-04-28,,homicide,confirmed,10157,10157,"27 years, 295 days",engineer; power engineer,,,,,,,
Leandro Alejandro,https://en.wikipedia.org/wiki/Lean_Alejandro,Q2653132,1960-07-10,1987-09-19,,homicide,confirmed,9932,9932,"27 years, 71 days",political activist; student,,,,,,,
Percy Wickremasinghe,https://en.wikipedia.org/wiki/Percy_Wickremasinghe,Q34733493,1960-03-27,1987-11-26,,,confirmed,10105,10105,"27 years, 244 days",politician,,,,,,,
Manbir Singh Chaheru,https://en.wikipedia.org/wiki/Manbir_Singh_Chaheru,Q6747184,1959,1987-12,,homicide,possible,10197,10591,"27 years, 335 days to 28 years, 364 days",,,,,,,,
Yolanda Vadiz,https://en.wikipedia.org/wiki/Yolanda_Vadiz,Q8054747,1959,1987-12-08,,,possible,10204,10568,"27 years, 342 days to 28 years, 341 days",singer,,,,,,,
Happy Akhand,https://en.wikipedia.org/wiki/Happy_Akhand,Q13060298,1960-10-12,1987-12-28,,,confirmed,9938,9938,"27 years, 77 days",singer,,,,,,,
Alexander Bashlachev,https://en.wikipedia.org/wiki/Alexander_Bashlachev,Q973400,1960-05-27,1988-02-17,falling,suicide,confirmed,10127,10127,"27 years, 266 days",composer; guitarist; journalist; poet; singer; singer-songwriter; writer,,,,,,,
Amar Singh Chamkila,https://en.wikipedia.org/wiki/Amar_Singh_Chamkila,Q4740048,1960-07-01; 1960-07-21; 1961-07-21,1988-03-08,gunshot wound,homicide,possible,9727,10112,"26 years, 231 days to 27 years, 251 days",singer; songwriter,,,,,,,
Brian Baronet,https://en.wikipedia.org/wiki/Brian_Baronet,Q63847956,1960-08-07,1988-06-17,,,confirmed,10176,10176,"27 years, 315 days",professional boxer,,,,,,,
Ranjit Khanwilkar,https://en.wikipedia.org/wiki/Ranjit_Khanwilkar,Q16012144,1960-08-30,1988-07-08,,,confirmed,10174,10174,"27 years, 313 days",cricketer,,,,,,,
Jean-Michel Basquiat,https://en.wikipedia.org/wiki/Jean-Michel_Basquiat,Q155407,1960-12-22,1988-08-12,heroin overdose,accidental death,confirmed,10095,10095,"27 years, 234 days",actor; architectural drafter; artist; artivist; cartoonist; collagist; composer; draftsperson; graffiti artist; illustrator; installation artist; muralist; musician; musicologist; painter; photographer; record producer; sculptor; visual artist,,,,,,,
Fathead,https://en.wikipedia.org/wiki/Fathead_(musician),Q5437532,1960,1988-10-19,,,possible,10154,10519,"27 years, 293 days to 28 years, 292 days",musician,,,,,,,
Earl Merkman,https://en.wikipedia.org/wiki/Earl_Merkman,Q5326010,1961-04-27,1988-11-18,,,confirmed,10067,10067,"27 years, 205 days",politician,,,,,,,
Scott Johnson,https://en.wikipedia.org/wiki/Killing_of_Scott_Johnson,Q94140451,1961-11-27,1988-12-10,,,confirmed,9875,9875,"27 years, 13 days",mathematician,,,,,,,
Hans Fischer,https://en.wikipedia.org/wiki/Hans_Fischer_(cyclist),Q19904172,1961-01-29,1988-12-13,,,confirmed,10180,10180,"27 years, 319 days",sport cyclist,,,,,,,
Brian Robinson,https://en.wikipedia.org/wiki/Brian_Robinson_(loyalist),Q4965149,1962,1989,gunshot wound,,possible,9498,10226,"26 years, 1 day to 27 years, 364 days",loyalist,,,,,,,
Sagarika Gomes,https://en.wikipedia.org/wiki/Sagarika_Gomes,Q73738385,1961-10-19,1989,,,possible,9936,10300,"27 years, 74 days to 28 years, 73 days",journalist,,,,,,,
Satwant Singh,https://en.wikipedia.org/wiki/Satwant_Singh,Q2546004,1962,1989-01-06,hanging to death,capital punishment,possible,9503,9867,"26 years, 6 days to 27 years, 5 days",bodyguard,,,,,,,
Mete Adanır,https://en.wikipedia.org/wiki/Mete_Adan%C4%B1r,Q6823377,1961-11-14,1989-01-20,traffic collision,,confirmed,9929,9929,"27 years, 67 days",association football player,,,,,,,
Iván Palazzese,https://en.wikipedia.org/wiki/Iv%C3%A1n_Palazzese,Q959546,1962-01-02,1989-05-28,,,confirmed,10008,10008,"27 years, 146 days",motorcycle racer,,,,,,,
Mark Petteway,https://en.wikipedia.org/wiki/Mark_Petteway,Q18168612,1961-06-12,1989-06-01,,,confirmed,10216,10216,"27 years, 354 days",basketball player,,,,,,,
Florian Vyent,https://en.wikipedia.org/wiki/Florian_Vijent,Q1986244,1961-11-28,1989-06-07,,,confirmed,10053,10053,"27 years, 191 days",association football player,,,,,,,
Pete de Freitas,https://en.wikipedia.org/wiki/Pete_de_Freitas,Q5742577,1961-08-02,1989-06-14,traffic collision,,confirmed,10178,10178,"27 years, 316 days",drummer; musician; songwriter,,,,,,,
Finbarr Donnelly,https://en.wikipedia.org/wiki/Finbarr_Donnelly,Q95364170,1962-04-25,1989-06-18,drowning,accidental death,confirmed,9916,9916,"27 years, 54 days",singer,,,,,,,
Stacey Toran,https://en.wikipedia.org/wiki/Stacey_Toran,Q7595880,1961-10-11; 1961-11-10,1989-08-03; 1989-08-05,traffic collision,accidental death,confirmed,10128,10160,"27 years, 266 days to 27 years, 298 days",American football player,,,,,,,
Carlos Yates,https://en.wikipedia.org/wiki/Carlos_Yates,Q5042791,1962-02-22,1989-08-13,,,confirmed,10034,10034,"27 years, 172 days",basketball player,,,,,,,
Donato Bergamini,https://en.wikipedia.org/wiki/Donato_Bergamini,Q1405239,1962-09-18,1989-11-18,traffic collision,,confirmed,9923,9923,"27 years, 61 days",association football player,,,,,,,
Fernando Martín,https://en.wikipedia.org/wiki/Fernando_Mart%C3%ADn_(basketball),Q470936,1962-03-25,1989-12-03,traffic collision,accidental death,confirmed,10115,10115,"27 years, 253 days",basketball player,,,,,,,
Carlos DeLuna,https://en.wikipedia.org/wiki/Carlos_DeLuna,Q5041980,1962-03-15,1989-12-07,,capital punishment,confirmed,10129,10129,"27 years, 267 days",,,,,,,,
Sadeq Ganji,https://en.wikipedia.org/wiki/Sadeq_Ganji,Q7397804,1963,1990,,homicide,possible,9498,10226,"26 years, 1 day to 27 years, 364 days",diplomat,,,,,,,
June James,https://en.wikipedia.org/wiki/June_James_(gridiron_football),Q18630836,1962-12-02,1990-05-08,,,confirmed,10019,10019,"27 years, 157 days",American football player; Canadian football player,,,,,,,
David Gaines,https://en.wikipedia.org/wiki/David_Gaines_(racing_driver),Q5233974,1963-01-20,1990-05-16,,,confirmed,9978,9978,"27 years, 116 days",racing driver,,,,,,,
Mohamed Shah Alam,https://en.wikipedia.org/wiki/Mohamed_Shah_Alam,Q33088924,1962-07-01,1990-05-29,traffic collision,,confirmed,10194,10194,"27 years, 332 days",athlete; athletics competitor,,,,,,,
Ian Handysides,https://en.wikipedia.org/wiki/Ian_Handysides,Q5981732,1962-12-14,1990-08-17,brain cancer,natural causes,confirmed,10108,10108,"27 years, 246 days",association football player,,,,,,,
Billy Vukovich III,https://en.wikipedia.org/wiki/Billy_Vukovich_III,Q2380618,1963-08-31,1990-11-25,,,confirmed,9948,9948,"27 years, 86 days",racing automobile driver,,,,,,,
Frances Vernon,https://en.wikipedia.org/wiki/Frances_Vernon,Q5478987,1963,1991,,,possible,9863,10591,"27 years, 1 day to 28 years, 364 days",novelist,,,,,,,
Ricardo Cardoso,https://en.wikipedia.org/wiki/Ricardo_Cardoso_(judoka),Q54165682,1963,1991,,,possible,9863,10591,"27 years, 1 day to 28 years, 364 days",judoka,,,,,,,
Sandeep Sankhla,https://en.wikipedia.org/wiki/Sandeep_Sankhla,Q90866618,1964,1991,,,possible,9497,10226,"26 years, 1 day to 27 years, 364 days",military personnel,,,,,,,
John Flett,https://en.wikipedia.org/wiki/John_Flett_(fashion_designer),Q20630482,1963-09-28,1991-01-19,myocardial infarction,natural causes,confirmed,9975,9975,"27 years, 113 days",fashion designer,,,,,,,
Chris Austin,https://en.wikipedia.org/wiki/Chris_Austin,Q5105771,1964-02-24,1991-03-16,,,confirmed,9882,9882,"27 years, 20 days",singer; singer-songwriter,,,,,,,
Mike Reynolds,https://en.wikipedia.org/wiki/Mike_Reynolds_(soccer),Q122919291,1963-09-22,1991-07-01,,natural causes,confirmed,10144,10144,"27 years, 282 days",association football player,,,,,,,
Andrei Sibiryakov,https://en.wikipedia.org/wiki/Andrei_Sibiryakov,Q4418369,1964-02-28,1991-08-05,execution by shooting,,confirmed,10020,10020,"27 years, 158 days",murderer,,,,,,,
Sherry Hawco,https://en.wikipedia.org/wiki/Sherry_Hawco,Q65604950,1964-02-17,1991-10-26,,,confirmed,10113,10113,"27 years, 251 days",artistic gymnast,,,,,,,
Chuni Kotal,https://en.wikipedia.org/wiki/Chuni_Kotal,Q5116413,1965,1992,,suicide,possible,9497,10226,"26 years, 1 day to 27 years, 365 days",anthropologist,,,,,,,
Flávio de Melo,https://en.wikipedia.org/wiki/Fl%C3%A1vio_de_Melo,Q56513411,1965-06-21,1992,,,possible,9690,10055,"26 years, 194 days to 27 years, 193 days",rower,,,,,,,
Tabriz Khalilbeyli,https://en.wikipedia.org/wiki/Tabriz_Khalilbeyli,Q12846812,1964-02-12,1992-01-31,,,confirmed,10215,10215,"27 years, 353 days",military personnel,,,,,,,
Nicolas Bochatay,https://en.wikipedia.org/wiki/Nicolas_Bochatay,Q595449,1964-08-27,1992-02-22,,accidental death,confirmed,10040,10040,"27 years, 179 days",alpine skier,,,,,,,
John Bruno,https://en.wikipedia.org/wiki/John_Bruno_(American_football),Q21664228,1964-09-10,1992-04-13,skin cancer,natural causes,confirmed,10077,10077,"27 years, 216 days",American football player,,,,,,,
fikrət hacıyev,https://en.wikipedia.org/wiki/Fikret_Hajiyev,Q12839485,1964-05-19,1992-05-05,,,confirmed,10213,10213,"27 years, 352 days",military personnel,,,,,,,
Anatoly Davidovich,https://en.wikipedia.org/wiki/Anatoly_Nikolayevich_Davidovich,Q11203689,1965-03-28,1992-06-13,,,confirmed,9939,9939,"27 years, 77 days",military personnel,,,,,,,
Jerome Brown,https://en.wikipedia.org/wiki/Jerome_Brown,Q3177405,1965-02-04,1992-06-25,traffic collision,accidental death,confirmed,10003,10003,"27 years, 142 days",American football player,,,,,,,
Gurjant Singh Budhsinghwala,https://en.wikipedia.org/wiki/Gurjant_Singh_Budhsinghwala,Q5620101,1964,1992-07-31,gunshot wound,,possible,10074,10439,"27 years, 213 days to 28 years, 212 days",,,,,,,,
John Kordic,https://en.wikipedia.org/wiki/John_Kordic,Q3181885,1965-03-22,1992-08-08,drug overdose,,confirmed,10001,10001,"27 years, 139 days",ice hockey player,,,,,,,
Clifford Allison,https://en.wikipedia.org/wiki/Clifford_Allison,Q5132854,1964-10-20,1992-08-13,,,confirmed,10159,10159,"27 years, 298 days",racing driver,,,,,,,
Silvio Meier,https://en.wikipedia.org/wiki/Silvio_Meier,Q994053,1965,1992-11-21,stabbing,homicide,possible,9822,10186,"26 years, 326 days to 27 years, 325 days",anti-fascist; political activist; printer,,,,,,,
Ivan Mandzhikov,https://en.wikipedia.org/wiki/Ivan_Mandzhikov,Q91103367,1965,1993,,,possible,9863,10591,"27 years, 1 day to 28 years, 364 days",,,,,,,,
Mikhail Petrov,https://en.wikipedia.org/wiki/Mikhail_Petrov_(weightlifter),Q10329967,1965-01-06; 1965-06-01,1993,,,possible,10076,10586,"27 years, 214 days to 28 years, 359 days",weightlifter,,,,,,,
Pan Head,https://en.wikipedia.org/wiki/Pan_Head,Q7129647,1966,1993,,,possible,9498,10226,"26 years, 1 day to 27 years, 364 days",musician,,,,,,,
Wayne Edwards,https://en.wikipedia.org/wiki/Wayne_Edwards_(British_Army_soldier),Q7976202,1966,1993-01-13,,,possible,9510,9874,"26 years, 13 days to 27 years, 12 days",military personnel,,,,,,,
Oleg Holosiy,https://en.wikipedia.org/wiki/Oleg_Holosiy,Q4142168,1965-05-31,1993-01-18,,,confirmed,10094,10094,"27 years, 232 days",painter,,,,,,,
Steve Olin,https://en.wikipedia.org/wiki/Steve_Olin,Q3499040,1965-10-04,1993-03-22,,accidental death,confirmed,10031,10031,"27 years, 169 days",baseball player,,,,,,,
Derby Makinka,https://en.wikipedia.org/wiki/Derby_Makinka,Q4275725,1965-09-05,1993-04-27,,accidental death,confirmed,10096,10096,"27 years, 234 days",association football player,,,,,,,
Rommel Fernández,https://en.wikipedia.org/wiki/Rommel_Fern%C3%A1ndez,Q1558948,1966-01-15,1993-05-06,traffic collision,accidental death,confirmed,9973,9973,"27 years, 111 days",association football player,,,,,,,
Slater Zaleski,https://en.wikipedia.org/wiki/Slater_Zaleski,Q21665150,1966-01-15,1993-06-27,,,confirmed,10025,10025,"27 years, 163 days",Canadian football player,,,,,,,
Mia Zapata,https://en.wikipedia.org/wiki/Mia_Zapata,Q2485489,1965-08-25,1993-07-07,,homicide,confirmed,10178,10178,"27 years, 316 days",singer,,,,,,,
Reggie Lewis,https://en.wikipedia.org/wiki/Reggie_Lewis,Q555411,1965-11-21,1993-07-27,cardiac arrest,natural causes,confirmed,10110,10110,"27 years, 248 days",basketball player,,,,,,,
Óscar Aquino,https://en.wikipedia.org/wiki/%C3%93scar_Aquino,Q25344487,1966-04-28,1993-08-19,,,confirmed,9975,9975,"27 years, 113 days",sport cyclist,,,,,,,
Rok Petrovič,https://en.wikipedia.org/wiki/Rok_Petrovi%C4%8D,Q379172,1966-02-05,1993-09-16,death from scuba diving; drowning,accidental death,confirmed,10085,10085,"27 years, 223 days",alpine skier,,,,,,,
Ümit Yılbar,https://en.wikipedia.org/wiki/%C3%9Cmit_Y%C4%B1lbar,Q55929914,1966,1993-09-25,,,possible,9765,10129,"26 years, 268 days to 27 years, 267 days",commando; guitarist; military personnel,,,,,,,
İhsan Hakan,https://en.wikipedia.org/wiki/%C4%B0hsan_Hakan,Q8080048,1965,1993-11-01,,,possible,10167,10531,"27 years, 305 days to 28 years, 304 days",militant,,,,,,,
Stéphane Proulx,https://en.wikipedia.org/wiki/St%C3%A9phane_Proulx,Q10374463,1965-12-12,1993-11-21,death from AIDS-related complications,natural causes,confirmed,10206,10206,"27 years, 344 days",racing automobile driver,,,,,,,
Philippe Pradayrol,https://en.wikipedia.org/wiki/Philippe_Pradayrol,Q18818073,1966-06-16,1993-12-08,traffic collision,,confirmed,10037,10037,"27 years, 175 days",judoka,,,,,,,
Dirtsman,https://en.wikipedia.org/wiki/Dirtsman,Q1228204,1966,1993-12-21,,,possible,9852,10216,"26 years, 355 days to 27 years, 354 days",singer,,,,,,,
David Cox,https://en.wikipedia.org/wiki/David_Cox_(Marine),Q20715526,1966-11-27,1994-01-05,,homicide,confirmed,9901,9901,"27 years, 39 days",military personnel,,,,,,,
Kurt Cobain,https://en.wikipedia.org/wiki/Kurt_Cobain,Q8446,1967-02-20,1994-04-05,gunshot wound,suicide,confirmed,9906,9906,"27 years, 44 days",composer; guitarist; musician; rock singer; singer; songwriter; visual artist,,,,,,,
Chris Lance,https://en.wikipedia.org/wiki/Chris_Lance,Q136945295,1966-11-26,1994-04-24,,,confirmed,10011,10011,"27 years, 149 days",actor; pornographic film actor,,,,,,,
Kristen Pfaff,https://en.wikipedia.org/wiki/Kristen_Pfaff,Q240554,1967-05-26,1994-06-15; 1994-06-16,drug overdose,,confirmed,9882,9883,"27 years, 20 days to 27 years, 21 days",musician,,,,,,,
Andrés Escobar,https://en.wikipedia.org/wiki/Andr%C3%A9s_Escobar,Q210616,1967-03-13,1994-07-02,,homicide,confirmed,9973,9973,"27 years, 111 days",association football player,,,,,,,
Dmitry Kholodov,https://en.wikipedia.org/wiki/Dmitry_Kholodov,Q922290,1967-06-21,1994-10-17,,homicide,confirmed,9980,9980,"27 years, 118 days",journalist; war correspondent,,,,,,,
Dave Rayner,https://en.wikipedia.org/wiki/Dave_Rayner_(cyclist),Q5229639,1967-03-04,1994-11-16,,,confirmed,10119,10119,"27 years, 257 days",sport cyclist,,,,,,,
Derrell Robertson,https://en.wikipedia.org/wiki/Derrell_Robertson,Q5262957,1967-09-22,1994-12-05,,,confirmed,9936,9936,"27 years, 74 days",American football player; Canadian football player,,,,,,,
Mika Kuisma,https://en.wikipedia.org/wiki/Mika_Kuisma,Q4354175,1967,1995-01-11,traffic collision,,possible,9873,10237,"27 years, 11 days to 28 years, 10 days",orienteer,,,,,,,
Alcindo Monteiro,https://en.wikipedia.org/wiki/Alcindo_Monteiro,Q106811381,1967-10-01,1995-06-12,,homicide,confirmed,10116,10116,"27 years, 254 days",cook,,,,,,,
Nadira,https://en.wikipedia.org/wiki/Nadira_(Pakistani_actress),Q58187408,1968,1995-08-06,,homicide,possible,9714,10079,"26 years, 218 days to 27 years, 217 days",actor,,,,,,,
Arjun Singh Jasrotia,https://en.wikipedia.org/wiki/Arun_Singh_Jasrotia,Q18205179,1968-08-16,1995-09-15,,,confirmed,9891,9891,"27 years, 30 days",military officer,,,,,,,
Junior Robinson,https://en.wikipedia.org/wiki/Junior_Robinson_(gridiron_football),Q6313432,1968-02-03,1995-09-30,,accidental death,confirmed,10101,10101,"27 years, 239 days",American football player; Canadian football player,,,,,,,
Lars Dresler,https://en.wikipedia.org/wiki/Lars_Dresler,Q24197697,1968-01-02,1995-11-07,,,confirmed,10171,10171,"27 years, 309 days",figure skater,,,,,,,
Stretch,https://en.wikipedia.org/wiki/Stretch_(rapper),Q5640221,1968-04-08,1995-11-30,,homicide,confirmed,10097,10097,"27 years, 236 days",actor; hip hop producer; rapper,,,,,,,
Vineeta Rastogi,https://en.wikipedia.org/wiki/Vineeta_Rastogi,Q7932412,1968-08-04,1995-12-05,lip and oral cavity carcinoma,natural causes,confirmed,9984,9984,"27 years, 123 days",politician,,,,,,,
Alexander Polischuk,https://en.wikipedia.org/wiki/Alexander_Polischuk,Q136083785,1969,1996,,,possible,9497,10226,"26 years, 1 day to 27 years, 365 days",,,,,,,,
Metin Göktepe,https://en.wikipedia.org/wiki/Metin_G%C3%B6ktepe,Q1395076,1968-04-10,1996-01-09,,homicide,confirmed,10135,10135,"27 years, 274 days",journalist,,,,,,,
Igor Mirenkov,https://en.wikipedia.org/wiki/Igor_Mirenkov,Q4295566,1969,1996-06-19,execution by shooting,capital punishment,possible,9667,10031,"26 years, 171 days to 27 years, 170 days",pedophile; rapist; serial killer; soldier,,,,,,,
W. I. M. Seneviratne,https://en.wikipedia.org/wiki/W._I._M._Seneviratne,Q7945701,1968,1996-07-04,,,possible,10047,10412,"27 years, 186 days to 28 years, 185 days",military personnel,,,,,,,
Seagram,https://en.wikipedia.org/wiki/Seagram_(rapper),Q7440442,1969-04-13,1996-07-31,,homicide,confirmed,9971,9971,"27 years, 109 days",rapper,,,,,,,
Solomos Solomou,https://en.wikipedia.org/wiki/Killing_of_Solomos_Solomou,Q1389151,1969,1996-08-14,,homicide,possible,9723,10087,"26 years, 227 days to 27 years, 226 days",,,,,,,,
Ken Steadman,https://en.wikipedia.org/wiki/Ken_Steadman,Q6388542,1969-06-26,1996-09-20,traffic collision,accidental death,confirmed,9948,9948,"27 years, 86 days",actor; television actor,,,,,,,
Diarmuid O'Neill,https://en.wikipedia.org/wiki/Diarmuid_O%27Neill,Q5271931,1969-06-24,1996-09-23,gunshot wound,,confirmed,9953,9953,"27 years, 91 days",,,,,,,,
Marie Joseph,https://en.wikipedia.org/wiki/Marie_Joseph,Q6762893,1968,1996-12-28,,,possible,10224,10589,"27 years, 363 days to 28 years, 362 days",novelist,,,,,,,
Altimurat Orazdurdiev,https://en.wikipedia.org/wiki/Altymyrat_Orazdurdy%C3%BDew,Q4335627,1969-06-16,1997,kidney failure,natural causes,possible,10061,10425,"27 years, 199 days to 28 years, 198 days",weightlifter,,,,,,,
Troy Newman,https://en.wikipedia.org/wiki/Troy_Newman_(singer),Q7846910,1970,1997,,,possible,9498,10226,"26 years, 1 day to 27 years, 364 days",singer,,,,,,,
Ennis Cosby,https://en.wikipedia.org/wiki/Murder_of_Ennis_Cosby,Q1563783,1969-04-15,1997-01-16,gunshot wound,homicide,confirmed,10138,10138,"27 years, 276 days",teacher,,,,,,,
John Nemechek,https://en.wikipedia.org/wiki/John_Nemechek,Q5345432,1970-03-12,1997-03-21,,,confirmed,9871,9871,"27 years, 9 days",racing driver,,,,,,,
Genildo Ferreira de França,https://en.wikipedia.org/wiki/Neguinho_de_Z%C3%A9_Ferreira,Q16013838,1970,1997-05-22,gunshot wound,suicide,possible,9639,10003,"26 years, 142 days to 27 years, 141 days",,,,,,,,
Andrew Cunanan,https://en.wikipedia.org/wiki/Andrew_Cunanan,Q462125,1969-08-31,1997-07-23,gunshot wound,suicide,confirmed,10188,10188,"27 years, 326 days",criminal; prostitute; serial killer; spree killer,,,,,,,
Marie-Soleil Tougas,https://en.wikipedia.org/wiki/Marie-Soleil_Tougas,Q3292244,1970-05-03,1997-08-10,aviation accident,accidental death,confirmed,9961,9961,"27 years, 99 days",actor; television presenter,,,,,,,
Spencer Garbett,https://en.wikipedia.org/wiki/Spencer_Garbett,Q140076599,1969-12-25,1997-11-18,,,confirmed,10190,10190,"27 years, 328 days",actor; film actor; stage actor; television actor,,,,,,,
Sergei Vasilyevich Timofeyev,"https://en.wikipedia.org/wiki/Sergei_Timofeyev_(footballer,_born_1970)",Q7453855,1970-03-28,1997-11-21,,,confirmed,10100,10100,"27 years, 238 days",association football player,,,,,,,
Felix Bwalya,https://en.wikipedia.org/wiki/Felix_Bwalya,Q5442152,1970-10-27,1997-12-23,,,confirmed,9919,9919,"27 years, 57 days",boxer,,,,,,,
Bahri Fazliu,https://en.wikipedia.org/wiki/Bahri_Fazliu,Q16014055,1971,1998,,,possible,9498,10226,"26 years, 1 day to 27 years, 364 days",military personnel,,,,,,,
Danielle LaPorte,https://en.wikipedia.org/wiki/Danielle_LaPorte,Q16204295,1970-05-25,1998,,,possible,10083,10447,"27 years, 221 days to 28 years, 220 days",motivational speaker,,,,,,,
Oupa Mafokate,https://en.wikipedia.org/wiki/Oupa_Mafokate,Q134594828,1970,1998,,,possible,9863,10591,"27 years, 1 day to 28 years, 364 days",,,,,,,,
Rajesh Joshi,https://en.wikipedia.org/wiki/Rajesh_Joshi_(actor),Q7286060,1970-04-01,1998-01-12,traffic collision,,confirmed,10148,10148,"27 years, 286 days",actor,,,,,,,
Fat Pat,https://en.wikipedia.org/wiki/Fat_Pat,Q1397912,1970-12-04,1998-02-03,,homicide,confirmed,9923,9923,"27 years, 61 days",musician; rapper,,,,,,,
Louie Spicolli,https://en.wikipedia.org/wiki/Louie_Spicolli,Q3837569,1971-02-10,1998-02-15,drug overdose,,confirmed,9867,9867,"27 years, 5 days",actor; professional wrestler,,,,,,,
Hamden Khalif Allah Awad,https://en.wikipedia.org/wiki/Hamden_Khalif_Allah_Awad,Q5644394,1970-08-13,1998-08-07,,suicide,confirmed,10221,10221,"27 years, 359 days",,,,,,,,
Kongulu Mobutu,https://en.wikipedia.org/wiki/Kongulu_Mobutu,Q6429274,1970,1998-09-24,death from AIDS-related complications,,possible,10129,10493,"27 years, 267 days to 28 years, 266 days",,,,,,,,
Jeremy Vargas Sagastegui,https://en.wikipedia.org/wiki/Jeremy_Vargas_Sagastegui,Q6181988,1970-11-01,1998-10-13,,capital punishment,confirmed,10208,10208,"27 years, 346 days",,,,,,,,
Dmitry Gurtyak,https://en.wikipedia.org/wiki/Dmitri_Gurtyak,Q4152497,1971-10-09,1998-11-13,soft-tissue sarcoma,natural causes,confirmed,9897,9897,"27 years, 35 days",inventor; programmer,,,,,,,
Surjit Athwal,https://en.wikipedia.org/wiki/Murder_of_Surjit_Athwal,Q79056312,1971-07-17,1998-12,,,confirmed,9999,10029,"27 years, 137 days to 27 years, 167 days",,,,,,,,
Aaron Hopa,https://en.wikipedia.org/wiki/Aaron_Hopa,Q4662101,1971-11-13,1998-12-08,death from scuba diving; drowning,accidental death,confirmed,9887,9887,"27 years, 25 days",rugby union player,,,,,,,
Bindy Johal,https://en.wikipedia.org/wiki/Bindy_Johal,Q4914072,1971-01-14,1998-12-20,,homicide,confirmed,10202,10202,"27 years, 340 days",,,,,,,,
Daniel P. Dukes,https://en.wikipedia.org/wiki/Daniel_P._Dukes,Q111901658,1972,1999,,,possible,9497,10226,"26 years, 1 day to 27 years, 364 days",,,,,,,,
Andre Graham and Mark Sheppard,https://en.wikipedia.org/wiki/Andre_Graham_and_Mark_Sheppard,Q135983561,1971-04-01,1999-01-20,,,confirmed,10156,10156,"27 years, 294 days",,,,,,,,
Freaky Tah,https://en.wikipedia.org/wiki/Freaky_Tah,Q5494305,1971-05-14,1999-03-28,,homicide,confirmed,10180,10180,"27 years, 318 days",rapper,,,,,,,
Indrit Cara,https://en.wikipedia.org/wiki/Indrit_Cara,Q13040166,1971-07-11,1999-03-31,,,confirmed,10125,10125,"27 years, 263 days",military personnel,,,,,,,
Dave Oren Ward,https://en.wikipedia.org/wiki/David_Oren_Ward,Q16014357,1971-07-21,1999-04-02,,,confirmed,10117,10117,"27 years, 255 days",actor; film actor; television actor,,,,,,,
Besnik Lajçi,https://en.wikipedia.org/wiki/Besnik_Laj%C3%A7i,Q131179722,1971-06-24,1999-04-19,,,confirmed,10161,10161,"27 years, 299 days",,,,,,,,
Ajay Singh Jasrotia,https://en.wikipedia.org/wiki/Ajay_Singh_Jasrotia,Q107739482,1972-03-31,1999-06-15,,,confirmed,9937,9937,"27 years, 76 days",military officer,,,,,,,
Kami,https://en.wikipedia.org/wiki/Kami_(musician),Q2734152,1972-02-01,1999-06-21,cerebral hemorrhage,natural causes,confirmed,10002,10002,"27 years, 140 days",drummer; musician,,,,,,,
Brima Kamara,https://en.wikipedia.org/wiki/Brima_Kamara_(footballer),Q21855557,1972-05-05,1999-07-07,,,confirmed,9924,9924,"27 years, 63 days",association football player,,,,,,,
Andrew Collins,https://en.wikipedia.org/wiki/Andrew_Collins_(cricketer),Q4756651,1972-07-24,1999-12-25,,,confirmed,10015,10015,"27 years, 154 days",cricketer,,,,,,,
Einar Örn Birgisson,https://en.wikipedia.org/wiki/Einar_%C3%96rn_Birgisson,Q119846443,1973-09-27,2000,,,possible,9592,9957,"26 years, 96 days to 27 years, 95 days",association football player,,,,,,,
David Mitchell,https://en.wikipedia.org/wiki/David_Mitchell_(murderer),Q5237628,1972,2000-01-06,hanging to death,capital punishment,possible,9867,10232,"27 years, 6 days to 28 years, 5 days",political scientist,,,,,,,
Giovanni Linscheer,https://en.wikipedia.org/wiki/Giovanni_Linscheer,Q1826643,1972-11-18,2000-03-19,,,confirmed,9983,9983,"27 years, 122 days",swimmer,,,,,,,
Masakazu Fukuda,https://en.wikipedia.org/wiki/Masakazu_Fukuda,Q6782437,1972-05-17,2000-04-19,cerebral hemorrhage,accidental death,confirmed,10199,10199,"27 years, 338 days",professional wrestler,,,,,,,
Rodrigo Bueno,https://en.wikipedia.org/wiki/Rodrigo_(musician),Q321108,1973-05-24,2000-06-24,car collision,accidental death,confirmed,9893,9893,"27 years, 31 days",actor; musician; singer,,,,,,,
Dmitry Alexandrovich Zavadsky,https://en.wikipedia.org/wiki/Dzmitry_Zavadski,Q269564,1972-08-28,2000-07-07,,homicide,confirmed,10175,10175,"27 years, 314 days",cinematographer; journalist,,,,,,,
Martin Bílek,https://en.wikipedia.org/wiki/Martin_B%C3%ADlek,Q6775101,1973-01-07,2000-08-01,,suicide,confirmed,10068,10068,"27 years, 207 days",athletics competitor,,,,,,,
Charlotte Wilson,https://en.wikipedia.org/wiki/Charlotte_Wilson_(VSO),Q5086195,1973-06-04,2000-12-28,,homicide,confirmed,10069,10069,"27 years, 207 days",teacher,,,,,,,
Boban Trajkovski,https://en.wikipedia.org/wiki/Boban_Trajkovski,Q19813936,1973-03-27,2001,,,possible,10142,10506,"27 years, 280 days to 28 years, 279 days",,,,,,,,
Hervé Djamel Loiseau,https://en.wikipedia.org/wiki/Herv%C3%A9_Djamel_Loiseau,Q16015192,1973-03-21,2001,,,possible,10148,10512,"27 years, 286 days to 28 years, 285 days",,,,,,,,
Peter Falconio,https://en.wikipedia.org/wiki/Murder_of_Peter_Falconio,Q3309541,1973,2001,,homicide,possible,9863,10591,"27 years, 1 day to 28 years, 364 days",,,,,,,,
Takako Konishi,https://en.wikipedia.org/wiki/Suicide_of_Takako_Konishi,Q7677108,1973,2001,hypothermia,suicide,possible,9863,10591,"27 years, 1 day to 28 years, 364 days",,,,,,,,
Moses Taiwa Molelekwa,https://en.wikipedia.org/wiki/Moses_Taiwa_Molelekwa,Q1949226,1973-04-17,2001-02-13,,,confirmed,10164,10164,"27 years, 302 days",jazz musician; musician; pianist,,,,,,,
Mary Grace Baloyo,https://en.wikipedia.org/wiki/Mary_Grace_Baloyo,Q6779660,1973,2001-03-26,,,possible,9947,10311,"27 years, 85 days to 28 years, 84 days",aircraft pilot,,,,,,,
Corissa Yasen,https://en.wikipedia.org/wiki/Corissa_Yasen,Q5170722,1973-12-05,2001-05-12,,suicide,confirmed,10020,10020,"27 years, 158 days",athletics competitor; basketball coach; basketball player,,,,,,,
Gabriel Hernández,https://en.wikipedia.org/wiki/Gabriel_Hern%C3%A1ndez_(boxer),Q5515675,1973-07-13,2001-06-25,,suicide,confirmed,10209,10209,"27 years, 347 days",boxer,,,,,,,
Korey Stringer,https://en.wikipedia.org/wiki/Korey_Stringer,Q1784391,1974-05-08,2001-08-01,hyperthermia,,confirmed,9947,9947,"27 years, 85 days",American football player,,,,,,,
Thuy Trang,https://en.wikipedia.org/wiki/Thuy_Trang,Q259091,1973-12-14,2001-09-03,traffic collision,,confirmed,10125,10125,"27 years, 263 days",actor; film actor; television actor,,,,,,,
Megan Connolly,https://en.wikipedia.org/wiki/Megan_Connolly_(actress),Q6808639,1974-04-09,2001-09-06,drug overdose,,confirmed,10012,10012,"27 years, 150 days",actor,,,,,,,
María Serrano Serrano,https://en.wikipedia.org/wiki/Maria_Serrano_Serrano_(Passion_Fruit),Q11769142,1973-11-26,2001-11-24,aviation accident,accidental death,confirmed,10225,10225,"27 years, 363 days",model; singer,,,,,,,
Russ Haas,https://en.wikipedia.org/wiki/Russ_Haas,Q2177934,1974-03-27,2001-12-15,myocardial infarction,natural causes,confirmed,10125,10125,"27 years, 263 days",amateur wrestler; professional wrestler,,,,,,,
Nathan Lloyd Smith,https://en.wikipedia.org/wiki/Nathan_Lloyd_Smith,Q6969207,1975,2002,,,possible,9498,10226,"26 years, 1 day to 27 years, 364 days",,,,,,,,
Sani Yakubu Rodi,https://en.wikipedia.org/wiki/Sani_Yakubu_Rodi,Q7418251,1975,2002,hanging to death,capital punishment,possible,9498,10226,"26 years, 1 day to 27 years, 364 days",,,,,,,,
Wafa Idris,https://en.wikipedia.org/wiki/Wafa_Idris,Q3297813,1975-02-11,2002,suicide attack,suicide,possible,9821,10185,"26 years, 324 days to 27 years, 323 days",emergency medical technician,,,,,,,
Raed al-Karmi,https://en.wikipedia.org/wiki/Raed_Al_Karmi,Q2909597,1974-01-28,2002-01-14,assassination,,confirmed,10213,10213,"27 years, 351 days",leader of organization; military leader; resistance fighter,,,,,,,
Vittorio Mero,https://en.wikipedia.org/wiki/Vittorio_Mero,Q4015445,1974-05-21,2002-01-23,traffic collision,accidental death,confirmed,10109,10109,"27 years, 247 days",association football player,,,,,,,
Chatchai Paiseetong,https://en.wikipedia.org/wiki/Chatchai_Paiseetong,Q107126733,1974-05-05,2002-02-02,,,confirmed,10135,10135,"27 years, 273 days",Thai boxer,,,,,,,
Nikolay Soltys,https://en.wikipedia.org/wiki/Nikolay_Soltys,Q7036335,1974-05-19,2002-02-13,hanging to death,suicide,confirmed,10132,10132,"27 years, 270 days",spree killer,,,,,,,
Rico Yan,https://en.wikipedia.org/wiki/Rico_Yan,Q7332293,1975-03-14,2002-03-29,pancreatitis,natural causes,confirmed,9877,9877,"27 years, 15 days",actor; businessperson; model; television actor,,,,,,,
Nika Turbina,https://en.wikipedia.org/wiki/Nika_Turbina,Q1975227,1974-12-17,2002-05-11,falling from height,suicide,confirmed,10007,10007,"27 years, 145 days",poet; writer,,,,,,,
Mark Parker,https://en.wikipedia.org/wiki/Mark_Parker_(cricketer),Q6769156,1975-10-02,2002-10-12,,homicide,confirmed,9872,9872,"27 years, 10 days",cricketer,,,,,,,
Abdul Wali,https://en.wikipedia.org/wiki/Abdul_Wali_(torture_victim),Q4665759,1975,2003,blunt trauma,homicide,possible,9863,10591,"27 years, 1 day to 28 years, 364 days",,,,,,,,
Asmar Latin Sani,https://en.wikipedia.org/wiki/Asmar_Latin_Sani,Q4807414,1975,2003,,suicide,possible,9863,10591,"27 years, 1 day to 28 years, 364 days",,,,,,,,
Daniel Buckner Price,https://en.wikipedia.org/wiki/Daniel_Buckner_Price,Q16015955,1975,2003,,,possible,9863,10591,"27 years, 1 day to 28 years, 364 days",,,,,,,,
Hima Raza,https://en.wikipedia.org/wiki/Hima_Raza,Q133594998,1975,2003,,,possible,9863,10591,"27 years, 1 day to 28 years, 364 days",poet; writer,,,,,,,
Lenko Latkov,https://en.wikipedia.org/wiki/Lenko_Latkov,Q63341221,1975,2003,,,possible,9863,10591,"27 years, 1 day to 28 years, 364 days",,,,,,,,
Khalid al-Juhani,https://en.wikipedia.org/wiki/Khalid_al-Juhani,Q6399593,1975,2003-05-12,,,possible,9994,10358,"27 years, 132 days to 28 years, 131 days",,,,,,,,
Jeremy Ward,https://en.wikipedia.org/wiki/Jeremy_Ward_(musician),Q1061870,1976-05-05,2003-05-25,drug overdose,,confirmed,9881,9881,"27 years, 20 days",audio engineer; musician,,,,,,,
Ardeth Wood,https://en.wikipedia.org/wiki/Murder_of_Ardeth_Wood,Q4787996,1975-10-28,2003-08-06,drowning,homicide,confirmed,10144,10144,"27 years, 282 days",,,,,,,,
Ivo Ivaniš,https://en.wikipedia.org/wiki/Ivo_Ivani%C5%A1,Q12633340,1976-02-14,2003-08-16,,,confirmed,10045,10045,"27 years, 183 days",water polo player,,,,,,,
Jefferson Gottardi,https://en.wikipedia.org/wiki/Jefferson_Gottardi,Q6175476,1976-01-13,2003-09-04,amyotrophic lateral sclerosis,natural causes,confirmed,10096,10096,"27 years, 234 days",association football player,,,,,,,
Alyssa Peterson,https://en.wikipedia.org/wiki/Alyssa_Peterson,Q4738773,1976-02-29,2003-09-15; 2003-09-16,,suicide,confirmed,10060,10061,"27 years, 199 days to 27 years, 200 days",soldier,,,,,,,
Paige Summers,https://en.wikipedia.org/wiki/Paige_Summers,Q7124733,1976-07-21,2003-09-22,drug overdose,accidental death,confirmed,9924,9924,"27 years, 63 days",erotic photography model; model; pornographic film actor,,,,,,,
Steve Fatupua-Lecaill,https://en.wikipedia.org/wiki/Steve_Fatupua-Lecaill,Q3973333,1976-01-12; 1976-01-21,2003-09-27,,suicide,confirmed,10111,10120,"27 years, 249 days to 27 years, 258 days",association football player,,,,,,,
Jonathan Brandis,https://en.wikipedia.org/wiki/Jonathan_Brandis,Q317539,1976-04-13,2003-11-12,hanging to death,suicide,confirmed,10074,10074,"27 years, 213 days",actor; film actor; film director; film producer; model; screenwriter; television actor; voice actor,,,,,,,
Jace Bugg,https://en.wikipedia.org/wiki/Jace_Bugg,Q6110538,1976-11-06,2003-12-04,leukemia,natural causes,confirmed,9889,9889,"27 years, 28 days",golfer,,,,,,,
Kimberly Hampton,https://en.wikipedia.org/wiki/Kimberly_Hampton,Q6409929,1976-08-18,2004-01-02,,,confirmed,9998,9998,"27 years, 137 days",aircraft pilot; tennis player,,,,,,,
Danny Ortiz,https://en.wikipedia.org/wiki/Danny_Ortiz,Q1164725,1976-07-26,2004-02-29,,,confirmed,10079,10079,"27 years, 218 days",association football player,,,,,,,
Blessing Makunike,https://en.wikipedia.org/wiki/Blessing_Makunike,Q3640933,1977-01-24,2004-03-13,traffic collision,,confirmed,9910,9910,"27 years, 49 days",association football player,,,,,,,
Robert Dados,https://en.wikipedia.org/wiki/Robert_Dados,Q7343358,1977-02-15,2004-03-30,hanging to death,suicide,confirmed,9905,9905,"27 years, 44 days",motorcycle racer; speedway rider,,,,,,,
Pat Tillman,https://en.wikipedia.org/wiki/Pat_Tillman,Q768879,1976-11-06,2004-04-22,gunshot wound,homicide,confirmed,10029,10029,"27 years, 168 days",American football player; soldier,,,,,,,
Dan Markingson,https://en.wikipedia.org/wiki/Dan_Markingson,Q51728893,1976-11-25,2004-05-08,,,confirmed,10026,10026,"27 years, 165 days",,,,,,,,
Humayun Khan,https://en.wikipedia.org/wiki/Humayun_Khan_(soldier),Q26199543,1976-09-09,2004-06-08,,,confirmed,10134,10134,"27 years, 273 days",military personnel,,,,,,,
Lori Hacking,https://en.wikipedia.org/wiki/Murder_of_Lori_Hacking,Q6681076,1976-12-31,2004-07-19,,homicide,confirmed,10062,10062,"27 years, 201 days",,,,,,,,
Frances Rasuge,https://en.wikipedia.org/wiki/Death_of_Frances_Rasuge,Q134700306,1977-06-10,2004-08,,,confirmed,9914,9944,"27 years, 52 days to 27 years, 82 days",police officer,,,,,,,
Steven Blackford,https://en.wikipedia.org/wiki/Steven_Blackford,Q7614501,1977-08-01,2004-09-03,traffic collision,accidental death,confirmed,9895,9895,"27 years, 33 days",amateur wrestler,,,,,,,
Vladimir Khodov,https://en.wikipedia.org/wiki/Vladimir_Khodov,Q1836526,1976-10-09,2004-09-03,,,confirmed,10191,10191,"27 years, 330 days",hostage taker; terrorist,,,,,,,
Jonathan Magbie,https://en.wikipedia.org/wiki/Jonathan_Magbie,Q6273788,1977,2004-09-24,,,possible,9764,10128,"26 years, 268 days to 27 years, 267 days",,,,,,,,
Magomed Khashiev,https://en.wikipedia.org/wiki/Magomed_Khashiev,Q4496781,1977-10-04,2004-10-10,,,confirmed,9868,9868,"27 years, 6 days",,,,,,,,
Hicham Zerouali,https://en.wikipedia.org/wiki/Hicham_Zerouali,Q644500,1977-01-17,2004-12-05,traffic collision,accidental death,confirmed,10184,10184,"27 years, 323 days",association football player,,,,,,,
Andrea Absolonová,https://en.wikipedia.org/wiki/Andrea_Absolonov%C3%A1,Q234350,1976-12-26,2004-12-09,brain cancer,natural causes,confirmed,10210,10210,"27 years, 349 days",competitive diver; film actor; model; pornographic film actor,,,,,,,
Saad Al-Dosari,https://en.wikipedia.org/wiki/Saad_Al-Dosari,Q12215896,1977-06-17; 1977-09-03,2004-12-30,traffic collision,accidental death,confirmed,9980,10058,"27 years, 118 days to 27 years, 196 days",association football player,,,,,,,
Case of Tirhas Habtegiris,https://en.wikipedia.org/wiki/Case_of_Tirhas_Habtegiris,Q107427236,1978,2005,,,possible,9498,10226,"26 years, 1 day to 27 years, 364 days",,,,,,,,
Jun Nishida,https://en.wikipedia.org/wiki/Jun_Nishida,Q111949723,1977,2005,,,possible,9863,10591,"27 years, 1 day to 28 years, 364 days",,,,,,,,
Nedžad Botonjič,https://en.wikipedia.org/wiki/Ned%C5%BEad_Botonji%C4%8D,Q1974043,1977-08-25,2005-02-07,myocardial infarction,natural causes,confirmed,10028,10028,"27 years, 166 days",association football player,,,,,,,
Philip Amelio,https://en.wikipedia.org/wiki/Philip_Amelio,Q7183119,1977-11-03,2005-04-01,,,confirmed,10011,10011,"27 years, 149 days",actor; television actor,,,,,,,
Precious Simelane,https://en.wikipedia.org/wiki/Precious_Simelane,Q102810680,1977-10-10,2005-04-21,,,confirmed,10055,10055,"27 years, 193 days",actor; film actor; television actor,,,,,,,
"Anthony Ashley-Cooper, 11th Earl of Shaftesbury","https://en.wikipedia.org/wiki/Anthony_Ashley-Cooper,_11th_Earl_of_Shaftesbury",Q4772025,1977-06-24,2005-05-15,myocardial infarction,natural causes,confirmed,10187,10187,"27 years, 325 days",accountant; aristocrat,,,,,,,
Luis Santiago,https://en.wikipedia.org/wiki/Luis_Santiago,Q16016579,1977-09-12,2005-06-08,,homicide,confirmed,10131,10131,"27 years, 269 days",television director,,,,,,,
Jean Charles de Menezes,https://en.wikipedia.org/wiki/Jean_Charles_de_Menezes,Q559142,1978-01-07,2005-07-22,gunshot wound,homicide,confirmed,10058,10058,"27 years, 196 days",electrician,,,,,,,
Kenyon Jones,https://en.wikipedia.org/wiki/Kenyon_Jones_(basketball),Q1621585,1977-10-12,2005-08-18,myocardial infarction,natural causes,confirmed,10172,10172,"27 years, 310 days",basketball player,,,,,,,
Fouad Kaady,https://en.wikipedia.org/wiki/Killing_of_Fouad_Kaady,Q5474069,1978-01-08,2005-09-08,gunshot wound,,confirmed,10105,10105,"27 years, 243 days",,,,,,,,
Alexis Mazurin,https://en.wikipedia.org/wiki/Alexis_Mazurin,Q4721493,1978-04-18,2005-10-20,myocardial infarction,natural causes,confirmed,10047,10047,"27 years, 185 days",announcer; comedian,,,,,,,
Gautam Das,https://en.wikipedia.org/wiki/Gautam_Das,Q29378256,1978,2005-11-17,asphyxia,homicide,possible,9818,10182,"26 years, 321 days to 27 years, 320 days",journalist,,,,,,,
Shanmughan Manjunath,https://en.wikipedia.org/wiki/Shanmugam_Manjunath,Q7488788,1978-02-23,2005-11-19,,homicide,confirmed,10131,10131,"27 years, 269 days",engineer,,,,,,,
Tirhas Habtegiris,https://en.wikipedia.org/wiki/Death_of_Tirhas_Habtegiris,Q7809207,1978,2005-12-14,,,possible,9845,10209,"26 years, 348 days to 27 years, 347 days",activist; politician; writer,,,,,,,
Tandi Iman Dupree,https://en.wikipedia.org/wiki/Tandi_Iman_Dupree,Q16016425,1978-08-13,2005-12-31,death from AIDS-related complications,,confirmed,10002,10002,"27 years, 140 days",dancer,,,,,,,
Elson Becerra,https://en.wikipedia.org/wiki/Elson_Becerra,Q707671,1978-04-26,2006-01-08,,homicide,confirmed,10119,10119,"27 years, 257 days",association football player,,,,,,,
Neil Entwistle,https://en.wikipedia.org/wiki/Murders_of_Rachel_and_Lillian_Entwistle,Q12859170,1978-09-18,2006-01-20,,homicide,confirmed,9986,9986,"27 years, 124 days",,,,,,,,
Tsakani Mhinga,https://en.wikipedia.org/wiki/Tsakani_Mhinga,Q7849324,1979,2006-02-27,,,possible,9555,9919,"26 years, 58 days to 27 years, 57 days",musician,,,,,,,
Travis Claridge,https://en.wikipedia.org/wiki/Travis_Claridge,Q2450646,1978-03-23,2006-02-28,,,confirmed,10204,10204,"27 years, 342 days",American football player; Canadian football player,,,,,,,
George Kriarakis,https://en.wikipedia.org/wiki/George_Kriarakis,Q113486273,1978,2006-04-07,,,possible,9959,10323,"27 years, 97 days to 28 years, 96 days",,,,,,,,
Alan Senitt,https://en.wikipedia.org/wiki/Alan_Senitt,Q4707738,1978-12-26,2006-07-09,stabbing,homicide,confirmed,10057,10057,"27 years, 195 days",,,,,,,,
Milorad Popović,https://en.wikipedia.org/wiki/Milorad_Popovi%C4%87,Q1935698,1979-01-18,2006-07-19,,,confirmed,10044,10044,"27 years, 182 days",association football player,,,,,,,
Brandon Hedrick,https://en.wikipedia.org/wiki/Brandon_Hedrick,Q11688763,1979-02-23,2006-07-20,electrocution,capital punishment,confirmed,10009,10009,"27 years, 147 days",,,,,,,,
Gökmen Yıldıran,https://en.wikipedia.org/wiki/G%C3%B6kmen_Y%C4%B1ld%C4%B1ran,Q99542993,1978-08-31,2006-08-09,,,confirmed,10205,10205,"27 years, 343 days",association football player,,,,,,,
Jotham Pellew,https://en.wikipedia.org/wiki/Jotham_Pellew,Q63970157,1978-09-13,2006-08-18,,,confirmed,10201,10201,"27 years, 339 days",athlete,,,,,,,
Cristian Nemescu,https://en.wikipedia.org/wiki/Cristian_Nemescu,Q638096,1979-03-31,2006-08-24; 2006-08-25,traffic collision,accidental death,confirmed,10008,10009,"27 years, 146 days to 27 years, 147 days",director; film director; screenwriter,,,,,,,
Moses Khumalo,https://en.wikipedia.org/wiki/Moses_Khumalo,Q1765166,1979-01-30,2006-09-04,hanging to death,suicide,confirmed,10079,10079,"27 years, 217 days",jazz musician; saxophonist,,,,,,,
Mark Wright,https://en.wikipedia.org/wiki/Mark_Wright_(British_Army_soldier),Q6770437,1979-04-22,2006-09-06,,,confirmed,9999,9999,"27 years, 137 days",military personnel,,,,,,,
Matt Gadsby,https://en.wikipedia.org/wiki/Matt_Gadsby,Q1909181,1979-09-06,2006-09-09,,,confirmed,9865,9865,"27 years, 3 days",association football player,,,,,,,
Paul Hunter,https://en.wikipedia.org/wiki/Paul_Hunter,Q178319,1978-10-14,2006-10-09,leukemia; pancreatic cancer,natural causes,confirmed,10222,10222,"27 years, 360 days",snooker player,,,,,,,
Shane Drury,https://en.wikipedia.org/wiki/Shane_Drury,Q7488051,1979-06-29,2006-10-31,bone cancer,natural causes,confirmed,9986,9986,"27 years, 124 days",athlete,,,,,,,
Valentín Elizalde,https://en.wikipedia.org/wiki/Valent%C3%ADn_Elizalde,Q963396,1979-02-01,2006-11-25,gunshot wound,homicide,confirmed,10159,10159,"27 years, 297 days",singer,,,,,,,
Benjamin Frater,https://en.wikipedia.org/wiki/Benjamin_Frater,Q4888679,1979,2007,,,possible,9863,10591,"27 years, 1 day to 28 years, 364 days",poet,,,,,,,
Yuri Kurilsky,https://en.wikipedia.org/wiki/Yuri_Kurilsky,Q110803940,1980,2007,execution by shooting,,possible,9497,10226,"26 years, 1 day to 27 years, 364 days",,,,,,,,
Mizan Mehari,https://en.wikipedia.org/wiki/Mizan_Mehari,Q26818554,1980-01-28,2007-05-10,,suicide,confirmed,9964,9964,"27 years, 102 days",long-distance runner,,,,,,,
Brahim Déby,https://en.wikipedia.org/wiki/Brahim_D%C3%A9by,Q2923553,1980-06-06,2007-07-02,asphyxia,homicide,confirmed,9887,9887,"27 years, 26 days",politician,,,,,,,
Yuneisy Castillo,https://en.wikipedia.org/wiki/Yuneisy_Castillo,Q28094784,1979-07-20,2007-07-07,,,confirmed,10214,10214,"27 years, 352 days",softball player,,,,,,,
Matt Nagle,https://en.wikipedia.org/wiki/Matt_Nagle,Q3299774,1979-10-16,2007-07-24,sepsis,homicide,confirmed,10143,10143,"27 years, 281 days",association football player; athlete,,,,,,,
Jesse Marunde,https://en.wikipedia.org/wiki/Jesse_Marunde,Q963805,1979-09-14,2007-07-25,myocardial infarction,natural causes,confirmed,10176,10176,"27 years, 314 days",strongman; weightlifter,,,,,,,
Majid Kavousifar,https://en.wikipedia.org/wiki/Majid_Kavousifar,Q5855444,1979,2007-08,hanging to death,capital punishment,possible,10075,10469,"27 years, 213 days to 28 years, 242 days",,,,,,,,
Daniel Gonzalez,https://en.wikipedia.org/wiki/Daniel_Gonzalez_(spree_killer),Q5217305,1980-06-21,2007-08-09,,suicide,confirmed,9910,9910,"27 years, 49 days",serial killer; spree killer,,,,,,,
Brandon Schantz,https://en.wikipedia.org/wiki/Brandon_Schantz,Q4957053,1980-07-26,2007-12-06,,,confirmed,9994,9994,"27 years, 133 days",journalist; television producer,,,,,,,
Antonio Summerton,https://en.wikipedia.org/wiki/Antonio_Summerton,Q102822626,1980-08-27,2007-12-29,,,confirmed,9985,9985,"27 years, 124 days",actor; film actor; television actor; television presenter,,,,,,,
Abu Sulayman al-Utaybi,https://en.wikipedia.org/wiki/Abu_Sulayman_al-Utaybi,Q28220002,1980,2008,airstrike,,possible,9862,10592,"27 years, 1 day to 28 years, 365 days",,,,,,,,
Tigist Shibabaw,https://en.wikipedia.org/wiki/Tigist_Shibabaw,Q7801669,1980,2008-01,,,possible,9862,10257,"27 years, 1 day to 28 years, 30 days",singer,,,,,,,
Sunil Kumar Choudhary,https://en.wikipedia.org/wiki/Sunil_Kumar_Choudhary,Q24844394,1980-06-22,2008-01-27,,,confirmed,10080,10080,"27 years, 219 days",,,,,,,,
Steven Kazmierczak,https://en.wikipedia.org/wiki/Steven_Kazmierczak,Q4208379,1980-08-26,2008-02-14,gunshot wound,suicide,confirmed,10033,10033,"27 years, 172 days",military personnel; sociologist; U.S. Army soldier,,,,,,,
Ashley Cooper,https://en.wikipedia.org/wiki/Ashley_Cooper_(racing_driver),Q361484,1980-07-11,2008-02-25,,,confirmed,10090,10090,"27 years, 229 days",engineer; racing automobile driver,,,,,,,
Andrew Britton,https://en.wikipedia.org/wiki/Andrew_Britton,Q206022,1981-01-06,2008-03-18,,,confirmed,9933,9933,"27 years, 72 days",novelist; writer,,,,,,,
Justin Wright,https://en.wikipedia.org/wiki/Justin_Wright,Q1999611,1981-03-08,2008-03-18,myocardial infarction,natural causes,confirmed,9872,9872,"27 years, 10 days",animator; screenwriter,,,,,,,
John Nicoletta,https://en.wikipedia.org/wiki/John_Nicoletta,Q99670982,1981-04-02,2008-04-08,,,confirmed,9868,9868,"27 years, 6 days",skier,,,,,,,
Mauro Baccelli,https://en.wikipedia.org/wiki/Mauro_Baccelli,Q43775409,1980-05-19,2008-04-27,car collision,,confirmed,10205,10205,"27 years, 344 days",rower,,,,,,,
Johnathan Goddard,https://en.wikipedia.org/wiki/Johnathan_Goddard,Q6265976,1981-05-11,2008-06-15,,accidental death,confirmed,9897,9897,"27 years, 35 days",American football player,,,,,,,
Terrence Kiel,https://en.wikipedia.org/wiki/Terrence_Kiel,Q7703478,1980-11-24,2008-07-04,asphyxia,accidental death,confirmed,10084,10084,"27 years, 223 days",American football player,,,,,,,
Lee Eon,https://en.wikipedia.org/wiki/Lee_Eon,Q490402,1981-02-05,2008-08-21,traffic collision,accidental death,confirmed,10059,10059,"27 years, 198 days",actor; film actor; model; television actor,,,,,,,
LeJuan Simon,https://en.wikipedia.org/wiki/LeJuan_Simon,Q6506369,1981-02-07,2008-10-01,,,confirmed,10098,10098,"27 years, 237 days",athletics competitor,,,,,,,
Tafadzwa Madondo,https://en.wikipedia.org/wiki/Tafadzwa_Madondo,Q7674913,1981-02-17,2008-11-17,traffic collision,,confirmed,10135,10135,"27 years, 274 days",cricketer,,,,,,,
Rashid Rauf,https://en.wikipedia.org/wiki/Rashid_Rauf,Q7294919,1981,2008-11-22,drone warfare,,possible,9823,10187,"26 years, 327 days to 27 years, 326 days",,,,,,,,
Rivka Holtzberg,https://en.wikipedia.org/wiki/Rivka_Holtzberg,Q9310639,1980,2008-11-26,,,possible,10192,10557,"27 years, 331 days to 28 years, 330 days",,,,,,,,
Isaipriya,https://en.wikipedia.org/wiki/Isaipriya,Q12982135,1982,2009,,homicide,possible,9498,10226,"26 years, 1 day to 27 years, 364 days",actor,,,,,,,
Self-immolation of Murugathasan Varnakulasingham,https://en.wikipedia.org/wiki/Self-immolation_of_Murugathasan_Varnakulasingham,Q107234907,1982-12-02,2009,,,possible,9527,9891,"26 years, 30 days to 27 years, 29 days",,,,,,,,
Umar Israilov,https://en.wikipedia.org/wiki/Umar_Israilov,Q746394,1981; 1982,2009-01-13,,homicide,possible,9510,10239,"26 years, 13 days to 28 years, 12 days",human rights defender,,,,,,,
Ciarán Ó Con Cheanainn,https://en.wikipedia.org/wiki/Ciar%C3%A1n_%C3%93_Con_Cheanainn,Q5119199,1981-07-12,2009-02-04,,,confirmed,10069,10069,"27 years, 207 days",teacher,,,,,,,
Jade Goody,https://en.wikipedia.org/wiki/Jade_Goody,Q264740,1981-06-05,2009-03-22,cervix uterine cancer,natural causes,confirmed,10152,10152,"27 years, 290 days",autobiographer; businessperson; nurse; socialite; writer,,,,,,,
Jobie Dajka,https://en.wikipedia.org/wiki/Jobie_Dajka,Q1365903,1981-12-11,2009-04-04,,,confirmed,9976,9976,"27 years, 114 days",sport cyclist; track cyclist,,,,,,,
Brian Simnjanovski,https://en.wikipedia.org/wiki/Brian_Simnjanovski,Q913065,1981-05-29,2009-05-10,traffic collision,accidental death,confirmed,10208,10208,"27 years, 346 days",American football player,,,,,,,
Bilal Zafar,https://en.wikipedia.org/wiki/Bilal_Zafar,Q17478993,1982-02-02,2009-05-17,,homicide,confirmed,9966,9966,"27 years, 104 days",soldier,,,,,,,
Johnny Palermo,https://en.wikipedia.org/wiki/Johnny_Palermo,Q584177,1982-03-01; 1982-03-12,2009-06-08,traffic collision,accidental death,confirmed,9950,9961,"27 years, 88 days to 27 years, 99 days",actor; film actor; television actor,,,,,,,
Dash Snow,https://en.wikipedia.org/wiki/Dash_Snow,Q1171862,1981-07-27,2009-07-13,drug overdose,,confirmed,10213,10213,"27 years, 351 days",artist; collagist; graffiti artist; installation artist; photographer,,,,,,,
Michelle Maykin,https://en.wikipedia.org/wiki/Michelle_Maykin,Q16018526,1982-01-20,2009-07-25,leukemia,natural causes,confirmed,10048,10048,"27 years, 186 days",,,,,,,,
Constantin Virgil Banescu,https://en.wikipedia.org/wiki/Constantin_Virgil_B%C4%83nescu,Q5163773,1982-05-26,2009-08-12,,,confirmed,9940,9940,"27 years, 78 days",poet; writer,,,,,,,
Darren Sutherland,https://en.wikipedia.org/wiki/Darren_Sutherland,Q964413,1982-04-18,2009-09-14,hanging to death,suicide,confirmed,10011,10011,"27 years, 149 days",boxer,,,,,,,
Lily Tembo,https://en.wikipedia.org/wiki/Lily_Tembo,Q6548568,1981-11-20,2009-09-14,gastritis,natural causes,confirmed,10160,10160,"27 years, 298 days",journalist,,,,,,,
Simmi Kahlon,https://en.wikipedia.org/wiki/Simmi_Kahlon,Q96655666,1982,2009-10-04,,,possible,9774,10138,"26 years, 277 days to 27 years, 276 days",,,,,,,,
Ehsan Fatahian,https://en.wikipedia.org/wiki/Ehsan_Fatahian,Q983123,1981,2009-11-11,hanging to death,capital punishment,possible,10177,10541,"27 years, 315 days to 28 years, 314 days",,,,,,,,
Michał Gajownik,https://en.wikipedia.org/wiki/Micha%C5%82_Gajownik,Q5968085,1981-12-15,2009-11-13,traffic collision,accidental death,confirmed,10195,10195,"27 years, 333 days",canoeist,,,,,,,
Walter Tróchez,https://en.wikipedia.org/wiki/Walter_Tr%C3%B3chez,Q7966309,1982,2009-12-13,,,possible,9844,10208,"26 years, 347 days to 27 years, 346 days",HIV/AIDS activist; LGBTQ rights activist,,,,,,,
Davinder Singh Jass,https://en.wikipedia.org/wiki/Davinder_Singh_Jass,Q65215777,1983-09-29,2010,,,possible,9591,9955,"26 years, 94 days to 27 years, 93 days",,,,,,,,
Justin Mentell,https://en.wikipedia.org/wiki/Justin_Mentell,Q126870,1982-12-16,2010-02-01,traffic collision,accidental death,confirmed,9909,9909,"27 years, 47 days",film actor; model; musician; speed skater; stage actor,,,,,,,
Joseph Hernández Ochoa,https://en.wikipedia.org/wiki/Joseph_Hern%C3%A1ndez_Ochoa,Q6283970,1983,2010-03-01,,homicide,possible,9557,9921,"26 years, 60 days to 27 years, 59 days",journalist,,,,,,,
James Williamson,https://en.wikipedia.org/wiki/James_Williamson_(Australian_cyclist),Q6145652,1983,2010-03-23,,,possible,9579,9943,"26 years, 82 days to 27 years, 81 days",journalist; sport cyclist,,,,,,,
J. C. Bailey,https://en.wikipedia.org/wiki/J._C._Bailey,Q2919612,1983-08-23,2010-08-30,intracranial aneurysm,natural causes,confirmed,9869,9869,"27 years, 7 days",professional wrestler,,,,,,,
Taavi Peetre,https://en.wikipedia.org/wiki/Taavi_Peetre,Q2625663,1983-07-05,2010-09-11,drowning,accidental death,confirmed,9930,9930,"27 years, 68 days",athletics competitor,,,,,,,
Elin Krantz,https://en.wikipedia.org/wiki/Elin_Krantz,Q96181363,1983-08-16,2010-09-26,blunt trauma,homicide,confirmed,9903,9903,"27 years, 41 days",,,,,,,,
Oshosheni Hiveluah,https://en.wikipedia.org/wiki/Oshosheni_Hiveluah,Q97154124,1982,2010-10-09,,,possible,10144,10508,"27 years, 282 days to 28 years, 281 days",filmmaker,,,,,,,
Richard Turner,https://en.wikipedia.org/wiki/Richard_Turner_(musician),Q104845488,1984,2011,,,possible,9497,10226,"26 years, 1 day to 27 years, 364 days",,,,,,,,
Bill Zeller,https://en.wikipedia.org/wiki/Bill_Zeller,Q2903409,1983-10-26,2011-01-05,hanging to death,suicide,confirmed,9933,9933,"27 years, 71 days",engineer,,,,,,,
Tom Cavanagh,https://en.wikipedia.org/wiki/Tom_Cavanagh_(ice_hockey),Q732714,1982-03-24; 1983-03-24,2011-01-06,falling,suicide,possible,10150,10515,"27 years, 288 days to 28 years, 288 days",ice hockey player,,,,,,,
Ellen Rae Greenberg,https://en.wikipedia.org/wiki/Death_of_Ellen_Greenberg,Q96007518,1983-06-23,2011-01-26,,,confirmed,10079,10079,"27 years, 217 days",,,,,,,,
Abdost Rind,https://en.wikipedia.org/wiki/Abdost_Rind,Q4665133,1984,2011-02-18,,homicide,possible,9545,9910,"26 years, 49 days to 27 years, 48 days",journalist,,,,,,,
Jeff Kargola,https://en.wikipedia.org/wiki/Jeff_Kargola,Q16019110,1983-11-29,2011-04-29,,,confirmed,10013,10013,"27 years, 151 days",,,,,,,,
Amy Winehouse,https://en.wikipedia.org/wiki/Amy_Winehouse,Q15897,1983-09-14,2011-07-23,alcohol intoxication,natural causes,confirmed,10174,10174,"27 years, 312 days",composer; guitarist; jazz guitarist; jazz musician; musician; recording artist; singer; singer-songwriter; songwriter,,,,,,,
Rick Rypien,https://en.wikipedia.org/wiki/Rick_Rypien,Q176748,1984-05-16,2011-08-15,,suicide,confirmed,9952,9952,"27 years, 91 days",ice hockey player,,,,,,,
Mario Bigoni,https://en.wikipedia.org/wiki/Mario_Bigoni,Q1898648,1984-07-18,2011-10,,,confirmed,9936,9966,"27 years, 75 days to 27 years, 105 days",association football player,,,,,,,
Takunda Mafika,https://en.wikipedia.org/wiki/Takunda_Mafika,Q7678593,1983-10-31,2011-10-12,,,confirmed,10208,10208,"27 years, 346 days",musician,,,,,,,
Jesse Morris,https://en.wikipedia.org/wiki/Jesse_Morris,Q116798157,1984-11-06,2011-11-06,,,confirmed,9861,9861,"27 years, 0 days",guitarist,,,,,,,
Álvaro Lara,https://en.wikipedia.org/wiki/%C3%81lvaro_Lara,Q8076710,1984-08-26,2011-11-20,traffic collision,,confirmed,9947,9947,"27 years, 86 days",association football player,,,,,,,
Killing of Mustafa Tamimi,https://en.wikipedia.org/wiki/Killing_of_Mustafa_Tamimi,Q54313735,1983,2011-12-10,,,possible,10206,10570,"27 years, 344 days to 28 years, 343 days",human rights defender,,,,,,,
Peter Veness,https://en.wikipedia.org/wiki/Peter_Veness,Q7177489,1984-04-10,2012-01-15,brain cancer,natural causes,confirmed,10141,10141,"27 years, 280 days",journalist,,,,,,,
Uncle Chichi,https://en.wikipedia.org/wiki/Uncle_Chichi,Q7882712,1985,2012-01-17,,,possible,9513,9877,"26 years, 17 days to 27 years, 16 days",,,,,,,,
Bilal al-Berjawi,https://en.wikipedia.org/wiki/Bilal_al-Berjawi,Q22132851,1984-09,2012-01-21,,,confirmed,9974,10003,"27 years, 113 days to 27 years, 142 days",,,,,,,,
Jazmín De Grazia,https://en.wikipedia.org/wiki/Jazm%C3%ADn_De_Grazia,Q968326,1984-07-04,2012-02-05,drowning,,confirmed,10077,10077,"27 years, 216 days",model,,,,,,,
Meenakshi Thapa,https://en.wikipedia.org/wiki/Meenakshi_Thapar,Q441799,1984-10-04,2012-04-19,decapitation,,confirmed,10059,10059,"27 years, 198 days",actor; singer,,,,,,,
Aberdeen Shikoyi,https://en.wikipedia.org/wiki/Aberdeen_Shikoyi,Q4666983,1985,2012-04-28,,,possible,9615,9979,"26 years, 119 days to 27 years, 118 days",rugby union player,,,,,,,
Hamza Banoub,https://en.wikipedia.org/wiki/Hamza_Bounab,Q5646489,1983-12-16; 1984,2012-06-23,,,possible,10036,10417,"27 years, 175 days to 28 years, 190 days",association football player,,,,,,,
Rakitha Wimaladarma,https://en.wikipedia.org/wiki/Rakitha_Wimaladarma,Q24844405,1984-11-20,2012-09-29,,,confirmed,10175,10175,"27 years, 314 days",cricketer,,,,,,,
Sahara Davenport,https://en.wikipedia.org/wiki/Sahara_Davenport,Q7399490,1984-12-17,2012-10-01,cardiovascular disease,natural causes,confirmed,10150,10150,"27 years, 289 days",dancer; drag queen; make-up artist,,,,,,,
Mitchell Cole,https://en.wikipedia.org/wiki/Mitchell_Cole,Q326107,1985-10-06,2012-12-01,,,confirmed,9918,9918,"27 years, 56 days",association football player,,,,,,,
Kazbek Gekkiyev,https://en.wikipedia.org/wiki/Kazbek_Gekkiyev,Q6380949,1984,2012-12-05,,homicide,possible,10201,10566,"27 years, 340 days to 28 years, 339 days",journalist,,,,,,,
Nikola Ilić,https://en.wikipedia.org/wiki/Nikola_Ili%C4%87,Q7035536,1985-02-26,2012-12-07,cancer,natural causes,confirmed,10146,10146,"27 years, 285 days",basketball player,,,,,,,
Victoria Leigh Soto,https://en.wikipedia.org/wiki/Victoria_Leigh_Soto,Q7926835,1985-11-04,2012-12-14,gunshot wound,homicide,confirmed,9902,9902,"27 years, 40 days",primary school teacher,,,,,,,
Chandler Williams,https://en.wikipedia.org/wiki/Chandler_Williams,Q5071197,1985-08-09,2013-01-05,,,confirmed,10011,10011,"27 years, 149 days",American football player,,,,,,,
Song Wenfei,https://en.wikipedia.org/wiki/Song_Wenfei,Q6334895,1985-05-30,2013-03-03,uterine cancer,natural causes,confirmed,10139,10139,"27 years, 277 days",actor,,,,,,,
Happy Sindane,https://en.wikipedia.org/wiki/Happy_Sindane,Q132527276,1985-06-25,2013-04-01,,,confirmed,10142,10142,"27 years, 280 days",,,,,,,,
Vernal Charles,https://en.wikipedia.org/wiki/Vernal_Charles,Q24514874,1985-07-20,2013-04-07,traffic collision,,confirmed,10123,10123,"27 years, 261 days",cricketer,,,,,,,
Alicia Gladden,https://en.wikipedia.org/wiki/Alicia_Gladden,Q11775185,1985-05-28,2013-04-21,traffic collision,accidental death,confirmed,10190,10190,"27 years, 328 days",basketball player,,,,,,,
Ibragim Todashev,https://en.wikipedia.org/wiki/Ibragim_Todashev,Q14626721,1985-09-22,2013-05-22,gunshot wound,,confirmed,10104,10104,"27 years, 242 days",mixed martial arts fighter,,,,,,,
Eva-Marree Kullander Smith,https://en.wikipedia.org/wiki/Eva_Marree_Kullander_Smith,Q65674458,1986-04-24,2013-07-11,,homicide,confirmed,9940,9940,"27 years, 78 days",sex worker; sex workers' rights activist,,,,,,,
Alberto López Bello,https://en.wikipedia.org/wiki/Alberto_L%C3%B3pez_Bello,Q15989329,1985,2013-07-17,,homicide,possible,10060,10424,"27 years, 198 days to 28 years, 197 days",crime journalist; journalist,,,,,,,
Sékou Camara,"https://en.wikipedia.org/wiki/S%C3%A9kou_Camara_(footballer,_born_1985)",Q3510609,1985-11-17,2013-07-27,myocardial infarction,natural causes,confirmed,10114,10114,"27 years, 252 days",association football player,,,,,,,
Christian Benítez,https://en.wikipedia.org/wiki/Christian_Ben%C3%ADtez,Q362315,1986-05-01,2013-07-29,peritonitis,natural causes,confirmed,9951,9951,"27 years, 89 days",association football player,,,,,,,
Héctor Sanabria,"https://en.wikipedia.org/wiki/H%C3%A9ctor_Sanabria_(footballer,_born_1985)",Q14828160,1985-08-29,2013-08-27,myocardial infarction,natural causes,confirmed,10225,10225,"27 years, 363 days",association football player,,,,,,,
Besik Kudukhov,https://en.wikipedia.org/wiki/Besik_Kudukhov,Q469541,1986-08-15,2013-12-29,traffic collision,accidental death,confirmed,9998,9998,"27 years, 136 days",amateur wrestler,,,,,,,
Sjoerd Huisman,https://en.wikipedia.org/wiki/Sjoerd_Huisman,Q2291028,1986-06-19,2013-12-30,heart failure,natural causes,confirmed,10056,10056,"27 years, 194 days",inline speed skater; speed skater,,,,,,,
Vugar Hashimov,https://en.wikipedia.org/wiki/Vugar_Gashimov,Q319380,1986-07-24,2014-01-11,brain cancer,natural causes,confirmed,10033,10033,"27 years, 171 days",chess player,,,,,,,
Kristof Goddaert,https://en.wikipedia.org/wiki/Kristof_Goddaert,Q535838,1986-11-21,2014-02-18,bicycle accident,accidental death,confirmed,9951,9951,"27 years, 89 days",sport cyclist,,,,,,,
Olha Bura,https://en.wikipedia.org/wiki/Olha_Bura,Q16166325,1986-07-22,2014-03-10,,homicide,confirmed,10093,10093,"27 years, 231 days",activist,,,,,,,
Abu Usamah al-Maghrebi,https://en.wikipedia.org/wiki/Abu_Usamah_al-Maghrebi,Q31076561,1986,2014-03-16,death in battle,,possible,9937,10301,"27 years, 75 days to 28 years, 74 days",warrior,,,,,,,
Monkey Black,https://en.wikipedia.org/wiki/Monkey_Black,Q16740843,1986-07-26,2014-04-30,,,confirmed,10140,10140,"27 years, 278 days",rapper; singer,,,,,,,
Ahmad Wally Skinner,https://en.wikipedia.org/wiki/Ahmad_Wally_Skinner,Q121494133,1986,2014-05-16,,,possible,9998,10362,"27 years, 136 days to 28 years, 135 days",,,,,,,,
Caleb Bankston,https://en.wikipedia.org/wiki/Caleb_Bankston,Q104077159,1987-03-26,2014-06-24,,,confirmed,9952,9952,"27 years, 90 days",reality television participant,,,,,,,
Mariana Alarcón,https://en.wikipedia.org/wiki/Mariana_Alarc%C3%B3n,Q51685280,1986-11-20,2014-08-02,,,confirmed,10117,10117,"27 years, 255 days",human rights defender; LGBTQ rights activist,,,,,,,
Siddiqa Parveen,https://en.wikipedia.org/wiki/Siddiqa_Parveen,Q112324443,1987,2014-08-14,,,possible,9723,10087,"26 years, 226 days to 27 years, 225 days",,,,,,,,
Robert Serra,https://en.wikipedia.org/wiki/Robert_Serra,Q18175802,1987-01-16,2014-10-01,stabbing,homicide,confirmed,10120,10120,"27 years, 258 days",criminologist; lawyer; politician,,,,,,,
Viktor Hurniak,https://en.wikipedia.org/wiki/Viktor_Hurniak,Q18326055,1987-06-08,2014-10-19,,,confirmed,9995,9995,"27 years, 133 days",photographer,,,,,,,
Senzo Meyiwa,https://en.wikipedia.org/wiki/Senzo_Meyiwa,Q3313309,1987-09-24,2014-10-26,,homicide,confirmed,9894,9894,"27 years, 32 days",association football player,,,,,,,
Piauí,https://en.wikipedia.org/wiki/Piau%C3%AD_(footballer),Q5340303,1986-12-02,2014-11-01,,,confirmed,10196,10196,"27 years, 334 days",association football player,,,,,,,
Juan Joseph,https://en.wikipedia.org/wiki/Juan_Joseph,Q16231736,1987-08-26,2014-11-16,,,confirmed,9944,9944,"27 years, 82 days",American football player; Canadian football player,,,,,,,
Akai Gurley,https://en.wikipedia.org/wiki/Akai_Gurley,Q105595705,1986,2014-11-20,gunshot wound,homicide,possible,10186,10550,"27 years, 324 days to 28 years, 323 days",,,,,,,,
Slađa Guduraš,https://en.wikipedia.org/wiki/Sla%C4%91a_Gudura%C5%A1,Q18658532,1987-08-11,2014-12-10,traffic collision,,confirmed,9983,9983,"27 years, 121 days",actor; singer,,,,,,,
Captain Asfand yar Bukhari Shaheed,https://en.wikipedia.org/wiki/Asfandyar_Bukhari,Q25548030,1988,2015,,death in battle,possible,9497,10226,"26 years, 1 day to 27 years, 364 days",military personnel,,,,,,,
Lkhagvasumberel Tumursukh,https://en.wikipedia.org/wiki/Lkhagvasumberel_Tumursukh,Q24844928,1988,2015,,,possible,9497,10226,"26 years, 1 day to 27 years, 364 days",biologist,,,,,,,
Ghazi Ali Dawi,https://en.wikipedia.org/wiki/Ghazi_Ali_Dawi,Q24175061,1988-01-01,2015-01-18,,homicide,confirmed,9879,9879,"27 years, 17 days",,,,,,,,
Andreas Lubitz,https://en.wikipedia.org/wiki/Andreas_Lubitz,Q19685096,1987-12-18,2015-03-24,aviation accident,suicide,confirmed,9958,9958,"27 years, 96 days",aircraft pilot; first officer; flight attendant,,,,,,,
Akhil Mehta,https://en.wikipedia.org/wiki/Akhil_Mehta,Q19798237,1987-09-19,2015-03-28,,,confirmed,10052,10052,"27 years, 190 days",,,,,,,,
Štěpán Kodeda,https://en.wikipedia.org/wiki/%C5%A0t%C4%9Bp%C3%A1n_Kodeda,Q8082901,1988-02-05,2015-03-30,,,confirmed,9915,9915,"27 years, 53 days",orienteer,,,,,,,
Viyan Peyman,https://en.wikipedia.org/wiki/Viyan_Peyman,Q61974918,1988,2015-04-06,injury,,possible,9592,9957,"26 years, 96 days to 27 years, 95 days",resistance fighter; singer; teacher,,,,,,,
Sergei Lascenko,https://en.wikipedia.org/wiki/Sergei_Lashchenko,Q7453634,1987-07-21,2015-04-08,,homicide,confirmed,10123,10123,"27 years, 261 days",boxer; kickboxer; Thai boxer,,,,,,,
Ryan McHenry,https://en.wikipedia.org/wiki/Ryan_McHenry,Q19858008,1987-11-12; 1987-12-13,2015-05-02,bone cancer,natural causes,confirmed,10002,10033,"27 years, 140 days to 27 years, 171 days",director; film director; screenwriter,,,,,,,
Andres Ortiz,https://en.wikipedia.org/wiki/Andres_Ortiz,Q20011733,1987,2015-05-23,,,possible,10005,10369,"27 years, 143 days to 28 years, 142 days",basketball player,,,,,,,
Cristian Gómez,"https://en.wikipedia.org/wiki/Cristian_G%C3%B3mez_(footballer,_born_1987)",Q19366110,1987-11-04,2015-05-24,myocardial infarction,natural causes,confirmed,10063,10063,"27 years, 201 days",association football player,,,,,,,
Yang Kehan,https://en.wikipedia.org/wiki/Yang_Ko-han,Q9186408,1987-09-17,2015-07-18,hanging to death,suicide,confirmed,10166,10166,"27 years, 304 days",actor; television actor,,,,,,,
Dani Rivas,https://en.wikipedia.org/wiki/Dani_Rivas,Q5216248,1988-03-13,2015-07-19,motorcycle accident,accidental death,confirmed,9989,9989,"27 years, 128 days",motorcycle racer,,,,,,,
Aleksander Ostrowski,https://en.wikipedia.org/wiki/Aleksander_Ostrowski,Q20829570,1988-01-11,2015-07-25,,,confirmed,10057,10057,"27 years, 195 days",alpine skier; athletics competitor,,,,,,,
Diego Barisone,https://en.wikipedia.org/wiki/Diego_Barisone,Q5805912,1988-05-29; 1989-05-29,2015-07-28,traffic collision,,possible,9556,9921,"26 years, 60 days to 27 years, 60 days",association football player,,,,,,,
Stuart Baggs,https://en.wikipedia.org/wiki/Stuart_Baggs,Q106617171,1988,2015-07-30,,,possible,9707,10072,"26 years, 211 days to 27 years, 210 days",businessperson; entrepreneur,,,,,,,
Tyler Sash,https://en.wikipedia.org/wiki/Tyler_Sash,Q4001151,1988-05-27,2015-09-08,drug overdose,,confirmed,9965,9965,"27 years, 104 days",American football player,,,,,,,
Caio César,https://en.wikipedia.org/wiki/Caio_C%C3%A9sar,Q16337025,1988-09-28,2015-09-30,,homicide,confirmed,9863,9863,"27 years, 2 days",actor; dub actor; police officer,,,,,,,
Jihadi John,https://en.wikipedia.org/wiki/Jihadi_John,Q17612464,1988-08-17,2015-11-12,drone warfare,,confirmed,9948,9948,"27 years, 87 days",terrorist,,,,,,,
Tashfeen Malik,https://en.wikipedia.org/wiki/Tashfeen_Malik,Q21664333,1988-07-13,2015-12-02,shooting,,confirmed,10003,10003,"27 years, 142 days",,,,,,,,
Hindia Haji Mohamed,https://en.wikipedia.org/wiki/Hindia_Haji_Mohamed,Q29378259,1988,2015-12-03,,death in battle; homicide,possible,9833,10198,"26 years, 337 days to 27 years, 336 days",journalist; radio journalist; television journalist,,,,,,,
Chelele,https://en.wikipedia.org/wiki/Chelele,Q122237728,1988,2016,,,possible,9862,10592,"27 years, 1 day to 28 years, 365 days",singer,,,,,,,
Matthew Lewellen,https://en.wikipedia.org/wiki/Matthew_Lewellen,Q136394240,1989,2016,,,possible,9497,10226,"26 years, 1 day to 27 years, 365 days",,,,,,,,
Tomas Lowe,https://en.wikipedia.org/wiki/Tomas_Lowe,Q124313388,1988-05-01,2016-02-13,,,confirmed,10149,10149,"27 years, 288 days",bassist,,,,,,,
Khālid El Bakraoui,https://en.wikipedia.org/wiki/Khalid_El_Bakraoui,Q23493981,1989-01-12,2016-03-22,,,confirmed,9931,9931,"27 years, 70 days",,,,,,,,
Hovsep Kirakosyan,https://en.wikipedia.org/wiki/Hovsep_Kirakosyan,Q28817536,1988-08-23,2016-04-02,,,confirmed,10084,10084,"27 years, 223 days",military personnel,,,,,,,
Nazimudden Samad,https://en.wikipedia.org/wiki/Nazimudden_Samad,Q23747889,1988,2016-04-06,,homicide,possible,9958,10323,"27 years, 97 days to 28 years, 96 days",journalist; student,,,,,,,
"João ""Rafeiro"" Carvalho",https://en.wikipedia.org/wiki/Jo%C3%A3o_Carvalho_(fighter),Q23821607,1988,2016-04-11,blunt trauma,,possible,9963,10328,"27 years, 102 days to 28 years, 101 days",mixed martial arts fighter,,,,,,,
Lucky Azasoo-Nkornoo,https://en.wikipedia.org/wiki/Lucky_Azasoo-Nkornoo,Q77206908,1988,2016-05-04,,,possible,9986,10351,"27 years, 125 days to 28 years, 124 days",television actor,,,,,,,
Chris Mitchell,https://en.wikipedia.org/wiki/Chris_Mitchell_(Scottish_footballer),Q4296913,1988-07-21,2016-05-06,,suicide,confirmed,10151,10151,"27 years, 290 days",association football player,,,,,,,
Kevin James Loibl,https://en.wikipedia.org/wiki/Kevin_James_Loibl,Q24556526,1989-03-10,2016-06-10,gunshot wound,suicide,confirmed,9954,9954,"27 years, 92 days",murderer,,,,,,,
Anton Yelchin,https://en.wikipedia.org/wiki/Anton_Yelchin,Q314133,1989-03-11,2016-06-19,traumatic asphyxia,accidental death,confirmed,9962,9962,"27 years, 100 days",actor; film actor; television actor; voice actor,,,,,,,
Maciej Szymon Cieśla,https://en.wikipedia.org/wiki/Maciej_Szymon_Cie%C5%9Bla,Q26155630,1989-06-29,2016-07-02,cancer,natural causes,confirmed,9865,9865,"27 years, 3 days",digital artist,,,,,,,
Seth Rich,https://en.wikipedia.org/wiki/Seth_Rich,Q51720108,1989-01-03,2016-07-10,,,confirmed,10050,10050,"27 years, 189 days",data scientist,,,,,,,
Bryan Clauson,https://en.wikipedia.org/wiki/Bryan_Clauson,Q704139,1989-06-15,2016-08-07,,,confirmed,9915,9915,"27 years, 53 days",racing automobile driver,,,,,,,
Roohullah Mohmand,https://en.wikipedia.org/wiki/Roohullah_Mohmand,Q139554260,1989-05-05,2016-10-24,,,confirmed,10034,10034,"27 years, 172 days",,,,,,,,
Bjørn Lidin Hansen,https://en.wikipedia.org/wiki/Bj%C3%B8rn_Lidin_Hansen,Q4919897,1989-06-11,2016-10-25,,suicide,confirmed,9998,9998,"27 years, 136 days",association football player,,,,,,,
Hervé Bondembe Mandundu,https://en.wikipedia.org/wiki/Death_of_Herv%C3%A9_Bondembe_Mandundu,Q96709859,1989,2016-11-06,,,possible,9807,10171,"26 years, 311 days to 27 years, 310 days",,,,,,,,
Ananias Eloi Castro Monteiro,https://en.wikipedia.org/wiki/Ananias_(footballer),Q4751411,1989-01-20,2016-11-28,aircraft crash,,confirmed,10174,10174,"27 years, 313 days",association football player,,,,,,,
Sérgio Manoel Barbosa Santos,"https://en.wikipedia.org/wiki/S%C3%A9rgio_Manoel_(footballer,_born_1989)",Q7454311,1989-09-08,2016-11-28,aircraft crash,,confirmed,9943,9943,"27 years, 81 days",association football player,,,,,,,
Emmanuel Mensah,https://en.wikipedia.org/wiki/Emmanuel_Mensah_(soldier),Q98816253,1990,2017,,,possible,9498,10226,"26 years, 1 day to 27 years, 364 days",military personnel,,,,,,,
Yescia Bloom,https://en.wikipedia.org/wiki/Yescia_Bloom,Q133263693,1990,2017-01-30,,,possible,9527,9891,"26 years, 30 days to 27 years, 29 days",beauty pageant contestant; model,,,,,,,
Ridvan Haqifi,https://en.wikipedia.org/wiki/Ridvan_Haqifi,Q47125919,1990,2017-02-08,,,possible,9536,9900,"26 years, 39 days to 27 years, 38 days",,,,,,,,
Youcef Touati,https://en.wikipedia.org/wiki/Youcef_Touati,Q8057728,1989-03-29,2017-03-16,traffic collision,,confirmed,10214,10214,"27 years, 352 days",association football player,,,,,,,
Ryan McBride,https://en.wikipedia.org/wiki/Ryan_McBride,Q23644961,1989-12-15,2017-03-19,,,confirmed,9956,9956,"27 years, 94 days",association football player,,,,,,,
Aaron Hernandez,https://en.wikipedia.org/wiki/Aaron_Hernandez,Q302091,1989-11-06,2017-04-19,hanging to death,suicide,confirmed,10026,10026,"27 years, 164 days",American football player,,,,,,,
Sonika Chauhan,https://en.wikipedia.org/wiki/Sonika_Chauhan,Q29617840,1989-07-12,2017-04-29,car collision,,confirmed,10153,10153,"27 years, 291 days",actor; model,,,,,,,
Robert Curtis,https://en.wikipedia.org/wiki/Robert_Curtis_(basketball),Q21005491,1990-01-15,2017-05-26,,,confirmed,9993,9993,"27 years, 131 days",basketball player,,,,,,,
Edwin Rivera Paz,https://en.wikipedia.org/wiki/Edwin_Rivera_Paz,Q58894944,1989,2017-07-09,,homicide,possible,10052,10416,"27 years, 190 days to 28 years, 189 days",journalist,,,,,,,
Shot,https://en.wikipedia.org/wiki/Shot_(rapper),Q87711400,1989-12-01,2017-09-21,diabetic coma,natural causes,confirmed,10156,10156,"27 years, 294 days",rapper,,,,,,,
Georges Griffiths,https://en.wikipedia.org/wiki/Georges_Griffiths,Q10554358,1990-02-24,2017-10-05,,,confirmed,10085,10085,"27 years, 223 days",association football player,,,,,,,
Hayden Kennedy,https://en.wikipedia.org/wiki/Hayden_Kennedy_(climber),Q50585567,1990,2017-10-07,,suicide,possible,9777,10141,"26 years, 280 days to 27 years, 279 days",mountaineer; rock climber,,,,,,,
Zuboni Humtsoe,https://en.wikipedia.org/wiki/Zuboni_H%C3%BCmtsoe,Q91867260,1990,2017-11-13,,,possible,9814,10178,"26 years, 317 days to 27 years, 316 days",activist,,,,,,,
Don Powers,https://en.wikipedia.org/wiki/Don_Powers,Q5293337,1989,2017-12-04,,,possible,10200,10564,"27 years, 338 days to 28 years, 337 days",American football coach; head coach,,,,,,,
Kim Jong-hyun,https://en.wikipedia.org/wiki/Jonghyun,Q484484,1990-04-08,2017-12-18,carbon monoxide poisoning,suicide,confirmed,10116,10116,"27 years, 254 days",actor; model; musician; radio personality; singer; singer-songwriter; songwriter,,,,,,,
Erica Garner,https://en.wikipedia.org/wiki/Erica_Garner,Q47000718,1990-05-29,2017-12-30,myocardial infarction,natural causes,confirmed,10077,10077,"27 years, 215 days",activist,,,,,,,
Botham Jean,https://en.wikipedia.org/wiki/Botham_Jean,Q105596099,1991; 1991-09-29,2018; 2018-06-09,,,possible,9498,10226,"26 years, 1 day to 27 years, 364 days",,,,,,,,
Domagoj Zubac,https://en.wikipedia.org/wiki/Domagoj_Zubac,Q124713075,1990-01-26,2018,,,possible,10202,10566,"27 years, 340 days to 28 years, 339 days",association football player,,,,,,,
Mlungisi Bali,https://en.wikipedia.org/wiki/Mlungisi_Bali,Q17305663,1990-06-01,2018-01-03,,,confirmed,10078,10078,"27 years, 216 days",rugby union player,,,,,,,
Naqeebullah Mehsud,https://en.wikipedia.org/wiki/Killing_of_Naqeebullah_Mehsud,Q47486925,1991-01-01,2018-01-13,,,confirmed,9874,9874,"27 years, 12 days",laborer; model; shopkeeper,,,,,,,
Fredo Santana,https://en.wikipedia.org/wiki/Fredo_Santana,Q13107451,1990-07-04,2018-01-19,epilepsy,natural causes,confirmed,10061,10061,"27 years, 199 days",rapper; songwriter,,,,,,,
Ján Kuciak,https://en.wikipedia.org/wiki/J%C3%A1n_Kuciak,Q50177451,1990-05-17,2018-02-21; 2018-02-25,gunshot wound,homicide,confirmed,10142,10146,"27 years, 280 days to 27 years, 284 days",investigative journalist; journalist; university teacher,,,,,,,
Mina Başaran,https://en.wikipedia.org/wiki/Mina_Ba%C5%9Faran,Q50413397,1990-09-05,2018-03-11,,,confirmed,10049,10049,"27 years, 187 days",businessperson,,,,,,,
Anna Campbell,https://en.wikipedia.org/wiki/Anna_Campbell,Q50809266,1991,2018-03-15,gunshot wound,homicide,possible,9571,9935,"26 years, 74 days to 27 years, 73 days",militant; political activist,,,,,,,
Gazmend Sinani,https://en.wikipedia.org/wiki/Gazmend_Sinani,Q55166618,1991-06-22; 1991-07-05,2018-06-23,traffic collision,,possible,9850,9863,"26 years, 353 days to 27 years, 1 day",basketball player,,,,,,,
Tyler Honeycutt,https://en.wikipedia.org/wiki/Tyler_Honeycutt,Q2699577,1990-07-15,2018-07-06; 2018-07-07,gunshot wound,suicide,confirmed,10218,10219,"27 years, 356 days to 27 years, 357 days",basketball player,,,,,,,
Ramin Hosseinpanahi,https://en.wikipedia.org/wiki/Ramin_Hossein-Panahi,Q56365072,1991,2018-09-08,,capital punishment,possible,9748,10112,"26 years, 251 days to 27 years, 250 days",,,,,,,,
Óscar Munguía,https://en.wikipedia.org/wiki/%C3%93scar_Mungu%C3%ADa,Q58845076,1991-07-06,2018-11-18,,,confirmed,9997,9997,"27 years, 135 days",association football player,,,,,,,
Andrey Shcharbakow,https://en.wikipedia.org/wiki/Andrey_Shcharbakow,Q2053990,1991-01-31,2018-12-17,traffic collision,,confirmed,10182,10182,"27 years, 320 days",association football player,,,,,,,
Dinara Zhorobekova,https://en.wikipedia.org/wiki/Dinara_Zhorobekova,Q28976211,1992-01-08,2019-02-18,,,confirmed,9903,9903,"27 years, 41 days",,,,,,,,
Keyvan Vahdani,https://en.wikipedia.org/wiki/Keyvan_Vahdani,Q62116767,1991-04-01,2019-03-20,traumatic brain injury,natural causes,confirmed,10215,10215,"27 years, 353 days",association football player,,,,,,,
Kim Dae-beom,https://en.wikipedia.org/wiki/Kim_Dae-beom,Q6408521,1992-02-10,2019-04-15,,,confirmed,9926,9926,"27 years, 64 days",modern pentathlete; pentathlete,,,,,,,
Robbert de Greef,https://en.wikipedia.org/wiki/Robbert_de_Greef,Q20113727,1991-08-27,2019-04-26,cerebral hemorrhage,natural causes,confirmed,10104,10104,"27 years, 242 days",sport cyclist,,,,,,,
Mena Mangal,https://en.wikipedia.org/wiki/Mina_Mangal,Q63799951,1992,2019-05-11,,homicide,possible,9627,9992,"26 years, 131 days to 27 years, 130 days",journalist; women's rights activist,,,,,,,
Abdul Baset Al-Sarout,https://en.wikipedia.org/wiki/Abdul_Baset_al-Sarout,Q4665308,1992-01-01,2019-06-08,died of wounds,death in battle,confirmed,10020,10020,"27 years, 158 days",association football player; football club; rebel; resistance fighter; revolutionary,,,,,,,
Tyler Skaggs,https://en.wikipedia.org/wiki/Tyler_Skaggs,Q777728,1991-07-13,2019-07-01,asphyxia,accidental death,confirmed,10215,10215,"27 years, 353 days",baseball player,,,,,,,
Elina Almazovna Gismeeva,https://en.wikipedia.org/wiki/Elina_Gismeeva,Q82829103,1992-05-06,2019-08-04,drowning,,confirmed,9951,9951,"27 years, 90 days",kickboxer,,,,,,,
Neiron Ball,https://en.wikipedia.org/wiki/Neiron_Ball,Q19865526,1992-08-20,2019-09-09,,,confirmed,9881,9881,"27 years, 20 days",American football player,,,,,,,
Hanna Yusuf,https://en.wikipedia.org/wiki/Hanna_Yusuf,Q75659039,1992,2019-09-30,,,possible,9769,10134,"26 years, 273 days to 27 years, 272 days",journalist,,,,,,,
Mikhail Biryukov,https://en.wikipedia.org/wiki/Mikhail_Biryukov_(tennis),Q6849512,1992-04-28,2019-10-04,,,confirmed,10020,10020,"27 years, 159 days",tennis player,,,,,,,
Patrick Day,https://en.wikipedia.org/wiki/Patrick_Day,Q71262658,1992-08-09,2019-10-16,traumatic brain injury,accidental death,confirmed,9929,9929,"27 years, 68 days",boxer,,,,,,,
Dwight Ritchie,https://en.wikipedia.org/wiki/Dwight_Ritchie,Q74239941,1992-02-29,2019-11-09,blunt trauma,accidental death,confirmed,10115,10115,"27 years, 254 days",boxer,,,,,,,
Pouya Bakhtiari,https://en.wikipedia.org/wiki/Pouya_Bakhtiari,Q77489289,1992-09-10,2019-11-16,,,confirmed,9928,9928,"27 years, 67 days",,,,,,,,
George Atkinson III,https://en.wikipedia.org/wiki/George_Atkinson_III,Q17859779,1992-11-29,2019-12-02,,,confirmed,9864,9864,"27 years, 3 days",American football player; athletics competitor,,,,,,,
Cha In-ha,https://en.wikipedia.org/wiki/Cha_In-ha,Q55734717,1992-07-15,2019-12-03,,,confirmed,10002,10002,"27 years, 141 days",film actor; singer; television actor,,,,,,,
Shahdon Winchester,https://en.wikipedia.org/wiki/Shahdon_Winchester,Q3784304,1992-01-08,2019-12-19,traffic collision,,confirmed,10207,10207,"27 years, 345 days",association football player,,,,,,,
Khagendra Thapa Magar,https://en.wikipedia.org/wiki/Khagendra_Thapa_Magar,Q732951,1992-10-04,2020-01-17,pneumonia,natural causes,confirmed,9966,9966,"27 years, 105 days",,,,,,,,
Stanislav Bogdanovich,https://en.wikipedia.org/wiki/Stanislav_Bogdanovich,Q18544873,1993-02-04,2020-03-05,,death by misadventure,confirmed,9891,9891,"27 years, 30 days",chess player,,,,,,,
Jordan Cox,https://en.wikipedia.org/wiki/Jordan_Cox_(rugby_league),Q6276458,1992-05-27,2020-04-30,,,confirmed,10200,10200,"27 years, 339 days",rugby league player,,,,,,,
Kiing Shooter,https://en.wikipedia.org/wiki/Kiing_Shooter,Q79666066,1992-07-25,2020-05-05,COVID-19,natural causes,confirmed,10146,10146,"27 years, 285 days",rapper; songwriter,,,,,,,
Lara van Ruijven,https://en.wikipedia.org/wiki/Lara_van_Ruijven,Q7000030,1992-12-28,2020-07-10,autoimmune disease,natural causes,confirmed,10056,10056,"27 years, 195 days",short-track speed skater; speed skater,,,,,,,
Benjamin Keough,https://en.wikipedia.org/wiki/Benjamin_Keough,Q17385637,1992-10-21,2020-07-12,,suicide,confirmed,10126,10126,"27 years, 265 days",singer,,,,,,,
Junrey Balawing,https://en.wikipedia.org/wiki/Junrey_Balawing,Q281254,1993-06-12,2020-07-28,,,confirmed,9908,9908,"27 years, 46 days",,,,,,,,
Michael Ojo,"https://en.wikipedia.org/wiki/Michael_Ojo_(basketball,_born_1993)",Q37666608,1993-01-05,2020-08-07,myocardial infarction,natural causes,confirmed,10076,10076,"27 years, 215 days",basketball player,,,,,,,
Emman Nimedez,https://en.wikipedia.org/wiki/Emman_Nimedez,Q98431708,1993-04-03,2020-08-16,,,confirmed,9997,9997,"27 years, 135 days",actor; television producer; YouTuber,,,,,,,
Navid Afkari,https://en.wikipedia.org/wiki/Execution_of_Navid_Afkari,Q98931509,1993-07-22,2020-09-12,hanging to death,capital punishment,confirmed,9914,9914,"27 years, 52 days",amateur wrestler; plasterer,,,,,,,
Sultan Saif,https://en.wikipedia.org/wiki/Sultan_Saif,Q24450687,1993-06-10,2020-10-15,traffic collision,accidental death,confirmed,9989,9989,"27 years, 127 days",association football player,,,,,,,
Shahin Allahyarov,https://en.wikipedia.org/wiki/Shahin_Allahyarov,Q105230933,1993-01-29,2020-11-01,,,confirmed,10138,10138,"27 years, 277 days",,,,,,,,
Titus Davis,https://en.wikipedia.org/wiki/Titus_Davis,Q19867437,1993-01-03,2020-11-11,Bellini duct carcinoma,natural causes,confirmed,10174,10174,"27 years, 313 days",American football player,,,,,,,
Maximiliano Pereira,"https://en.wikipedia.org/wiki/Maximiliano_Pereira_(footballer,_born_1993)",Q1785000,1993-04-25,2020-12-26,,,confirmed,10107,10107,"27 years, 245 days",association football player,,,,,,,
Ranule,https://en.wikipedia.org/wiki/Ranule,Q105071136,1993-05-14,2021-01-24,,,confirmed,10117,10117,"27 years, 255 days",association football player,,,,,,,
Sasa Klaas,https://en.wikipedia.org/wiki/Sasa_Klaas,Q104370664,1993-05-17,2021-03-05,aircraft crash,accidental death,confirmed,10154,10154,"27 years, 292 days",rapper; singer,,,,,,,
Rostyslav Bahdasarov,https://en.wikipedia.org/wiki/Rostyslav_Bahdasarov,Q20739570,1993-05-24,2021-03-13,,,confirmed,10155,10155,"27 years, 293 days",association football player,,,,,,,
Mustafa Saadoon,"https://en.wikipedia.org/wiki/Mustafa_Saadoon_(footballer,_born_1994)",Q26355529,1994-01-28,2021-04-23,stroke,natural causes,confirmed,9947,9947,"27 years, 85 days",association football player,,,,,,,
Haziq Kamaruddin,https://en.wikipedia.org/wiki/Haziq_Kamaruddin,Q1706028,1993-07-04,2021-05-14,atherosclerosis,natural causes,confirmed,10176,10176,"27 years, 314 days",archer,,,,,,,
Dakota Skye,https://en.wikipedia.org/wiki/Dakota_Skye_(actress),Q19668356,1994-04-17,2021-06-09,,,confirmed,9915,9915,"27 years, 53 days",pornographic film actor,,,,,,,
Gladys Aranza Ramos Gurrola,https://en.wikipedia.org/wiki/Aranza_Ramos,Q135476426,1994,2021-07-15,,homicide,possible,9693,10057,"26 years, 196 days to 27 years, 195 days",Q135470931,,,,,,,
Noor Mukadam,https://en.wikipedia.org/wiki/Noor_Mukadam,Q107713598,1993-10-23,2021-07-21,,homicide,confirmed,10133,10133,"27 years, 271 days",,,,,,,,
Yūsuke Kinoshita,https://en.wikipedia.org/wiki/Y%C5%ABsuke_Kinoshita,Q28688372,1993-10-10,2021-08-03,myocarditis,natural causes,confirmed,10159,10159,"27 years, 297 days",baseball player,,,,,,,
Zelá Brambillé,https://en.wikipedia.org/wiki/Zel%C3%A1_Brambill%C3%A9,Q54935577,1994-06-08,2021-08-04,,,confirmed,9919,9919,"27 years, 57 days",television producer; writer,,,,,,,
Denys Barvinko,https://en.wikipedia.org/wiki/Denys_Barvinko,Q4078060,1994-02-16,2021-09-10,,,confirmed,10068,10068,"27 years, 206 days",association football player,,,,,,,
Tomáš Prokop,https://en.wikipedia.org/wiki/Tom%C3%A1%C5%A1_Prokop,Q15639881,1994-01-30,2021-09-19,,,confirmed,10094,10094,"27 years, 232 days",ice hockey player,,,,,,,
Jacob Duygu,https://en.wikipedia.org/wiki/Jacob_Duygu,Q137042792,1993,2021-10,,,possible,10136,10530,"27 years, 274 days to 28 years, 303 days",,,,,,,,
Vanessa Angel,https://en.wikipedia.org/wiki/Vanessa_Angel_(Indonesian_actress),Q12523634,1993-12-21,2021-11-04,traffic collision,accidental death,confirmed,10180,10180,"27 years, 318 days",actor,,,,,,,
B. Smyth,https://en.wikipedia.org/wiki/B._Smyth,Q17149930,1994-03-12,2022,pulmonary fibrosis,natural causes,possible,10157,10521,"27 years, 295 days to 28 years, 294 days",dancer; rapper; singer; songwriter,,,,,,,
Kent Johnson,https://en.wikipedia.org/wiki/Kent_Johnson_(poet),Q6391800,1995,2022,,,possible,9498,10226,"26 years, 1 day to 27 years, 364 days",journalist; literary critic; translator,,,,,,,
Oshadie Kuruppu,https://en.wikipedia.org/wiki/Oshadie_Kuruppu,Q27032245,1994-08-20,2022,,,possible,9996,10360,"27 years, 134 days to 28 years, 133 days",badminton player,,,,,,,
Toto Landero,https://en.wikipedia.org/wiki/Toto_Landero,Q55760557,1995-10-20,2022,drowning,,possible,9570,9934,"26 years, 73 days to 27 years, 72 days",boxer,,,,,,,
Ahmet Çalık,https://en.wikipedia.org/wiki/Ahmet_Y%C4%B1lmaz_%C3%87al%C4%B1k,Q13407931,1994-02-26,2022-01-11,traffic collision,accidental death,confirmed,10181,10181,"27 years, 319 days",association football player,,,,,,,
Kenny Ejim,https://en.wikipedia.org/wiki/Kenny_Ejim,Q111520363,1994-12-03; 1994-12-19,2022-02-14,,,confirmed,9919,9935,"27 years, 57 days to 27 years, 73 days",basketball player,,,,,,,
Chad Booc,https://en.wikipedia.org/wiki/Chad_Booc,Q111739363,1995,2022-02-24,,,possible,9552,9916,"26 years, 55 days to 27 years, 54 days",activist; teacher; volunteer,,,,,,,
Oleksandr Korpan,https://en.wikipedia.org/wiki/Oleksandr_Korpan,Q111139891,1994-09-08,2022-03-02,,death in battle,confirmed,10037,10037,"27 years, 175 days",military aviator,,,,,,,
Pavlo Sbytov,https://en.wikipedia.org/wiki/Pavlo_Sbytov,Q111200643,1994-10-22,2022-03-12,,,confirmed,10003,10003,"27 years, 141 days",military personnel,,,,,,,
Kawshalya Madushani,https://en.wikipedia.org/wiki/Kaushalya_Madushani,Q78142765,1995,2022-04-24,,,possible,9611,9975,"26 years, 114 days to 27 years, 113 days",athletics competitor; sprinter,,,,,,,
Maxi Rolón,https://en.wikipedia.org/wiki/Maxi_Rol%C3%B3n,Q17622063,1995-01-19,2022-05-14,car collision,accidental death,confirmed,9977,9977,"27 years, 115 days",association football player,,,,,,,
Andrii Verkhohliad,https://en.wikipedia.org/wiki/Andrii_Verkhohliad,Q30958700,1995-04-18,2022-06-22,,,confirmed,9927,9927,"27 years, 65 days",military personnel,,,,,,,
Oleksandr Kukurba,https://en.wikipedia.org/wiki/Oleksandr_Kukurba,Q111605757,1994,2022-07-26,,,possible,10069,10433,"27 years, 207 days to 28 years, 206 days",military personnel,,,,,,,
Jonathan Destin,https://en.wikipedia.org/wiki/Jonathan_Destin,Q65153523,1994-12-09,2022-08-20,,,confirmed,10116,10116,"27 years, 254 days",writer,,,,,,,
Wal,https://en.wikipedia.org/wiki/Walkie_(rapper),Q114363081,1995-05-24,2022-09-30,suicide by jumping from height,suicide,confirmed,9991,9991,"27 years, 129 days",rapper; singer-songwriter,,,,,,,
Killing of Khodanur Lojei,https://en.wikipedia.org/wiki/Killing_of_Khodanur_Lojei,Q115132680,1995-10-02,2022-10-02,,,confirmed,9862,9862,"27 years, 0 days",,,,,,,,
Karim Gazzetta,https://en.wikipedia.org/wiki/Karim_Gazzetta,Q14886299,1995-04-01,2022-11-21,,suicide,confirmed,10096,10096,"27 years, 234 days",association football player; athlete,,,,,,,
Keenan Cahill,https://en.wikipedia.org/wiki/Keenan_Cahill,Q206152,1995-03-19,2022-12-29,surgical complications,natural causes,confirmed,10147,10147,"27 years, 285 days",impressionist; Internet celebrity; vlogger,,,,,,,
Carlos Eduardo Martínez,"https://en.wikipedia.org/wiki/Carlos_Mart%C3%ADnez_(footballer,_born_1995)",Q28925125,1995-08-01,2023,,,possible,10015,10379,"27 years, 153 days to 28 years, 152 days",association football player,,,,,,,
Inbar Haiman,https://en.wikipedia.org/wiki/Inbar_Haiman,Q124398531,1996,2023,,murder,possible,9497,10226,"26 years, 1 day to 27 years, 364 days",graffiti artist; university student,,,,,,,
Dmytro Kotsiubailo,https://en.wikipedia.org/wiki/Dmytro_Kotsiubailo,Q109852431,1995-11-01,2023-03-07,,death in battle,confirmed,9988,9988,"27 years, 126 days",military personnel,,,,,,,
Khalid Azim,https://en.wikipedia.org/wiki/Khalid_Azim,Q119398670,1995-04-29,2023-04-15,,,confirmed,10213,10213,"27 years, 351 days",politician,,,,,,,
Wang Xiaolong,https://en.wikipedia.org/wiki/Death_of_Wang_Xiaolong,Q134445612,1995,2023-04-24,,,possible,9976,10340,"27 years, 114 days to 28 years, 113 days",military personnel,,,,,,,
Ryuchell,https://en.wikipedia.org/wiki/Ryuchell,Q24260049,1995-09-29,2023-07-12,hanging to death,suicide,confirmed,10148,10148,"27 years, 286 days",LGBTQ rights activist; model; representative director; singer; tarento,,,,,,,
Gboyega Odubanjo,https://en.wikipedia.org/wiki/Gboyega_Odubanjo,Q112036567,1996-01-30,2023-08,,,confirmed,10045,10075,"27 years, 183 days to 27 years, 213 days",editor; poet,,,,,,,
Paollo Madeira,https://en.wikipedia.org/wiki/Paollo_Madeira,Q122022689,1996-07-08,2023-08-12,,,confirmed,9896,9896,"27 years, 35 days",association football player,,,,,,,
MohBad,https://en.wikipedia.org/wiki/MohBad,Q119700248,1996-01-03,2023-09-12,,,confirmed,10114,10114,"27 years, 252 days",rapper; singer; songwriter,,,,,,,
Maddy Cusack,https://en.wikipedia.org/wiki/Maddy_Cusack,Q97722149,1995-10-28,2023-09-20,,,confirmed,10189,10189,"27 years, 327 days",association football player; marketing executive,,,,,,,
Mohammad Al-Salhi,https://en.wikipedia.org/wiki/Mohammad_Al-Salhi,Q123744371,1995,2023-10-07,shooting,homicide,possible,10142,10506,"27 years, 280 days to 28 years, 279 days",journalist; photojournalist,,,,,,,
Ayat Khadoura,https://en.wikipedia.org/wiki/Ayat_Khadoura,Q123510336,1996,2023-11-20; 2023-11-21,airstrike,homicide,possible,9820,10186,"26 years, 324 days to 27 years, 324 days",journalist; podcaster,,,,,,,
Hamza al-Dahdouh,https://en.wikipedia.org/wiki/Hamza_Al-Dahdouh,Q124168400,1996-07-10,2024-01-07,airstrike,homicide,confirmed,10042,10042,"27 years, 181 days",journalist,,,,,,,
Jesse Baird,https://en.wikipedia.org/wiki/Jesse_Baird,Q124640889,1997,2024-02-19,,,possible,9546,9910,"26 years, 50 days to 27 years, 49 days",television presenter,,,,,,,
Jayden Archer,https://en.wikipedia.org/wiki/Jayo_Archer,Q124632025,1996-12-18,2024-02-21,motorcycle accident,,confirmed,9926,9926,"27 years, 65 days",motocross rider,,,,,,,
Brigitte Garcia,https://en.wikipedia.org/wiki/Brigitte_Garc%C3%ADa,Q125128061,1997-01-27,2024-03-23; 2024-03-24,,,confirmed,9917,9918,"27 years, 56 days to 27 years, 57 days",politician,,,,,,,
Chance Perdomo,https://en.wikipedia.org/wiki/Chance_Perdomo,Q54827536,1996-10-19,2024-03-29,motorcycle accident,accidental death,confirmed,10023,10023,"27 years, 162 days",actor,,,,,,,
Dutty Dior,https://en.wikipedia.org/wiki/Dutty_Dior,Q64413054,1996-11-30,2024-04-06,,,confirmed,9989,9989,"27 years, 128 days",rapper; singer; songwriter,,,,,,,
Umm Fahad,https://en.wikipedia.org/wiki/Umm_Fahad,Q125657789,1996,2024-04-26,,,possible,9978,10343,"27 years, 117 days to 28 years, 116 days",influencer; Internet celebrity; TikToker,,,,,,,
Dylon Powley,https://en.wikipedia.org/wiki/Dylon_Powley,Q66048931,1996-09-05,2024-06-20,,,confirmed,10150,10150,"27 years, 289 days",association football player; association football referee,,,,,,,
Justin Shonga,https://en.wikipedia.org/wiki/Justin_Shonga,Q42724934,1996-11-05,2024-06-30,,natural causes,confirmed,10099,10099,"27 years, 238 days",association football player,,,,,,,
Nugzari Tsurtsamia,https://en.wikipedia.org/wiki/Nugzari_Tsurtsumia,Q52436887,1997-03-25,2024-07-03,,,confirmed,9962,9962,"27 years, 100 days",amateur wrestler,,,,,,,
Ismail al-Ghoul,https://en.wikipedia.org/wiki/Killing_of_Ismail_al-Ghoul,Q124605133,1997-01-14,2024-07-31,airstrike,homicide,confirmed,10060,10060,"27 years, 199 days",journalist; reporter,,,,,,,
Juan Izquierdo,https://en.wikipedia.org/wiki/Juan_Izquierdo,Q78749274,1997-07-04,2024-08-27,cardiac arrest,natural causes,confirmed,9916,9916,"27 years, 54 days",association football player,,,,,,,
Victoria Roshchyna,https://en.wikipedia.org/wiki/Victoria_Roshchyna,Q111305264,1996-10-06,2024-09-19,,death in custody; homicide,confirmed,10210,10210,"27 years, 349 days",human rights defender; journalist; television journalist; war correspondent,,,,,,,
Michael Newberry,https://en.wikipedia.org/wiki/Michael_Newberry_(footballer),Q122598241,1997-12-30,2024-12-30,,,confirmed,9862,9862,"27 years, 0 days",association football player,,,,,,,
Omid Sarlak,https://en.wikipedia.org/wiki/Omid_Sarlak,Q136701043,1997,2025,,,possible,9863,10591,"27 years, 1 day to 28 years, 364 days",,,,,,,,
Lucy Markovic,https://en.wikipedia.org/wiki/Lucy_Markovic,Q133854619,1998-02-19,2025-04-11,cerebral arteriovenous malformation,natural causes,confirmed,9913,9913,"27 years, 51 days",model,,,,,,,
Radheshyam Bishnoi,https://en.wikipedia.org/wiki/Radheshyam_Bishnoi,Q134588292,1997,2025-05-24,,,possible,10006,10370,"27 years, 144 days to 28 years, 143 days",,,,,,,,
Towkir Islam Sagar,https://en.wikipedia.org/wiki/Flight_Lieutenant_Towkir_Islam,Q135454786,1997-11-09,2025-07-21,,,confirmed,10116,10116,"27 years, 254 days",military personnel,,,,,,,
Moaz Abu Taha,https://en.wikipedia.org/wiki/Moaz_Abu_Taha,Q136373770,1997-09-14,2025-08-25,,homicide,confirmed,10207,10207,"27 years, 345 days",journalist,,,,,,,
Saleh al-Jafarawi,https://en.wikipedia.org/wiki/Saleh_al-Jafarawi,Q123738450,1997-11-22,2025-10-12,gunshot wound,homicide,confirmed,10186,10186,"27 years, 324 days",journalist; YouTuber,,,,,,,
Chang Wen,https://en.wikipedia.org/wiki/Chang_Wen,Q137460469,1998-03-19,2025-12-19,falling from height; traffic collision,suicide,confirmed,10137,10137,"27 years, 275 days",military personnel; security guard,,,,,,,
Sivert Bakken,https://en.wikipedia.org/wiki/Sivert_Guttorm_Bakken,Q24262643,1998-07-18,2025-12-23,,,confirmed,10020,10020,"27 years, 158 days",biathlete; cross-country skier,,,,,,,
Harimurali,https://en.wikipedia.org/wiki/Harimurali,Q138661777,1998,2026,,,possible,9863,10591,"27 years, 1 day to 28 years, 364 days",actor,,,,,,,
Aoi Fujino,https://en.wikipedia.org/wiki/Aoi_Fujino,Q109595936,1998-09-29,2026-01-05,,,confirmed,9960,9960,"27 years, 98 days",gravure idol; model,,,,,,,
Koyan Chamitha,https://en.wikipedia.org/wiki/Koyan_Chamitha,Q139381634,1998,2026-01-28,,,possible,9890,10254,"27 years, 28 days to 28 years, 27 days",,,,,,,,
Devonta Lee,https://en.wikipedia.org/wiki/Devonta_Lee,Q96575156,1999-02-20,2026-02-26,bone cancer,natural causes,confirmed,9868,9868,"27 years, 6 days",American football player,,,,,,,
Linas Banys,https://en.wikipedia.org/wiki/Linas_Banys,Q29479019,1998-04-06,2026-03-20,,,confirmed,10210,10210,"27 years, 348 days",biathlete,,,,,,,
Misua,https://en.wikipedia.org/wiki/Misua_(drag_queen),Q138861066,1998-07-05,2026-04-02,,,confirmed,10133,10133,"27 years, 271 days",drag queen; graphic designer,,,,,,,
Ben Aziz Zagré,https://en.wikipedia.org/wiki/Ben_Aziz_Zagr%C3%A9,Q106293917,1998-12-31,2026-06-07,cancer,natural causes,confirmed,10020,10020,"27 years, 158 days",association football player,,,,,,,
Gamal Mohamed,https://en.wikipedia.org/wiki/Gamal_Mohamed_(wrestler),Q55389628,1999-02-28,2026-06-28,myocardial infarction,natural causes,confirmed,9982,9982,"27 years, 120 days",amateur wrestler,,,,,,,
Nathan Fitzgerald,https://en.wikipedia.org/wiki/Nathan_Fitzgerald,Q140454979,1998; 1999,2026-07-06,,,possible,9684,10413,"26 years, 187 days to 28 years, 186 days",association football player,,,,,,,
David Owori,https://en.wikipedia.org/wiki/David_Owori,Q135934925,1998-09-23,2026-08-05,,,confirmed,10178,10178,"27 years, 316 days",association football player,,,,,,,
